
o id 1 model 1
v -0.714300 -0.038400 -1.853000
v -0.715000 -0.029000 -1.845100
v -0.715000 -0.038600 -1.854400
v -0.715000 -0.029000 -1.845100
v -0.714300 -0.038400 -1.853000
v -0.714300 -0.028700 -1.844200
v -0.714300 -0.028700 -1.844200
v -0.715000 -0.021400 -1.840900
v -0.715000 -0.029000 -1.845100
v -0.706500 -0.038900 -1.837600
v -0.714300 -0.028700 -1.844200
v -0.714300 -0.038400 -1.853000
v -0.715000 -0.021400 -1.840900
v -0.714300 -0.028700 -1.844200
v -0.714300 -0.021300 -1.839900
v -0.714300 -0.021300 -1.839900
v -0.715000 -0.012900 -1.838900
v -0.715000 -0.021400 -1.840900
v -0.714300 -0.028700 -1.844200
v -0.706500 -0.038900 -1.837600
v -0.706500 -0.025000 -1.826200
v -0.714300 -0.021300 -1.839900
v -0.714300 -0.028700 -1.844200
v -0.706500 -0.025000 -1.826200
v -0.691700 -0.038900 -1.815400
v -0.706500 -0.025000 -1.826200
v -0.706500 -0.038900 -1.837600
v -0.715000 -0.012900 -1.838900
v -0.714300 -0.021300 -1.839900
v -0.714300 -0.012600 -1.838000
v -0.706500 -0.025000 -1.826200
v -0.714300 -0.012600 -1.838000
v -0.714300 -0.021300 -1.839900
v -0.714300 -0.012600 -1.838000
v -0.715000 -0.005900 -1.839500
v -0.715000 -0.012900 -1.838900
v -0.706500 -0.025000 -1.826200
v -0.691700 -0.038900 -1.815400
v -0.691700 -0.025000 -1.804000
v -0.674800 -0.038900 -1.799800
v -0.691700 -0.025000 -1.804000
v -0.691700 -0.038900 -1.815400
v -0.714300 -0.012600 -1.838000
v -0.706500 -0.025000 -1.826200
v -0.706500 -0.009200 -1.822300
v -0.691700 -0.025000 -1.804000
v -0.706500 -0.009200 -1.822300
v -0.706500 -0.025000 -1.826200
v -0.691700 -0.025000 -1.804000
v -0.674800 -0.038900 -1.799800
v -0.674800 -0.025000 -1.788300
v -0.661500 -0.038900 -1.798500
v -0.674800 -0.025000 -1.788300
v -0.674800 -0.038900 -1.799800
v -0.674800 -0.025000 -1.788300
v -0.661500 -0.038900 -1.798500
v -0.661500 -0.025000 -1.787100
v -0.706500 -0.009200 -1.822300
v -0.691700 -0.025000 -1.804000
v -0.691700 -0.009200 -1.800100
v -0.674800 -0.025000 -1.788300
v -0.691700 -0.009200 -1.800100
v -0.691700 -0.025000 -1.804000
v -0.661500 -0.025000 -1.787100
v -0.674800 -0.009200 -1.784400
v -0.674800 -0.025000 -1.788300
v -0.691700 -0.009200 -1.800100
v -0.674800 -0.025000 -1.788300
v -0.674800 -0.009200 -1.784400
v -0.674800 -0.009200 -1.784400
v -0.661500 -0.025000 -1.787100
v -0.661500 -0.009200 -1.783200
v -0.661500 -0.009200 -1.783200
v -0.674800 0.004300 -1.789200
v -0.674800 -0.009200 -1.784400
v -0.674800 0.004300 -1.789200
v -0.661500 -0.009200 -1.783200
v -0.661500 0.004300 -1.787900
v -0.674800 0.019100 -1.805100
v -0.661500 0.004300 -1.787900
v -0.661500 0.019100 -1.803900
v -0.661500 0.004300 -1.787900
v -0.674800 0.019100 -1.805100
v -0.674800 0.004300 -1.789200
v -0.691700 0.019100 -1.820800
v -0.674800 0.004300 -1.789200
v -0.674800 0.019100 -1.805100
v -0.691700 0.004300 -1.804800
v -0.674800 -0.009200 -1.784400
v -0.674800 0.004300 -1.789200
v -0.674800 0.004300 -1.789200
v -0.691700 0.019100 -1.820800
v -0.691700 0.004300 -1.804800
v -0.674800 -0.009200 -1.784400
v -0.691700 0.004300 -1.804800
v -0.691700 -0.009200 -1.800100
v -0.706500 0.019100 -1.843000
v -0.691700 0.004300 -1.804800
v -0.691700 0.019100 -1.820800
v -0.706500 0.004300 -1.827000
v -0.691700 -0.009200 -1.800100
v -0.691700 0.004300 -1.804800
v -0.691700 0.004300 -1.804800
v -0.706500 0.019100 -1.843000
v -0.706500 0.004300 -1.827000
v -0.691700 -0.009200 -1.800100
v -0.706500 0.004300 -1.827000
v -0.706500 -0.009200 -1.822300
v -0.706500 0.004300 -1.827000
v -0.714300 -0.005700 -1.838600
v -0.706500 -0.009200 -1.822300
v -0.714300 -0.005700 -1.838600
v -0.714300 -0.012600 -1.838000
v -0.706500 -0.009200 -1.822300
v -0.715000 -0.005900 -1.839500
v -0.714300 -0.012600 -1.838000
v -0.714300 -0.005700 -1.838600
v -0.714300 -0.005700 -1.838600
v -0.715000 -0.001700 -1.846700
v -0.715000 -0.005900 -1.839500
v -0.715000 -0.001700 -1.846700
v -0.714300 -0.005700 -1.838600
v -0.714300 -0.001400 -1.845800
v -0.714300 -0.005700 -1.838600
v -0.706500 0.004300 -1.827000
v -0.714300 -0.001400 -1.845800
v -0.714300 -0.001400 -1.845800
v -0.715000 0.000400 -1.855900
v -0.715000 -0.001700 -1.846700
v -0.706500 0.004300 -1.827000
v -0.714300 0.000800 -1.855000
v -0.714300 -0.001400 -1.845800
v -0.715000 0.000400 -1.855900
v -0.714300 -0.001400 -1.845800
v -0.714300 0.000800 -1.855000
v -0.714300 0.000800 -1.855000
v -0.706500 0.004300 -1.827000
v -0.706500 0.019100 -1.843000
v -0.714300 0.001000 -1.855600
v -0.715000 0.000400 -1.855900
v -0.714300 0.000800 -1.855000
v -0.715000 0.000400 -1.855900
v -0.714300 0.001000 -1.855600
v -0.715000 0.000500 -1.856500
v -0.714300 0.001300 -1.855900
v -0.715000 0.000500 -1.856500
v -0.714300 0.001000 -1.855600
v -0.714300 0.000800 -1.855000
v -0.714300 0.001300 -1.855900
v -0.714300 0.001000 -1.855600
v -0.715000 0.000500 -1.856500
v -0.714300 0.001300 -1.855900
v -0.715000 0.000900 -1.856800
v -0.714300 0.000800 -1.855000
v -0.706500 0.019100 -1.843000
v -0.714300 0.008800 -1.861200
v -0.714300 0.000800 -1.855000
v -0.714300 0.008800 -1.861200
v -0.714300 0.001300 -1.855900
v -0.714300 0.008800 -1.861200
v -0.715000 0.000900 -1.856800
v -0.714300 0.001300 -1.855900
v -0.715000 0.000900 -1.856800
v -0.714300 0.008800 -1.861200
v -0.715000 0.008400 -1.862200
v -0.714300 0.017500 -1.859000
v -0.714300 0.008800 -1.861200
v -0.706500 0.019100 -1.843000
v -0.715000 0.017300 -1.859900
v -0.714300 0.008800 -1.861200
v -0.714300 0.017500 -1.859000
v -0.714300 0.008800 -1.861200
v -0.715000 0.017300 -1.859900
v -0.715000 0.008400 -1.862200
v -0.768600 0.004300 -1.788000
v -0.755300 0.019100 -1.805200
v -0.768600 0.019100 -1.803900
v -0.755300 0.019100 -1.805200
v -0.768600 0.004300 -1.788000
v -0.755300 0.004300 -1.789200
v -0.755300 0.004300 -1.789200
v -0.738400 0.019100 -1.820800
v -0.755300 0.019100 -1.805200
v -0.768600 -0.009100 -1.783200
v -0.755300 0.004300 -1.789200
v -0.768600 0.004300 -1.788000
v -0.738400 0.019100 -1.820800
v -0.755300 0.004300 -1.789200
v -0.738400 0.004300 -1.804800
v -0.755300 0.004300 -1.789200
v -0.768600 -0.009100 -1.783200
v -0.755300 -0.009100 -1.784500
v -0.755300 -0.009100 -1.784500
v -0.738400 0.004300 -1.804800
v -0.755300 0.004300 -1.789200
v -0.768600 -0.025000 -1.787100
v -0.755300 -0.009100 -1.784500
v -0.768600 -0.009100 -1.783200
v -0.738400 0.004300 -1.804800
v -0.723600 0.019100 -1.843000
v -0.738400 0.019100 -1.820800
v -0.755300 -0.009100 -1.784500
v -0.768600 -0.025000 -1.787100
v -0.755300 -0.025000 -1.788400
v -0.768600 -0.038800 -1.798600
v -0.755300 -0.025000 -1.788400
v -0.768600 -0.025000 -1.787100
v -0.755300 -0.025000 -1.788400
v -0.768600 -0.038800 -1.798600
v -0.755300 -0.038800 -1.799800
v -0.738400 0.004300 -1.804800
v -0.755300 -0.009100 -1.784500
v -0.738400 -0.009100 -1.800100
v -0.755300 -0.025000 -1.788400
v -0.738400 -0.009100 -1.800100
v -0.755300 -0.009100 -1.784500
v -0.755300 -0.038800 -1.799800
v -0.738400 -0.025000 -1.804000
v -0.755300 -0.025000 -1.788400
v -0.738400 -0.009100 -1.800100
v -0.755300 -0.025000 -1.788400
v -0.738400 -0.025000 -1.804000
v -0.738400 -0.025000 -1.804000
v -0.755300 -0.038800 -1.799800
v -0.738400 -0.038800 -1.815400
v -0.738400 -0.009100 -1.800100
v -0.723600 0.004300 -1.827000
v -0.738400 0.004300 -1.804800
v -0.723600 0.019100 -1.843000
v -0.738400 0.004300 -1.804800
v -0.723600 0.004300 -1.827000
v -0.738400 -0.038800 -1.815400
v -0.723600 -0.025000 -1.826200
v -0.738400 -0.025000 -1.804000
v -0.723600 -0.025000 -1.826200
v -0.738400 -0.038800 -1.815400
v -0.723600 -0.038800 -1.837600
v -0.738400 -0.025000 -1.804000
v -0.723600 -0.009100 -1.822300
v -0.738400 -0.009100 -1.800100
v -0.723600 -0.009100 -1.822300
v -0.738400 -0.025000 -1.804000
v -0.723600 -0.025000 -1.826200
v -0.723600 0.004300 -1.827000
v -0.738400 -0.009100 -1.800100
v -0.723600 -0.009100 -1.822300
v -0.723600 -0.038800 -1.837600
v -0.715700 -0.028700 -1.844200
v -0.723600 -0.025000 -1.826200
v -0.715700 -0.028700 -1.844200
v -0.723600 -0.038800 -1.837600
v -0.715700 -0.038300 -1.853500
v -0.715000 -0.038600 -1.854400
v -0.715700 -0.028700 -1.844200
v -0.715700 -0.038300 -1.853500
v -0.715700 -0.028700 -1.844200
v -0.715000 -0.038600 -1.854400
v -0.715000 -0.029000 -1.845100
v -0.715000 -0.029000 -1.845100
v -0.715700 -0.021200 -1.839900
v -0.715700 -0.028700 -1.844200
v -0.715700 -0.021200 -1.839900
v -0.723600 -0.025000 -1.826200
v -0.715700 -0.028700 -1.844200
v -0.715700 -0.021200 -1.839900
v -0.715000 -0.029000 -1.845100
v -0.715000 -0.021400 -1.840900
v -0.715700 -0.012600 -1.837900
v -0.723600 -0.025000 -1.826200
v -0.715700 -0.021200 -1.839900
v -0.715000 -0.021400 -1.840900
v -0.715700 -0.012600 -1.837900
v -0.715700 -0.021200 -1.839900
v -0.723600 -0.025000 -1.826200
v -0.715700 -0.012600 -1.837900
v -0.723600 -0.009100 -1.822300
v -0.715700 -0.012600 -1.837900
v -0.715000 -0.021400 -1.840900
v -0.715000 -0.012900 -1.838900
v -0.715000 -0.012900 -1.838900
v -0.715700 -0.005700 -1.838500
v -0.715700 -0.012600 -1.837900
v -0.715700 -0.005700 -1.838500
v -0.723600 -0.009100 -1.822300
v -0.715700 -0.012600 -1.837900
v -0.715700 -0.005700 -1.838500
v -0.723600 0.004300 -1.827000
v -0.723600 -0.009100 -1.822300
v -0.715700 -0.005700 -1.838500
v -0.715000 -0.012900 -1.838900
v -0.715000 -0.005900 -1.839500
v -0.715000 -0.005900 -1.839500
v -0.715700 -0.001400 -1.845800
v -0.715700 -0.005700 -1.838500
v -0.723600 0.004300 -1.827000
v -0.715700 -0.005700 -1.838500
v -0.715700 -0.001400 -1.845800
v -0.715700 -0.001400 -1.845800
v -0.715000 -0.005900 -1.839500
v -0.715000 -0.001700 -1.846700
v -0.715700 -0.001400 -1.845800
v -0.723600 0.019100 -1.843000
v -0.723600 0.004300 -1.827000
v -0.715000 -0.001700 -1.846700
v -0.715700 0.000900 -1.855000
v -0.715700 -0.001400 -1.845800
v -0.723600 0.019100 -1.843000
v -0.715700 -0.001400 -1.845800
v -0.715700 0.000900 -1.855000
v -0.715700 0.000900 -1.855000
v -0.715000 -0.001700 -1.846700
v -0.715000 0.000400 -1.855900
v -0.715000 0.000500 -1.856500
v -0.715700 0.000900 -1.855000
v -0.715000 0.000400 -1.855900
v -0.715700 0.000900 -1.855000
v -0.715000 0.000500 -1.856500
v -0.715700 0.001000 -1.855600
v -0.723600 0.019100 -1.843000
v -0.715700 0.000900 -1.855000
v -0.715700 0.001000 -1.855600
v -0.715000 0.000900 -1.856800
v -0.715700 0.001000 -1.855600
v -0.715000 0.000500 -1.856500
v -0.715700 0.001000 -1.855600
v -0.715000 0.000900 -1.856800
v -0.715700 0.001400 -1.855900
v -0.723600 0.019100 -1.843000
v -0.715700 0.001000 -1.855600
v -0.715700 0.001400 -1.855900
v -0.715000 0.008400 -1.862200
v -0.715700 0.001400 -1.855900
v -0.715000 0.000900 -1.856800
v -0.723600 0.019100 -1.843000
v -0.715700 0.001400 -1.855900
v -0.715700 0.008800 -1.861300
v -0.715700 0.001400 -1.855900
v -0.715000 0.008400 -1.862200
v -0.715700 0.008800 -1.861300
v -0.715700 0.017600 -1.859000
v -0.723600 0.019100 -1.843000
v -0.715700 0.008800 -1.861300
v -0.715000 0.008400 -1.862200
v -0.715700 0.017600 -1.859000
v -0.715700 0.008800 -1.861300
v -0.715700 0.017600 -1.859000
v -0.715000 0.008400 -1.862200
v -0.715000 0.017300 -1.859900
v 0.715000 -0.029000 -1.845100
v 0.714300 -0.038400 -1.853000
v 0.715000 -0.038600 -1.854400
v 0.714300 -0.038400 -1.853000
v 0.715000 -0.029000 -1.845100
v 0.714300 -0.028700 -1.844200
v 0.714300 -0.028700 -1.844200
v 0.706500 -0.038900 -1.837600
v 0.714300 -0.038400 -1.853000
v 0.715000 -0.021400 -1.840900
v 0.714300 -0.028700 -1.844200
v 0.715000 -0.029000 -1.845100
v 0.706500 -0.038900 -1.837600
v 0.714300 -0.028700 -1.844200
v 0.706500 -0.025000 -1.826200
v 0.706500 -0.025000 -1.826200
v 0.691700 -0.038900 -1.815400
v 0.706500 -0.038900 -1.837600
v 0.714300 -0.028700 -1.844200
v 0.715000 -0.021400 -1.840900
v 0.714300 -0.021300 -1.839900
v 0.714300 -0.021300 -1.839900
v 0.706500 -0.025000 -1.826200
v 0.714300 -0.028700 -1.844200
v 0.715000 -0.012900 -1.838900
v 0.714300 -0.021300 -1.839900
v 0.715000 -0.021400 -1.840900
v 0.714300 -0.021300 -1.839900
v 0.715000 -0.012900 -1.838900
v 0.714300 -0.012600 -1.838000
v 0.714300 -0.012600 -1.838000
v 0.706500 -0.025000 -1.826200
v 0.714300 -0.021300 -1.839900
v 0.715000 -0.005900 -1.839500
v 0.714300 -0.012600 -1.838000
v 0.715000 -0.012900 -1.838900
v 0.691700 -0.038900 -1.815400
v 0.706500 -0.025000 -1.826200
v 0.691700 -0.025000 -1.804000
v 0.691700 -0.025000 -1.804000
v 0.674800 -0.038900 -1.799800
v 0.691700 -0.038900 -1.815400
v 0.706500 -0.025000 -1.826200
v 0.714300 -0.012600 -1.838000
v 0.706500 -0.009200 -1.822300
v 0.706500 -0.009200 -1.822300
v 0.691700 -0.025000 -1.804000
v 0.706500 -0.025000 -1.826200
v 0.674800 -0.038900 -1.799800
v 0.691700 -0.025000 -1.804000
v 0.674800 -0.025000 -1.788300
v 0.674800 -0.025000 -1.788300
v 0.661500 -0.038900 -1.798500
v 0.674800 -0.038900 -1.799800
v 0.661500 -0.038900 -1.798500
v 0.674800 -0.025000 -1.788300
v 0.661500 -0.025000 -1.787100
v 0.691700 -0.025000 -1.804000
v 0.706500 -0.009200 -1.822300
v 0.691700 -0.009200 -1.800100
v 0.691700 -0.009200 -1.800100
v 0.674800 -0.025000 -1.788300
v 0.691700 -0.025000 -1.804000
v 0.674800 -0.009200 -1.784400
v 0.661500 -0.025000 -1.787100
v 0.674800 -0.025000 -1.788300
v 0.674800 -0.025000 -1.788300
v 0.691700 -0.009200 -1.800100
v 0.674800 -0.009200 -1.784400
v 0.661500 -0.025000 -1.787100
v 0.674800 -0.009200 -1.784400
v 0.661500 -0.009200 -1.783200
v 0.714300 -0.005700 -1.838600
v 0.706500 -0.009200 -1.822300
v 0.714300 -0.012600 -1.838000
v 0.714300 -0.012600 -1.838000
v 0.715000 -0.005900 -1.839500
v 0.714300 -0.005700 -1.838600
v 0.715000 -0.001700 -1.846700
v 0.714300 -0.005700 -1.838600
v 0.715000 -0.005900 -1.839500
v 0.674800 0.004300 -1.789200
v 0.661500 -0.009200 -1.783200
v 0.674800 -0.009200 -1.784400
v 0.661500 -0.009200 -1.783200
v 0.674800 0.004300 -1.789200
v 0.661500 0.004300 -1.787900
v 0.661500 0.004300 -1.787900
v 0.674800 0.019100 -1.805100
v 0.661500 0.019100 -1.803900
v 0.674800 0.019100 -1.805100
v 0.661500 0.004300 -1.787900
v 0.674800 0.004300 -1.789200
v 0.674800 0.004300 -1.789200
v 0.691700 0.019100 -1.820800
v 0.674800 0.019100 -1.805100
v 0.691700 0.019100 -1.820800
v 0.674800 0.004300 -1.789200
v 0.691700 0.004300 -1.804800
v 0.674800 -0.009200 -1.784400
v 0.691700 0.004300 -1.804800
v 0.674800 0.004300 -1.789200
v 0.691700 0.004300 -1.804800
v 0.674800 -0.009200 -1.784400
v 0.691700 -0.009200 -1.800100
v 0.691700 0.004300 -1.804800
v 0.706500 0.019100 -1.843000
v 0.691700 0.019100 -1.820800
v 0.691700 -0.009200 -1.800100
v 0.706500 0.004300 -1.827000
v 0.691700 0.004300 -1.804800
v 0.706500 0.019100 -1.843000
v 0.691700 0.004300 -1.804800
v 0.706500 0.004300 -1.827000
v 0.706500 0.004300 -1.827000
v 0.691700 -0.009200 -1.800100
v 0.706500 -0.009200 -1.822300
v 0.714300 -0.005700 -1.838600
v 0.706500 0.004300 -1.827000
v 0.706500 -0.009200 -1.822300
v 0.714300 -0.005700 -1.838600
v 0.715000 -0.001700 -1.846700
v 0.714300 -0.001500 -1.845800
v 0.706500 0.004300 -1.827000
v 0.714300 -0.005700 -1.838600
v 0.714300 -0.001500 -1.845800
v 0.715000 0.000400 -1.855900
v 0.714300 -0.001500 -1.845800
v 0.715000 -0.001700 -1.846700
v 0.714300 0.000800 -1.855000
v 0.706500 0.004300 -1.827000
v 0.714300 -0.001500 -1.845800
v 0.706500 0.004300 -1.827000
v 0.714300 0.000800 -1.855000
v 0.706500 0.019100 -1.843000
v 0.714300 -0.001500 -1.845800
v 0.715000 0.000400 -1.855900
v 0.714300 0.000800 -1.855000
v 0.715000 0.000400 -1.855900
v 0.714300 0.001000 -1.855600
v 0.714300 0.000800 -1.855000
v 0.714300 0.001000 -1.855600
v 0.715000 0.000400 -1.855900
v 0.715000 0.000500 -1.856500
v 0.715000 0.000500 -1.856500
v 0.714300 0.001300 -1.855900
v 0.714300 0.001000 -1.855600
v 0.714300 0.000800 -1.855000
v 0.714300 0.001000 -1.855600
v 0.714300 0.001300 -1.855900
v 0.714300 0.001300 -1.855900
v 0.715000 0.000500 -1.856500
v 0.715000 0.000900 -1.856800
v 0.715000 0.000900 -1.856800
v 0.714300 0.008800 -1.861200
v 0.714300 0.001300 -1.855900
v 0.714300 0.000800 -1.855000
v 0.714300 0.001300 -1.855900
v 0.714300 0.008800 -1.861200
v 0.714300 0.000800 -1.855000
v 0.714300 0.008800 -1.861200
v 0.706500 0.019100 -1.843000
v 0.714300 0.008800 -1.861200
v 0.715000 0.000900 -1.856800
v 0.715000 0.008400 -1.862200
v 0.714300 0.017500 -1.859000
v 0.706500 0.019100 -1.843000
v 0.714300 0.008800 -1.861200
v 0.715000 0.017300 -1.859900
v 0.714300 0.008800 -1.861200
v 0.715000 0.008400 -1.862200
v 0.714300 0.008800 -1.861200
v 0.715000 0.017300 -1.859900
v 0.714300 0.017500 -1.859000
v 0.755300 0.019100 -1.805200
v 0.768600 0.004300 -1.788000
v 0.768600 0.019100 -1.803900
v 0.768600 0.004300 -1.788000
v 0.755300 0.019100 -1.805200
v 0.755300 0.004300 -1.789200
v 0.755300 0.004300 -1.789200
v 0.768600 -0.009100 -1.783200
v 0.768600 0.004300 -1.788000
v 0.738400 0.019100 -1.820800
v 0.755300 0.004300 -1.789200
v 0.755300 0.019100 -1.805200
v 0.768600 -0.009100 -1.783200
v 0.755300 0.004300 -1.789200
v 0.755300 -0.009100 -1.784500
v 0.755300 -0.009100 -1.784500
v 0.768600 -0.025000 -1.787100
v 0.768600 -0.009100 -1.783200
v 0.755300 0.004300 -1.789200
v 0.738400 0.019100 -1.820800
v 0.738400 0.004300 -1.804800
v 0.738400 0.004300 -1.804800
v 0.755300 -0.009100 -1.784500
v 0.755300 0.004300 -1.789200
v 0.723600 0.019100 -1.843000
v 0.738400 0.004300 -1.804800
v 0.738400 0.019100 -1.820800
v 0.768600 -0.025000 -1.787100
v 0.755300 -0.009100 -1.784500
v 0.755300 -0.025000 -1.788400
v 0.755300 -0.025000 -1.788400
v 0.768600 -0.038800 -1.798600
v 0.768600 -0.025000 -1.787100
v 0.768600 -0.038800 -1.798600
v 0.755300 -0.025000 -1.788400
v 0.755300 -0.038800 -1.799800
v 0.755300 -0.009100 -1.784500
v 0.738400 0.004300 -1.804800
v 0.738400 -0.009100 -1.800100
v 0.738400 -0.009100 -1.800100
v 0.755300 -0.025000 -1.788400
v 0.755300 -0.009100 -1.784500
v 0.738400 -0.025000 -1.804000
v 0.755300 -0.038800 -1.799800
v 0.755300 -0.025000 -1.788400
v 0.755300 -0.025000 -1.788400
v 0.738400 -0.009100 -1.800100
v 0.738400 -0.025000 -1.804000
v 0.755300 -0.038800 -1.799800
v 0.738400 -0.025000 -1.804000
v 0.738400 -0.038800 -1.815400
v 0.723600 0.004300 -1.827000
v 0.738400 -0.009100 -1.800100
v 0.738400 0.004300 -1.804800
v 0.738400 0.004300 -1.804800
v 0.723600 0.019100 -1.843000
v 0.723600 0.004300 -1.827000
v 0.723600 -0.009100 -1.822300
v 0.738400 -0.025000 -1.804000
v 0.738400 -0.009100 -1.800100
v 0.738400 -0.009100 -1.800100
v 0.723600 0.004300 -1.827000
v 0.723600 -0.009100 -1.822300
v 0.723600 -0.025000 -1.826200
v 0.738400 -0.038800 -1.815400
v 0.738400 -0.025000 -1.804000
v 0.738400 -0.025000 -1.804000
v 0.723600 -0.009100 -1.822300
v 0.723600 -0.025000 -1.826200
v 0.738400 -0.038800 -1.815400
v 0.723600 -0.025000 -1.826200
v 0.723600 -0.038800 -1.837600
v 0.723600 0.004300 -1.827000
v 0.715700 -0.005700 -1.838500
v 0.723600 -0.009100 -1.822300
v 0.715700 -0.028700 -1.844200
v 0.723600 -0.038800 -1.837600
v 0.723600 -0.025000 -1.826200
v 0.723600 -0.038800 -1.837600
v 0.715700 -0.028700 -1.844200
v 0.715700 -0.038300 -1.853500
v 0.715700 -0.028700 -1.844200
v 0.715000 -0.038600 -1.854400
v 0.715700 -0.038300 -1.853500
v 0.715000 -0.038600 -1.854400
v 0.715700 -0.028700 -1.844200
v 0.715000 -0.029000 -1.845100
v 0.715700 -0.012600 -1.837900
v 0.723600 -0.025000 -1.826200
v 0.723600 -0.009100 -1.822300
v 0.715700 -0.005700 -1.838500
v 0.715700 -0.012600 -1.837900
v 0.723600 -0.009100 -1.822300
v 0.715700 -0.021200 -1.839900
v 0.715700 -0.028700 -1.844200
v 0.723600 -0.025000 -1.826200
v 0.715700 -0.021200 -1.839900
v 0.715000 -0.029000 -1.845100
v 0.715700 -0.028700 -1.844200
v 0.723600 -0.025000 -1.826200
v 0.715700 -0.012600 -1.837900
v 0.715700 -0.021200 -1.839900
v 0.715000 -0.029000 -1.845100
v 0.715700 -0.021200 -1.839900
v 0.715000 -0.021400 -1.840900
v 0.715700 -0.012600 -1.837900
v 0.715000 -0.021400 -1.840900
v 0.715700 -0.021200 -1.839900
v 0.715000 -0.021400 -1.840900
v 0.715700 -0.012600 -1.837900
v 0.715000 -0.012900 -1.838900
v 0.715700 -0.005700 -1.838500
v 0.715000 -0.012900 -1.838900
v 0.715700 -0.012600 -1.837900
v 0.715000 -0.012900 -1.838900
v 0.715700 -0.005700 -1.838500
v 0.715000 -0.005900 -1.839500
v 0.715700 -0.001400 -1.845800
v 0.715000 -0.005900 -1.839500
v 0.715700 -0.005700 -1.838500
v 0.715700 -0.005700 -1.838500
v 0.723600 0.004300 -1.827000
v 0.715700 -0.001400 -1.845800
v 0.715000 -0.005900 -1.839500
v 0.715700 -0.001400 -1.845800
v 0.715000 -0.001700 -1.846700
v 0.723600 0.019100 -1.843000
v 0.715700 -0.001400 -1.845800
v 0.723600 0.004300 -1.827000
v 0.715700 -0.001400 -1.845800
v 0.723600 0.019100 -1.843000
v 0.715700 0.000900 -1.855000
v 0.715700 0.000900 -1.855000
v 0.715000 -0.001700 -1.846700
v 0.715700 -0.001400 -1.845800
v 0.715000 -0.001700 -1.846700
v 0.715700 0.000900 -1.855000
v 0.715000 0.000400 -1.855900
v 0.715700 0.000900 -1.855000
v 0.715000 0.000500 -1.856500
v 0.715000 0.000400 -1.855900
v 0.715000 0.000500 -1.856500
v 0.715700 0.000900 -1.855000
v 0.715700 0.001000 -1.855600
v 0.723600 0.019100 -1.843000
v 0.715700 0.001000 -1.855600
v 0.715700 0.000900 -1.855000
v 0.715700 0.001000 -1.855600
v 0.715000 0.000900 -1.856800
v 0.715000 0.000500 -1.856500
v 0.715000 0.000900 -1.856800
v 0.715700 0.001000 -1.855600
v 0.715700 0.001400 -1.855900
v 0.723600 0.019100 -1.843000
v 0.715700 0.001400 -1.855900
v 0.715700 0.001000 -1.855600
v 0.715700 0.001400 -1.855900
v 0.715000 0.008400 -1.862200
v 0.715000 0.000900 -1.856800
v 0.723600 0.019100 -1.843000
v 0.715700 0.008800 -1.861300
v 0.715700 0.001400 -1.855900
v 0.715000 0.008400 -1.862200
v 0.715700 0.001400 -1.855900
v 0.715700 0.008800 -1.861300
v 0.715700 0.017600 -1.859000
v 0.715700 0.008800 -1.861300
v 0.723600 0.019100 -1.843000
v 0.715700 0.017600 -1.859000
v 0.715000 0.008400 -1.862200
v 0.715700 0.008800 -1.861300
v 0.715000 0.008400 -1.862200
v 0.715700 0.017600 -1.859000
v 0.715000 0.017300 -1.859900
v 0.715000 0.017300 -1.859900
v 0.715700 0.017600 -1.859000
v 0.715000 0.008400 -1.862200
v 0.715700 0.008800 -1.861300
v 0.715000 0.008400 -1.862200
v 0.715700 0.017600 -1.859000
v 0.723600 0.019100 -1.843000
v 0.715700 0.008800 -1.861300
v 0.715700 0.017600 -1.859000
v 0.715700 0.008800 -1.861300
v 0.715700 0.001400 -1.855900
v 0.715000 0.008400 -1.862200
v 0.715700 0.001400 -1.855900
v 0.715700 0.008800 -1.861300
v 0.723600 0.019100 -1.843000
v 0.715000 0.000900 -1.856800
v 0.715000 0.008400 -1.862200
v 0.715700 0.001400 -1.855900
v 0.715700 0.001000 -1.855600
v 0.715700 0.001400 -1.855900
v 0.723600 0.019100 -1.843000
v 0.715700 0.001400 -1.855900
v 0.715700 0.001000 -1.855600
v 0.715000 0.000900 -1.856800
v 0.715000 0.000500 -1.856500
v 0.715000 0.000900 -1.856800
v 0.715700 0.001000 -1.855600
v 0.715700 0.000900 -1.855000
v 0.715700 0.001000 -1.855600
v 0.723600 0.019100 -1.843000
v 0.715700 0.001000 -1.855600
v 0.715700 0.000900 -1.855000
v 0.715000 0.000500 -1.856500
v 0.715000 0.000400 -1.855900
v 0.715000 0.000500 -1.856500
v 0.715700 0.000900 -1.855000
v 0.715000 0.000400 -1.855900
v 0.715700 0.000900 -1.855000
v 0.715000 -0.001700 -1.846700
v 0.715700 -0.001400 -1.845800
v 0.715000 -0.001700 -1.846700
v 0.715700 0.000900 -1.855000
v 0.715700 0.000900 -1.855000
v 0.723600 0.019100 -1.843000
v 0.715700 -0.001400 -1.845800
v 0.723600 0.004300 -1.827000
v 0.715700 -0.001400 -1.845800
v 0.723600 0.019100 -1.843000
v 0.715000 -0.001700 -1.846700
v 0.715700 -0.001400 -1.845800
v 0.715000 -0.005900 -1.839500
v 0.715700 -0.001400 -1.845800
v 0.723600 0.004300 -1.827000
v 0.715700 -0.005700 -1.838500
v 0.715700 -0.005700 -1.838500
v 0.715000 -0.005900 -1.839500
v 0.715700 -0.001400 -1.845800
v 0.715000 -0.005900 -1.839500
v 0.715700 -0.005700 -1.838500
v 0.715000 -0.012900 -1.838900
v 0.715700 -0.012600 -1.837900
v 0.715000 -0.012900 -1.838900
v 0.715700 -0.005700 -1.838500
v 0.715000 -0.012900 -1.838900
v 0.715700 -0.012600 -1.837900
v 0.715000 -0.021400 -1.840900
v 0.715700 -0.021200 -1.839900
v 0.715000 -0.021400 -1.840900
v 0.715700 -0.012600 -1.837900
v 0.715000 -0.021400 -1.840900
v 0.715700 -0.021200 -1.839900
v 0.715000 -0.029000 -1.845100
v 0.715700 -0.021200 -1.839900
v 0.715700 -0.012600 -1.837900
v 0.723600 -0.025000 -1.826200
v 0.715700 -0.028700 -1.844200
v 0.715000 -0.029000 -1.845100
v 0.715700 -0.021200 -1.839900
v 0.723600 -0.025000 -1.826200
v 0.715700 -0.028700 -1.844200
v 0.715700 -0.021200 -1.839900
v 0.723600 -0.009100 -1.822300
v 0.715700 -0.012600 -1.837900
v 0.715700 -0.005700 -1.838500
v 0.723600 -0.009100 -1.822300
v 0.723600 -0.025000 -1.826200
v 0.715700 -0.012600 -1.837900
v 0.715000 -0.029000 -1.845100
v 0.715700 -0.028700 -1.844200
v 0.715000 -0.038600 -1.854400
v 0.715700 -0.038300 -1.853500
v 0.715000 -0.038600 -1.854400
v 0.715700 -0.028700 -1.844200
v 0.715700 -0.038300 -1.853500
v 0.715700 -0.028700 -1.844200
v 0.723600 -0.038800 -1.837600
v 0.723600 -0.025000 -1.826200
v 0.723600 -0.038800 -1.837600
v 0.715700 -0.028700 -1.844200
v 0.723600 -0.009100 -1.822300
v 0.715700 -0.005700 -1.838500
v 0.723600 0.004300 -1.827000
v 0.723600 -0.038800 -1.837600
v 0.723600 -0.025000 -1.826200
v 0.738400 -0.038800 -1.815400
v 0.723600 -0.025000 -1.826200
v 0.723600 -0.009100 -1.822300
v 0.738400 -0.025000 -1.804000
v 0.738400 -0.025000 -1.804000
v 0.738400 -0.038800 -1.815400
v 0.723600 -0.025000 -1.826200
v 0.723600 -0.009100 -1.822300
v 0.723600 0.004300 -1.827000
v 0.738400 -0.009100 -1.800100
v 0.738400 -0.009100 -1.800100
v 0.738400 -0.025000 -1.804000
v 0.723600 -0.009100 -1.822300
v 0.723600 0.004300 -1.827000
v 0.723600 0.019100 -1.843000
v 0.738400 0.004300 -1.804800
v 0.738400 0.004300 -1.804800
v 0.738400 -0.009100 -1.800100
v 0.723600 0.004300 -1.827000
v 0.738400 -0.038800 -1.815400
v 0.738400 -0.025000 -1.804000
v 0.755300 -0.038800 -1.799800
v 0.738400 -0.025000 -1.804000
v 0.738400 -0.009100 -1.800100
v 0.755300 -0.025000 -1.788400
v 0.755300 -0.025000 -1.788400
v 0.755300 -0.038800 -1.799800
v 0.738400 -0.025000 -1.804000
v 0.755300 -0.009100 -1.784500
v 0.755300 -0.025000 -1.788400
v 0.738400 -0.009100 -1.800100
v 0.738400 -0.009100 -1.800100
v 0.738400 0.004300 -1.804800
v 0.755300 -0.009100 -1.784500
v 0.755300 -0.038800 -1.799800
v 0.755300 -0.025000 -1.788400
v 0.768600 -0.038800 -1.798600
v 0.768600 -0.025000 -1.787100
v 0.768600 -0.038800 -1.798600
v 0.755300 -0.025000 -1.788400
v 0.755300 -0.025000 -1.788400
v 0.755300 -0.009100 -1.784500
v 0.768600 -0.025000 -1.787100
v 0.738400 0.019100 -1.820800
v 0.738400 0.004300 -1.804800
v 0.723600 0.019100 -1.843000
v 0.755300 0.004300 -1.789200
v 0.755300 -0.009100 -1.784500
v 0.738400 0.004300 -1.804800
v 0.738400 0.004300 -1.804800
v 0.738400 0.019100 -1.820800
v 0.755300 0.004300 -1.789200
v 0.768600 -0.009100 -1.783200
v 0.768600 -0.025000 -1.787100
v 0.755300 -0.009100 -1.784500
v 0.755300 -0.009100 -1.784500
v 0.755300 0.004300 -1.789200
v 0.768600 -0.009100 -1.783200
v 0.755300 0.019100 -1.805200
v 0.755300 0.004300 -1.789200
v 0.738400 0.019100 -1.820800
v 0.768600 0.004300 -1.788000
v 0.768600 -0.009100 -1.783200
v 0.755300 0.004300 -1.789200
v 0.755300 0.004300 -1.789200
v 0.755300 0.019100 -1.805200
v 0.768600 0.004300 -1.788000
v 0.768600 0.019100 -1.803900
v 0.768600 0.004300 -1.788000
v 0.755300 0.019100 -1.805200
v 0.714300 0.017500 -1.859000
v 0.715000 0.017300 -1.859900
v 0.714300 0.008800 -1.861200
v 0.715000 0.008400 -1.862200
v 0.714300 0.008800 -1.861200
v 0.715000 0.017300 -1.859900
v 0.714300 0.008800 -1.861200
v 0.706500 0.019100 -1.843000
v 0.714300 0.017500 -1.859000
v 0.715000 0.008400 -1.862200
v 0.715000 0.000900 -1.856800
v 0.714300 0.008800 -1.861200
v 0.706500 0.019100 -1.843000
v 0.714300 0.008800 -1.861200
v 0.714300 0.000800 -1.855000
v 0.714300 0.008800 -1.861200
v 0.714300 0.001300 -1.855900
v 0.714300 0.000800 -1.855000
v 0.714300 0.001300 -1.855900
v 0.714300 0.008800 -1.861200
v 0.715000 0.000900 -1.856800
v 0.715000 0.000900 -1.856800
v 0.715000 0.000500 -1.856500
v 0.714300 0.001300 -1.855900
v 0.714300 0.001300 -1.855900
v 0.714300 0.001000 -1.855600
v 0.714300 0.000800 -1.855000
v 0.714300 0.001000 -1.855600
v 0.714300 0.001300 -1.855900
v 0.715000 0.000500 -1.856500
v 0.715000 0.000500 -1.856500
v 0.715000 0.000400 -1.855900
v 0.714300 0.001000 -1.855600
v 0.714300 0.000800 -1.855000
v 0.714300 0.001000 -1.855600
v 0.715000 0.000400 -1.855900
v 0.714300 0.000800 -1.855000
v 0.715000 0.000400 -1.855900
v 0.714300 -0.001500 -1.845800
v 0.706500 0.019100 -1.843000
v 0.714300 0.000800 -1.855000
v 0.706500 0.004300 -1.827000
v 0.714300 -0.001500 -1.845800
v 0.706500 0.004300 -1.827000
v 0.714300 0.000800 -1.855000
v 0.715000 -0.001700 -1.846700
v 0.714300 -0.001500 -1.845800
v 0.715000 0.000400 -1.855900
v 0.714300 -0.001500 -1.845800
v 0.714300 -0.005700 -1.838600
v 0.706500 0.004300 -1.827000
v 0.714300 -0.001500 -1.845800
v 0.715000 -0.001700 -1.846700
v 0.714300 -0.005700 -1.838600
v 0.706500 -0.009200 -1.822300
v 0.706500 0.004300 -1.827000
v 0.714300 -0.005700 -1.838600
v 0.706500 -0.009200 -1.822300
v 0.691700 -0.009200 -1.800100
v 0.706500 0.004300 -1.827000
v 0.706500 0.004300 -1.827000
v 0.691700 0.004300 -1.804800
v 0.706500 0.019100 -1.843000
v 0.691700 0.004300 -1.804800
v 0.706500 0.004300 -1.827000
v 0.691700 -0.009200 -1.800100
v 0.691700 0.019100 -1.820800
v 0.706500 0.019100 -1.843000
v 0.691700 0.004300 -1.804800
v 0.691700 -0.009200 -1.800100
v 0.674800 -0.009200 -1.784400
v 0.691700 0.004300 -1.804800
v 0.674800 0.004300 -1.789200
v 0.691700 0.004300 -1.804800
v 0.674800 -0.009200 -1.784400
v 0.691700 0.004300 -1.804800
v 0.674800 0.004300 -1.789200
v 0.691700 0.019100 -1.820800
v 0.674800 0.019100 -1.805100
v 0.691700 0.019100 -1.820800
v 0.674800 0.004300 -1.789200
v 0.674800 0.004300 -1.789200
v 0.661500 0.004300 -1.787900
v 0.674800 0.019100 -1.805100
v 0.661500 0.019100 -1.803900
v 0.674800 0.019100 -1.805100
v 0.661500 0.004300 -1.787900
v 0.661500 0.004300 -1.787900
v 0.674800 0.004300 -1.789200
v 0.661500 -0.009200 -1.783200
v 0.674800 -0.009200 -1.784400
v 0.661500 -0.009200 -1.783200
v 0.674800 0.004300 -1.789200
v 0.715000 -0.005900 -1.839500
v 0.714300 -0.005700 -1.838600
v 0.715000 -0.001700 -1.846700
v 0.714300 -0.005700 -1.838600
v 0.715000 -0.005900 -1.839500
v 0.714300 -0.012600 -1.838000
v 0.714300 -0.012600 -1.838000
v 0.706500 -0.009200 -1.822300
v 0.714300 -0.005700 -1.838600
v 0.661500 -0.009200 -1.783200
v 0.674800 -0.009200 -1.784400
v 0.661500 -0.025000 -1.787100
v 0.674800 -0.009200 -1.784400
v 0.691700 -0.009200 -1.800100
v 0.674800 -0.025000 -1.788300
v 0.674800 -0.025000 -1.788300
v 0.661500 -0.025000 -1.787100
v 0.674800 -0.009200 -1.784400
v 0.691700 -0.025000 -1.804000
v 0.674800 -0.025000 -1.788300
v 0.691700 -0.009200 -1.800100
v 0.691700 -0.009200 -1.800100
v 0.706500 -0.009200 -1.822300
v 0.691700 -0.025000 -1.804000
v 0.661500 -0.025000 -1.787100
v 0.674800 -0.025000 -1.788300
v 0.661500 -0.038900 -1.798500
v 0.674800 -0.038900 -1.799800
v 0.661500 -0.038900 -1.798500
v 0.674800 -0.025000 -1.788300
v 0.674800 -0.025000 -1.788300
v 0.691700 -0.025000 -1.804000
v 0.674800 -0.038900 -1.799800
v 0.706500 -0.025000 -1.826200
v 0.691700 -0.025000 -1.804000
v 0.706500 -0.009200 -1.822300
v 0.706500 -0.009200 -1.822300
v 0.714300 -0.012600 -1.838000
v 0.706500 -0.025000 -1.826200
v 0.691700 -0.038900 -1.815400
v 0.674800 -0.038900 -1.799800
v 0.691700 -0.025000 -1.804000
v 0.691700 -0.025000 -1.804000
v 0.706500 -0.025000 -1.826200
v 0.691700 -0.038900 -1.815400
v 0.715000 -0.012900 -1.838900
v 0.714300 -0.012600 -1.838000
v 0.715000 -0.005900 -1.839500
v 0.714300 -0.021300 -1.839900
v 0.706500 -0.025000 -1.826200
v 0.714300 -0.012600 -1.838000
v 0.714300 -0.012600 -1.838000
v 0.715000 -0.012900 -1.838900
v 0.714300 -0.021300 -1.839900
v 0.715000 -0.021400 -1.840900
v 0.714300 -0.021300 -1.839900
v 0.715000 -0.012900 -1.838900
v 0.714300 -0.028700 -1.844200
v 0.706500 -0.025000 -1.826200
v 0.714300 -0.021300 -1.839900
v 0.714300 -0.021300 -1.839900
v 0.715000 -0.021400 -1.840900
v 0.714300 -0.028700 -1.844200
v 0.706500 -0.038900 -1.837600
v 0.691700 -0.038900 -1.815400
v 0.706500 -0.025000 -1.826200
v 0.706500 -0.025000 -1.826200
v 0.714300 -0.028700 -1.844200
v 0.706500 -0.038900 -1.837600
v 0.715000 -0.029000 -1.845100
v 0.714300 -0.028700 -1.844200
v 0.715000 -0.021400 -1.840900
v 0.714300 -0.038400 -1.853000
v 0.706500 -0.038900 -1.837600
v 0.714300 -0.028700 -1.844200
v 0.714300 -0.028700 -1.844200
v 0.715000 -0.029000 -1.845100
v 0.714300 -0.038400 -1.853000
v 0.715000 -0.038600 -1.854400
v 0.714300 -0.038400 -1.853000
v 0.715000 -0.029000 -1.845100
v -0.715000 0.017300 -1.859900
v -0.715000 0.008400 -1.862200
v -0.715700 0.017600 -1.859000
v -0.715700 0.008800 -1.861300
v -0.715700 0.017600 -1.859000
v -0.715000 0.008400 -1.862200
v -0.715700 0.008800 -1.861300
v -0.723600 0.019100 -1.843000
v -0.715700 0.017600 -1.859000
v -0.715700 0.008800 -1.861300
v -0.715000 0.008400 -1.862200
v -0.715700 0.001400 -1.855900
v -0.715700 0.008800 -1.861300
v -0.715700 0.001400 -1.855900
v -0.723600 0.019100 -1.843000
v -0.715000 0.000900 -1.856800
v -0.715700 0.001400 -1.855900
v -0.715000 0.008400 -1.862200
v -0.715700 0.001400 -1.855900
v -0.715700 0.001000 -1.855600
v -0.723600 0.019100 -1.843000
v -0.715700 0.001400 -1.855900
v -0.715000 0.000900 -1.856800
v -0.715700 0.001000 -1.855600
v -0.715000 0.000500 -1.856500
v -0.715700 0.001000 -1.855600
v -0.715000 0.000900 -1.856800
v -0.715700 0.001000 -1.855600
v -0.715700 0.000900 -1.855000
v -0.723600 0.019100 -1.843000
v -0.715700 0.001000 -1.855600
v -0.715000 0.000500 -1.856500
v -0.715700 0.000900 -1.855000
v -0.715000 0.000400 -1.855900
v -0.715700 0.000900 -1.855000
v -0.715000 0.000500 -1.856500
v -0.715000 0.000400 -1.855900
v -0.715000 -0.001700 -1.846700
v -0.715700 0.000900 -1.855000
v -0.715700 0.000900 -1.855000
v -0.715700 -0.001400 -1.845800
v -0.723600 0.019100 -1.843000
v -0.715700 -0.001400 -1.845800
v -0.715700 0.000900 -1.855000
v -0.715000 -0.001700 -1.846700
v -0.723600 0.004300 -1.827000
v -0.723600 0.019100 -1.843000
v -0.715700 -0.001400 -1.845800
v -0.715000 -0.001700 -1.846700
v -0.715000 -0.005900 -1.839500
v -0.715700 -0.001400 -1.845800
v -0.715700 -0.001400 -1.845800
v -0.715700 -0.005700 -1.838500
v -0.723600 0.004300 -1.827000
v -0.715700 -0.005700 -1.838500
v -0.715700 -0.001400 -1.845800
v -0.715000 -0.005900 -1.839500
v -0.715000 -0.005900 -1.839500
v -0.715000 -0.012900 -1.838900
v -0.715700 -0.005700 -1.838500
v -0.723600 -0.009100 -1.822300
v -0.723600 0.004300 -1.827000
v -0.715700 -0.005700 -1.838500
v -0.715700 -0.012600 -1.837900
v -0.723600 -0.009100 -1.822300
v -0.715700 -0.005700 -1.838500
v -0.715700 -0.012600 -1.837900
v -0.715700 -0.005700 -1.838500
v -0.715000 -0.012900 -1.838900
v -0.715000 -0.012900 -1.838900
v -0.715000 -0.021400 -1.840900
v -0.715700 -0.012600 -1.837900
v -0.723600 -0.009100 -1.822300
v -0.715700 -0.012600 -1.837900
v -0.723600 -0.025000 -1.826200
v -0.715700 -0.021200 -1.839900
v -0.715700 -0.012600 -1.837900
v -0.715000 -0.021400 -1.840900
v -0.715700 -0.021200 -1.839900
v -0.723600 -0.025000 -1.826200
v -0.715700 -0.012600 -1.837900
v -0.715000 -0.021400 -1.840900
v -0.715000 -0.029000 -1.845100
v -0.715700 -0.021200 -1.839900
v -0.715700 -0.028700 -1.844200
v -0.723600 -0.025000 -1.826200
v -0.715700 -0.021200 -1.839900
v -0.715700 -0.028700 -1.844200
v -0.715700 -0.021200 -1.839900
v -0.715000 -0.029000 -1.845100
v -0.715000 -0.029000 -1.845100
v -0.715000 -0.038600 -1.854400
v -0.715700 -0.028700 -1.844200
v -0.715700 -0.038300 -1.853500
v -0.715700 -0.028700 -1.844200
v -0.715000 -0.038600 -1.854400
v -0.715700 -0.038300 -1.853500
v -0.723600 -0.038800 -1.837600
v -0.715700 -0.028700 -1.844200
v -0.723600 -0.025000 -1.826200
v -0.715700 -0.028700 -1.844200
v -0.723600 -0.038800 -1.837600
v -0.723600 -0.009100 -1.822300
v -0.738400 -0.009100 -1.800100
v -0.723600 0.004300 -1.827000
v -0.723600 -0.025000 -1.826200
v -0.738400 -0.025000 -1.804000
v -0.723600 -0.009100 -1.822300
v -0.738400 -0.009100 -1.800100
v -0.723600 -0.009100 -1.822300
v -0.738400 -0.025000 -1.804000
v -0.723600 -0.038800 -1.837600
v -0.738400 -0.038800 -1.815400
v -0.723600 -0.025000 -1.826200
v -0.738400 -0.025000 -1.804000
v -0.723600 -0.025000 -1.826200
v -0.738400 -0.038800 -1.815400
v -0.723600 0.004300 -1.827000
v -0.738400 0.004300 -1.804800
v -0.723600 0.019100 -1.843000
v -0.738400 0.004300 -1.804800
v -0.723600 0.004300 -1.827000
v -0.738400 -0.009100 -1.800100
v -0.738400 -0.038800 -1.815400
v -0.755300 -0.038800 -1.799800
v -0.738400 -0.025000 -1.804000
v -0.738400 -0.025000 -1.804000
v -0.755300 -0.025000 -1.788400
v -0.738400 -0.009100 -1.800100
v -0.755300 -0.025000 -1.788400
v -0.738400 -0.025000 -1.804000
v -0.755300 -0.038800 -1.799800
v -0.755300 -0.009100 -1.784500
v -0.738400 -0.009100 -1.800100
v -0.755300 -0.025000 -1.788400
v -0.738400 -0.009100 -1.800100
v -0.755300 -0.009100 -1.784500
v -0.738400 0.004300 -1.804800
v -0.755300 -0.038800 -1.799800
v -0.768600 -0.038800 -1.798600
v -0.755300 -0.025000 -1.788400
v -0.768600 -0.025000 -1.787100
v -0.755300 -0.025000 -1.788400
v -0.768600 -0.038800 -1.798600
v -0.755300 -0.025000 -1.788400
v -0.768600 -0.025000 -1.787100
v -0.755300 -0.009100 -1.784500
v -0.738400 0.019100 -1.820800
v -0.723600 0.019100 -1.843000
v -0.738400 0.004300 -1.804800
v -0.768600 -0.009100 -1.783200
v -0.755300 -0.009100 -1.784500
v -0.768600 -0.025000 -1.787100
v -0.755300 0.004300 -1.789200
v -0.738400 0.004300 -1.804800
v -0.755300 -0.009100 -1.784500
v -0.755300 -0.009100 -1.784500
v -0.768600 -0.009100 -1.783200
v -0.755300 0.004300 -1.789200
v -0.738400 0.004300 -1.804800
v -0.755300 0.004300 -1.789200
v -0.738400 0.019100 -1.820800
v -0.768600 0.004300 -1.788000
v -0.755300 0.004300 -1.789200
v -0.768600 -0.009100 -1.783200
v -0.755300 0.019100 -1.805200
v -0.738400 0.019100 -1.820800
v -0.755300 0.004300 -1.789200
v -0.755300 0.004300 -1.789200
v -0.768600 0.004300 -1.788000
v -0.755300 0.019100 -1.805200
v -0.768600 0.019100 -1.803900
v -0.755300 0.019100 -1.805200
v -0.768600 0.004300 -1.788000
v -0.715000 0.008400 -1.862200
v -0.715000 0.017300 -1.859900
v -0.714300 0.008800 -1.861200
v -0.714300 0.017500 -1.859000
v -0.714300 0.008800 -1.861200
v -0.715000 0.017300 -1.859900
v -0.706500 0.019100 -1.843000
v -0.714300 0.008800 -1.861200
v -0.714300 0.017500 -1.859000
v -0.715000 0.008400 -1.862200
v -0.714300 0.008800 -1.861200
v -0.715000 0.000900 -1.856800
v -0.714300 0.001300 -1.855900
v -0.715000 0.000900 -1.856800
v -0.714300 0.008800 -1.861200
v -0.714300 0.001300 -1.855900
v -0.714300 0.008800 -1.861200
v -0.714300 0.000800 -1.855000
v -0.714300 0.008800 -1.861200
v -0.706500 0.019100 -1.843000
v -0.714300 0.000800 -1.855000
v -0.715000 0.000900 -1.856800
v -0.714300 0.001300 -1.855900
v -0.715000 0.000500 -1.856500
v -0.714300 0.001000 -1.855600
v -0.714300 0.001300 -1.855900
v -0.714300 0.000800 -1.855000
v -0.714300 0.001000 -1.855600
v -0.715000 0.000500 -1.856500
v -0.714300 0.001300 -1.855900
v -0.715000 0.000500 -1.856500
v -0.714300 0.001000 -1.855600
v -0.715000 0.000400 -1.855900
v -0.714300 0.000800 -1.855000
v -0.715000 0.000400 -1.855900
v -0.714300 0.001000 -1.855600
v -0.706500 0.019100 -1.843000
v -0.706500 0.004300 -1.827000
v -0.714300 0.000800 -1.855000
v -0.714300 0.000800 -1.855000
v -0.714300 -0.001400 -1.845800
v -0.715000 0.000400 -1.855900
v -0.714300 -0.001400 -1.845800
v -0.714300 0.000800 -1.855000
v -0.706500 0.004300 -1.827000
v -0.715000 -0.001700 -1.846700
v -0.715000 0.000400 -1.855900
v -0.714300 -0.001400 -1.845800
v -0.714300 -0.001400 -1.845800
v -0.706500 0.004300 -1.827000
v -0.714300 -0.005700 -1.838600
v -0.714300 -0.001400 -1.845800
v -0.714300 -0.005700 -1.838600
v -0.715000 -0.001700 -1.846700
v -0.715000 -0.005900 -1.839500
v -0.715000 -0.001700 -1.846700
v -0.714300 -0.005700 -1.838600
v -0.714300 -0.005700 -1.838600
v -0.714300 -0.012600 -1.838000
v -0.715000 -0.005900 -1.839500
v -0.706500 -0.009200 -1.822300
v -0.714300 -0.012600 -1.838000
v -0.714300 -0.005700 -1.838600
v -0.706500 -0.009200 -1.822300
v -0.714300 -0.005700 -1.838600
v -0.706500 0.004300 -1.827000
v -0.706500 -0.009200 -1.822300
v -0.706500 0.004300 -1.827000
v -0.691700 -0.009200 -1.800100
v -0.706500 0.004300 -1.827000
v -0.706500 0.019100 -1.843000
v -0.691700 0.004300 -1.804800
v -0.691700 0.004300 -1.804800
v -0.691700 -0.009200 -1.800100
v -0.706500 0.004300 -1.827000
v -0.691700 0.019100 -1.820800
v -0.691700 0.004300 -1.804800
v -0.706500 0.019100 -1.843000
v -0.691700 -0.009200 -1.800100
v -0.691700 0.004300 -1.804800
v -0.674800 -0.009200 -1.784400
v -0.691700 0.004300 -1.804800
v -0.691700 0.019100 -1.820800
v -0.674800 0.004300 -1.789200
v -0.674800 0.004300 -1.789200
v -0.674800 -0.009200 -1.784400
v -0.691700 0.004300 -1.804800
v -0.674800 0.019100 -1.805100
v -0.674800 0.004300 -1.789200
v -0.691700 0.019100 -1.820800
v -0.674800 0.004300 -1.789200
v -0.674800 0.019100 -1.805100
v -0.661500 0.004300 -1.787900
v -0.661500 0.019100 -1.803900
v -0.661500 0.004300 -1.787900
v -0.674800 0.019100 -1.805100
v -0.661500 0.004300 -1.787900
v -0.661500 -0.009200 -1.783200
v -0.674800 0.004300 -1.789200
v -0.674800 -0.009200 -1.784400
v -0.674800 0.004300 -1.789200
v -0.661500 -0.009200 -1.783200
v -0.661500 -0.009200 -1.783200
v -0.661500 -0.025000 -1.787100
v -0.674800 -0.009200 -1.784400
v -0.674800 -0.009200 -1.784400
v -0.674800 -0.025000 -1.788300
v -0.691700 -0.009200 -1.800100
v -0.674800 -0.025000 -1.788300
v -0.674800 -0.009200 -1.784400
v -0.661500 -0.025000 -1.787100
v -0.691700 -0.025000 -1.804000
v -0.691700 -0.009200 -1.800100
v -0.674800 -0.025000 -1.788300
v -0.691700 -0.009200 -1.800100
v -0.691700 -0.025000 -1.804000
v -0.706500 -0.009200 -1.822300
v -0.661500 -0.025000 -1.787100
v -0.661500 -0.038900 -1.798500
v -0.674800 -0.025000 -1.788300
v -0.674800 -0.038900 -1.799800
v -0.674800 -0.025000 -1.788300
v -0.661500 -0.038900 -1.798500
v -0.674800 -0.025000 -1.788300
v -0.674800 -0.038900 -1.799800
v -0.691700 -0.025000 -1.804000
v -0.706500 -0.025000 -1.826200
v -0.706500 -0.009200 -1.822300
v -0.691700 -0.025000 -1.804000
v -0.706500 -0.009200 -1.822300
v -0.706500 -0.025000 -1.826200
v -0.714300 -0.012600 -1.838000
v -0.691700 -0.038900 -1.815400
v -0.691700 -0.025000 -1.804000
v -0.674800 -0.038900 -1.799800
v -0.691700 -0.025000 -1.804000
v -0.691700 -0.038900 -1.815400
v -0.706500 -0.025000 -1.826200
v -0.715000 -0.012900 -1.838900
v -0.715000 -0.005900 -1.839500
v -0.714300 -0.012600 -1.838000
v -0.714300 -0.021300 -1.839900
v -0.714300 -0.012600 -1.838000
v -0.706500 -0.025000 -1.826200
v -0.714300 -0.012600 -1.838000
v -0.714300 -0.021300 -1.839900
v -0.715000 -0.012900 -1.838900
v -0.706500 -0.038900 -1.837600
v -0.706500 -0.025000 -1.826200
v -0.691700 -0.038900 -1.815400
v -0.706500 -0.025000 -1.826200
v -0.714300 -0.028700 -1.844200
v -0.714300 -0.021300 -1.839900
v -0.706500 -0.025000 -1.826200
v -0.706500 -0.038900 -1.837600
v -0.714300 -0.028700 -1.844200
v -0.715000 -0.021400 -1.840900
v -0.715000 -0.012900 -1.838900
v -0.714300 -0.021300 -1.839900
v -0.714300 -0.021300 -1.839900
v -0.714300 -0.028700 -1.844200
v -0.715000 -0.021400 -1.840900
v -0.714300 -0.038400 -1.853000
v -0.714300 -0.028700 -1.844200
v -0.706500 -0.038900 -1.837600
v -0.715000 -0.029000 -1.845100
v -0.715000 -0.021400 -1.840900
v -0.714300 -0.028700 -1.844200
v -0.714300 -0.028700 -1.844200
v -0.714300 -0.038400 -1.853000
v -0.715000 -0.029000 -1.845100
v -0.715000 -0.038600 -1.854400
v -0.715000 -0.029000 -1.845100
v -0.714300 -0.038400 -1.853000
vn 0.721376 0.456247 -0.492702
vn 0.669146 0.451085 -0.571008
vn 0.777833 0.437279 -0.451385
vn 0.669146 0.451085 -0.571008
vn 0.721376 0.456247 -0.492702
vn 0.753197 0.369708 -0.515823
vn 0.753197 0.369708 -0.515823
vn 0.746591 0.273212 -0.595199
vn 0.669146 0.451085 -0.571008
vn 0.806508 0.380113 -0.448968
vn 0.753197 0.369708 -0.515823
vn 0.721376 0.456247 -0.492702
vn 0.746591 0.273212 -0.595199
vn 0.753197 0.369708 -0.515823
vn 0.813472 0.190742 -0.535208
vn 0.813472 0.190742 -0.535208
vn 0.786792 0.074395 -0.605361
vn 0.746591 0.273212 -0.595199
vn 0.753197 0.369708 -0.515823
vn 0.806508 0.380113 -0.448968
vn 0.827593 0.254808 -0.478856
vn 0.813472 0.190742 -0.535208
vn 0.753197 0.369708 -0.515823
vn 0.827593 0.254808 -0.478856
vn 0.698553 0.448117 -0.546389
vn 0.827593 0.254808 -0.478856
vn 0.806508 0.380113 -0.448968
vn 0.786792 0.074395 -0.605361
vn 0.813472 0.190742 -0.535208
vn 0.833835 0.035573 -0.535891
vn 0.827593 0.254808 -0.478856
vn 0.833835 0.035573 -0.535891
vn 0.813472 0.190742 -0.535208
vn 0.833835 0.035573 -0.535891
vn 0.795194 -0.052153 -0.604083
vn 0.786792 0.074395 -0.605361
vn 0.827593 0.254808 -0.478856
vn 0.698553 0.448117 -0.546389
vn 0.706469 0.316313 -0.596814
vn 0.581491 0.517256 -0.627942
vn 0.706469 0.316313 -0.596814
vn 0.698553 0.448117 -0.546389
vn 0.833835 0.035573 -0.535891
vn 0.827593 0.254808 -0.478856
vn 0.853436 -0.000058 -0.499516
vn 0.706469 0.316313 -0.596814
vn 0.853436 -0.000058 -0.499516
vn 0.827593 0.254808 -0.478856
vn 0.706469 0.316313 -0.596814
vn 0.581491 0.517256 -0.627942
vn 0.640516 0.291422 -0.689473
vn 0.072351 0.634131 -0.769825
vn 0.077324 0.502331 -0.835602
vn 0.075104 0.635654 -0.768312
vn 0.077324 0.502331 -0.835602
vn 0.072351 0.634131 -0.769825
vn 0.081376 0.370021 -0.901884
vn 0.853436 -0.000058 -0.499516
vn 0.706469 0.316313 -0.596814
vn 0.742879 -0.022470 -0.631775
vn 0.640516 0.291422 -0.689473
vn 0.742879 -0.022470 -0.631775
vn 0.706469 0.316313 -0.596814
vn 0.081376 0.370021 -0.901884
vn 0.087264 0.238728 -0.967157
vn 0.077324 0.502331 -0.835602
vn 0.742879 -0.022470 -0.631775
vn 0.640516 0.291422 -0.689473
vn 0.661836 -0.107325 -0.713931
vn 0.087264 0.238728 -0.967157
vn 0.081376 0.370021 -0.901884
vn 0.087260 0.238725 -0.967158
vn 0.088311 -0.330600 -0.939617
vn 0.081023 -0.463852 -0.853020
vn 0.084704 -0.333803 -0.938829
vn 0.081023 -0.463852 -0.853020
vn 0.088311 -0.330600 -0.939617
vn 0.073172 -0.596826 -0.766001
vn 0.220807 -0.693858 -0.644433
vn 0.073172 -0.596826 -0.766001
vn 0.061150 -0.732726 -0.677770
vn 0.073172 -0.596826 -0.766001
vn 0.220807 -0.693858 -0.644433
vn 0.261799 -0.526411 -0.742024
vn 0.593169 -0.584928 -0.542260
vn 0.447157 -0.555907 -0.635457
vn 0.220807 -0.693858 -0.644433
vn 0.681829 -0.390023 -0.582047
vn 0.661836 -0.107325 -0.713931
vn 0.574060 -0.497758 -0.620666
vn 0.447157 -0.555907 -0.635457
vn 0.593169 -0.584928 -0.542260
vn 0.654804 -0.430104 -0.589529
vn 0.661836 -0.107325 -0.713931
vn 0.681829 -0.390023 -0.582047
vn 0.742879 -0.022470 -0.631775
vn 0.825842 -0.373534 -0.365251
vn 0.681829 -0.390023 -0.582047
vn 0.593169 -0.584928 -0.542260
vn 0.841027 -0.284495 -0.415314
vn 0.742879 -0.022470 -0.631775
vn 0.711974 -0.343626 -0.583385
vn 0.681829 -0.390023 -0.582047
vn 0.825842 -0.373534 -0.365251
vn 0.833163 -0.329752 -0.376525
vn 0.742879 -0.022470 -0.631775
vn 0.841027 -0.284495 -0.415314
vn 0.853436 -0.000058 -0.499516
vn 0.841027 -0.284495 -0.415314
vn 0.833348 -0.250718 -0.419508
vn 0.853436 -0.000058 -0.499516
vn 0.862561 -0.163673 -0.434967
vn 0.833835 0.035573 -0.535891
vn 0.853436 -0.000058 -0.499516
vn 0.795194 -0.052153 -0.604083
vn 0.833835 0.035573 -0.535891
vn 0.862561 -0.163673 -0.434967
vn 0.754777 -0.549556 -0.325227
vn 0.652938 -0.679959 -0.305059
vn 0.666716 -0.643770 -0.375532
vn 0.652938 -0.679959 -0.305059
vn 0.785355 -0.451649 -0.357325
vn 0.721790 -0.628538 -0.220539
vn 0.805576 -0.316226 -0.412179
vn 0.833163 -0.329752 -0.376525
vn 0.721790 -0.628538 -0.220539
vn 0.721790 -0.628538 -0.220539
vn 0.647206 -0.737968 -0.177338
vn 0.652938 -0.679959 -0.305059
vn 0.830285 -0.442776 -0.273195
vn 0.800018 -0.498852 -0.211904
vn 0.721790 -0.628538 -0.220539
vn 0.647206 -0.737968 -0.177338
vn 0.721790 -0.628538 -0.220539
vn 0.707960 -0.676235 -0.183319
vn 0.891579 -0.292496 -0.147123
vn 0.833163 -0.329752 -0.376525
vn 0.838415 -0.276347 -0.381098
vn 0.726602 -0.607860 -0.252910
vn 0.647206 -0.737968 -0.177338
vn 0.766087 -0.569554 -0.195189
vn 0.647206 -0.737968 -0.177338
vn 0.726602 -0.607860 -0.252910
vn 0.745830 -0.567729 -0.264674
vn 0.811292 -0.366761 -0.452905
vn 0.766507 -0.496287 -0.333553
vn 0.726602 -0.607860 -0.252910
vn 0.968838 -0.116389 -0.127391
vn 0.999571 0.000000 0.000000
vn 0.999167 0.000000 0.000000
vn 0.812099 -0.380802 -0.439723
vn 0.811292 -0.366761 -0.452905
vn 0.816143 -0.339067 -0.467378
vn 0.932266 -0.213370 -0.130671
vn 0.838415 -0.276347 -0.381098
vn 0.892999 -0.153489 -0.330815
vn 0.968838 -0.116389 -0.127391
vn 0.941475 -0.034548 -0.241084
vn 0.999571 0.000000 0.000000
vn 0.848696 -0.122079 -0.452357
vn 0.816143 -0.339067 -0.467378
vn 0.811292 -0.366761 -0.452905
vn 0.816143 -0.339067 -0.467378
vn 0.848696 -0.122079 -0.452357
vn 0.804676 -0.084035 -0.529632
vn 0.825320 0.135586 -0.536180
vn 0.857913 -0.064517 -0.412809
vn 0.921638 -0.117718 -0.318017
vn 0.770198 0.157912 -0.617794
vn 0.809700 0.142741 -0.560024
vn 0.825320 0.135586 -0.536180
vn 0.813934 -0.047115 -0.522179
vn 0.770198 0.157912 -0.617794
vn 0.804676 -0.084035 -0.529632
vn -0.070744 -0.599699 -0.765215
vn -0.219566 -0.695031 -0.644319
vn -0.066448 -0.730356 -0.679827
vn -0.219566 -0.695031 -0.644319
vn -0.070744 -0.599699 -0.765215
vn -0.259966 -0.528466 -0.741237
vn -0.445043 -0.556578 -0.635009
vn -0.591928 -0.586101 -0.542145
vn -0.219566 -0.695031 -0.644319
vn -0.088238 -0.332795 -0.938849
vn -0.079209 -0.466105 -0.851823
vn -0.070744 -0.599699 -0.765215
vn -0.591928 -0.586101 -0.542145
vn -0.445043 -0.556578 -0.635009
vn -0.654379 -0.429947 -0.589980
vn -0.079209 -0.466105 -0.851823
vn -0.088238 -0.332795 -0.938849
vn -0.091844 -0.329575 -0.939651
vn -0.660386 -0.107256 -0.715418
vn -0.681439 -0.390119 -0.582398
vn -0.573007 -0.497862 -0.620756
vn -0.087967 0.370899 -0.899930
vn -0.094508 0.237155 -0.966864
vn -0.094504 0.237151 -0.966865
vn -0.681439 -0.390119 -0.582398
vn -0.866774 -0.352962 -0.279197
vn -0.591928 -0.586101 -0.542145
vn -0.094508 0.237155 -0.966864
vn -0.087967 0.370899 -0.899930
vn -0.079598 0.503630 -0.834010
vn -0.072141 0.636866 -0.767583
vn -0.079598 0.503630 -0.834010
vn -0.087967 0.370899 -0.899930
vn -0.079598 0.503630 -0.834010
vn -0.072141 0.636866 -0.767583
vn -0.069397 0.635345 -0.769103
vn -0.681439 -0.390119 -0.582398
vn -0.660386 -0.107256 -0.715418
vn -0.741631 -0.023660 -0.632745
vn -0.638288 0.291218 -0.691481
vn -0.741631 -0.023660 -0.632745
vn -0.660386 -0.107256 -0.715418
vn -0.579818 0.518896 -0.628138
vn -0.705414 0.316897 -0.597163
vn -0.638288 0.291218 -0.691481
vn -0.741631 -0.023660 -0.632745
vn -0.638288 0.291218 -0.691481
vn -0.705414 0.316897 -0.597163
vn -0.705414 0.316897 -0.597163
vn -0.579818 0.518896 -0.628138
vn -0.697551 0.450684 -0.545565
vn -0.741631 -0.023660 -0.632745
vn -0.834036 -0.296812 -0.425782
vn -0.711506 -0.343742 -0.583806
vn -0.866774 -0.352962 -0.279197
vn -0.681439 -0.390119 -0.582398
vn -0.834036 -0.296812 -0.425782
vn -0.697551 0.450684 -0.545565
vn -0.825568 0.257253 -0.481200
vn -0.705414 0.316897 -0.597163
vn -0.825568 0.257253 -0.481200
vn -0.697551 0.450684 -0.545565
vn -0.803803 0.388188 -0.446868
vn -0.705414 0.316897 -0.597163
vn -0.851572 -0.001025 -0.502869
vn -0.741631 -0.023660 -0.632745
vn -0.851572 -0.001025 -0.502869
vn -0.705414 0.316897 -0.597163
vn -0.825568 0.257253 -0.481200
vn -0.834036 -0.296812 -0.425782
vn -0.741631 -0.023660 -0.632745
vn -0.851572 -0.001025 -0.502869
vn -0.803803 0.388188 -0.446868
vn -0.708782 0.424102 -0.521662
vn -0.825568 0.257253 -0.481200
vn -0.708782 0.424102 -0.521662
vn -0.803803 0.388188 -0.446868
vn -0.680216 0.488883 -0.504654
vn -0.530169 0.589951 -0.608983
vn -0.708782 0.424102 -0.521662
vn -0.680216 0.488883 -0.504654
vn -0.708782 0.424102 -0.521662
vn -0.530169 0.589951 -0.608983
vn -0.647875 0.427550 -0.612766
vn -0.647875 0.427550 -0.612766
vn -0.790679 0.237316 -0.544119
vn -0.708782 0.424102 -0.521662
vn -0.790679 0.237316 -0.544119
vn -0.825568 0.257253 -0.481200
vn -0.708782 0.424102 -0.521662
vn -0.790679 0.237316 -0.544119
vn -0.647875 0.427550 -0.612766
vn -0.777658 0.199975 -0.589069
vn -0.843148 0.069015 -0.522005
vn -0.825568 0.257253 -0.481200
vn -0.790679 0.237316 -0.544119
vn -0.777658 0.199975 -0.589069
vn -0.843148 0.069015 -0.522005
vn -0.790679 0.237316 -0.544119
vn -0.825568 0.257253 -0.481200
vn -0.843148 0.069015 -0.522005
vn -0.851572 -0.001025 -0.502869
vn -0.843148 0.069015 -0.522005
vn -0.777658 0.199975 -0.589069
vn -0.812902 0.014227 -0.574957
vn -0.812902 0.014227 -0.574957
vn -0.858709 -0.142128 -0.455367
vn -0.843148 0.069015 -0.522005
vn -0.858709 -0.142128 -0.455367
vn -0.851572 -0.001025 -0.502869
vn -0.843148 0.069015 -0.522005
vn -0.831705 -0.221457 -0.440153
vn -0.834036 -0.296812 -0.425782
vn -0.851572 -0.001025 -0.502869
vn -0.858709 -0.142128 -0.455367
vn -0.812902 0.014227 -0.574957
vn -0.822773 -0.048536 -0.566273
vn -0.705026 -0.611707 -0.358593
vn -0.785957 -0.513186 -0.255091
vn -0.815822 -0.397535 -0.355741
vn -0.834036 -0.296812 -0.425782
vn -0.831705 -0.221457 -0.440153
vn -0.785957 -0.513186 -0.255091
vn -0.785957 -0.513186 -0.255091
vn -0.705026 -0.611707 -0.358593
vn -0.667508 -0.695068 -0.235985
vn -0.825483 -0.458930 -0.266886
vn -0.869186 -0.294189 -0.300358
vn -0.834036 -0.296812 -0.425782
vn -0.667508 -0.695068 -0.235985
vn -0.659951 -0.733600 -0.149320
vn -0.718962 -0.605285 -0.289182
vn -0.866774 -0.352962 -0.279197
vn -0.825483 -0.458930 -0.266886
vn -0.782914 -0.572270 -0.109745
vn -0.750483 -0.607636 -0.124140
vn -0.667508 -0.695068 -0.235985
vn -0.688077 -0.711340 -0.139975
vn -0.675322 -0.727256 -0.121213
vn -0.750483 -0.607636 -0.124140
vn -0.688077 -0.711340 -0.139975
vn -0.750483 -0.607636 -0.124140
vn -0.675322 -0.727256 -0.121213
vn -0.802457 -0.545404 -0.090903
vn -0.866774 -0.352962 -0.279197
vn -0.782914 -0.572270 -0.109745
vn -0.837858 -0.396302 -0.273878
vn -0.824631 -0.336325 -0.454555
vn -0.878492 -0.313563 -0.312044
vn -0.824391 -0.339390 -0.452625
vn -0.878492 -0.313563 -0.312044
vn -0.824631 -0.336325 -0.454555
vn -0.865820 -0.287368 -0.390915
vn -0.869186 -0.294189 -0.300358
vn -0.878492 -0.313563 -0.312044
vn -0.865820 -0.287368 -0.390915
vn -0.816983 -0.338354 -0.466726
vn -0.865820 -0.287368 -0.390915
vn -0.824631 -0.336325 -0.454555
vn -0.869186 -0.294189 -0.300358
vn -0.865820 -0.287368 -0.390915
vn -0.876680 -0.146076 -0.403221
vn -0.865820 -0.287368 -0.390915
vn -0.816983 -0.338354 -0.466726
vn -0.876680 -0.146076 -0.403221
vn -0.792304 0.150851 -0.579556
vn -0.915808 -0.153380 -0.325967
vn -0.842453 -0.067021 -0.465159
vn -0.745422 0.167666 -0.645090
vn -0.792304 0.150851 -0.579556
vn -0.812921 0.143681 -0.549731
vn -0.792304 0.150851 -0.579556
vn -0.745422 0.167666 -0.645090
vn -0.751071 0.165190 -0.639206
vn -0.669146 0.451085 -0.571008
vn -0.721376 0.456247 -0.492702
vn -0.777833 0.437279 -0.451385
vn -0.721376 0.456247 -0.492702
vn -0.669146 0.451085 -0.571008
vn -0.753197 0.369708 -0.515823
vn -0.753197 0.369708 -0.515823
vn -0.806508 0.380113 -0.448968
vn -0.721376 0.456247 -0.492702
vn -0.746591 0.273212 -0.595199
vn -0.753197 0.369708 -0.515823
vn -0.669146 0.451085 -0.571008
vn -0.806508 0.380113 -0.448968
vn -0.753197 0.369708 -0.515823
vn -0.827593 0.254808 -0.478856
vn -0.827593 0.254808 -0.478856
vn -0.698553 0.448117 -0.546389
vn -0.806508 0.380113 -0.448968
vn -0.753197 0.369708 -0.515823
vn -0.746591 0.273212 -0.595199
vn -0.813472 0.190742 -0.535208
vn -0.813472 0.190742 -0.535208
vn -0.827593 0.254808 -0.478856
vn -0.753197 0.369708 -0.515823
vn -0.786792 0.074395 -0.605361
vn -0.813472 0.190742 -0.535208
vn -0.746591 0.273212 -0.595199
vn -0.813472 0.190742 -0.535208
vn -0.786792 0.074395 -0.605361
vn -0.833835 0.035573 -0.535891
vn -0.833835 0.035573 -0.535891
vn -0.827593 0.254808 -0.478856
vn -0.813472 0.190742 -0.535208
vn -0.795194 -0.052153 -0.604083
vn -0.833835 0.035573 -0.535891
vn -0.786792 0.074395 -0.605361
vn -0.698553 0.448117 -0.546389
vn -0.827593 0.254808 -0.478856
vn -0.706469 0.316313 -0.596814
vn -0.706469 0.316313 -0.596814
vn -0.581491 0.517256 -0.627942
vn -0.698553 0.448117 -0.546389
vn -0.827593 0.254808 -0.478856
vn -0.833835 0.035573 -0.535891
vn -0.853436 -0.000058 -0.499516
vn -0.853436 -0.000058 -0.499516
vn -0.706469 0.316313 -0.596814
vn -0.827593 0.254808 -0.478856
vn -0.581491 0.517256 -0.627942
vn -0.706469 0.316313 -0.596814
vn -0.640516 0.291422 -0.689473
vn -0.077324 0.502331 -0.835602
vn -0.072351 0.634131 -0.769825
vn -0.075104 0.635654 -0.768312
vn -0.072351 0.634131 -0.769825
vn -0.077324 0.502331 -0.835602
vn -0.081376 0.370021 -0.901884
vn -0.706469 0.316313 -0.596814
vn -0.853436 -0.000058 -0.499516
vn -0.742879 -0.022470 -0.631775
vn -0.742879 -0.022470 -0.631775
vn -0.640516 0.291422 -0.689473
vn -0.706469 0.316313 -0.596814
vn -0.087264 0.238728 -0.967157
vn -0.081376 0.370021 -0.901884
vn -0.077324 0.502331 -0.835602
vn -0.640516 0.291422 -0.689473
vn -0.742879 -0.022470 -0.631775
vn -0.661836 -0.107325 -0.713931
vn -0.081376 0.370021 -0.901884
vn -0.087264 0.238728 -0.967157
vn -0.087260 0.238725 -0.967158
vn -0.862389 -0.164568 -0.434079
vn -0.853436 -0.000058 -0.499516
vn -0.833835 0.035573 -0.535891
vn -0.833835 0.035573 -0.535891
vn -0.795194 -0.052153 -0.604083
vn -0.856375 -0.082896 -0.499131
vn -0.608368 -0.712157 -0.314947
vn -0.737954 -0.565707 -0.329996
vn -0.666716 -0.643770 -0.375532
vn -0.081023 -0.463852 -0.853020
vn -0.088311 -0.330600 -0.939617
vn -0.084704 -0.333803 -0.938829
vn -0.088311 -0.330600 -0.939617
vn -0.081023 -0.463852 -0.853020
vn -0.073172 -0.596826 -0.766001
vn -0.073172 -0.596826 -0.766001
vn -0.220807 -0.693858 -0.644433
vn -0.061150 -0.732726 -0.677770
vn -0.220807 -0.693858 -0.644433
vn -0.073172 -0.596826 -0.766001
vn -0.261799 -0.526411 -0.742024
vn -0.447157 -0.555907 -0.635457
vn -0.593169 -0.584928 -0.542260
vn -0.220807 -0.693858 -0.644433
vn -0.593169 -0.584928 -0.542260
vn -0.447157 -0.555907 -0.635457
vn -0.654804 -0.430104 -0.589529
vn -0.661836 -0.107325 -0.713931
vn -0.681829 -0.390023 -0.582047
vn -0.574060 -0.497758 -0.620666
vn -0.681829 -0.390023 -0.582047
vn -0.661836 -0.107325 -0.713931
vn -0.742879 -0.022470 -0.631775
vn -0.681829 -0.390023 -0.582047
vn -0.825842 -0.373534 -0.365251
vn -0.593169 -0.584928 -0.542260
vn -0.742879 -0.022470 -0.631775
vn -0.840912 -0.285092 -0.414722
vn -0.711974 -0.343626 -0.583385
vn -0.825842 -0.373534 -0.365251
vn -0.681829 -0.390023 -0.582047
vn -0.834206 -0.328622 -0.376541
vn -0.840912 -0.285092 -0.414722
vn -0.742879 -0.022470 -0.631775
vn -0.853436 -0.000058 -0.499516
vn -0.862389 -0.164568 -0.434079
vn -0.840912 -0.285092 -0.414722
vn -0.853436 -0.000058 -0.499516
vn -0.737954 -0.565707 -0.329996
vn -0.608368 -0.712157 -0.314947
vn -0.697503 -0.645074 -0.227801
vn -0.834206 -0.328622 -0.376541
vn -0.797826 -0.378627 -0.376317
vn -0.748961 -0.594109 -0.236307
vn -0.627466 -0.749398 -0.181923
vn -0.651771 -0.703947 -0.225020
vn -0.608368 -0.712157 -0.314947
vn -0.802610 -0.495353 -0.213944
vn -0.832111 -0.440798 -0.273223
vn -0.697503 -0.645074 -0.227801
vn -0.834206 -0.328622 -0.376541
vn -0.892911 -0.290580 -0.147733
vn -0.838415 -0.276347 -0.381098
vn -0.697503 -0.645074 -0.227801
vn -0.627466 -0.749398 -0.181923
vn -0.712281 -0.670403 -0.186718
vn -0.627466 -0.749398 -0.181923
vn -0.726602 -0.607860 -0.252910
vn -0.769327 -0.565180 -0.197738
vn -0.726602 -0.607860 -0.252910
vn -0.627466 -0.749398 -0.181923
vn -0.745830 -0.567729 -0.264674
vn -0.766507 -0.496287 -0.333553
vn -0.811292 -0.366761 -0.452905
vn -0.726602 -0.607860 -0.252910
vn -0.968838 -0.116389 -0.127391
vn -0.999167 0.000000 0.000000
vn -0.999571 0.000000 0.000000
vn -0.811292 -0.366761 -0.452905
vn -0.812099 -0.380802 -0.439723
vn -0.816143 -0.339067 -0.467378
vn -0.816143 -0.339067 -0.467378
vn -0.848696 -0.122079 -0.452357
vn -0.811292 -0.366761 -0.452905
vn -0.968838 -0.116389 -0.127391
vn -0.999571 0.000000 0.000000
vn -0.941475 -0.034548 -0.241084
vn -0.933864 -0.211072 -0.131403
vn -0.892999 -0.153489 -0.330815
vn -0.838415 -0.276347 -0.381098
vn -0.848696 -0.122079 -0.452357
vn -0.816143 -0.339067 -0.467378
vn -0.804676 -0.084035 -0.529632
vn -0.825320 0.135586 -0.536180
vn -0.921638 -0.117718 -0.318017
vn -0.857913 -0.064517 -0.412809
vn -0.770198 0.157912 -0.617794
vn -0.813934 -0.047115 -0.522179
vn -0.804676 -0.084035 -0.529632
vn -0.809700 0.142741 -0.560024
vn -0.770198 0.157912 -0.617794
vn -0.825320 0.135586 -0.536180
vn 0.219566 -0.695031 -0.644319
vn 0.070744 -0.599699 -0.765215
vn 0.066448 -0.730356 -0.679827
vn 0.070744 -0.599699 -0.765215
vn 0.219566 -0.695031 -0.644319
vn 0.259966 -0.528466 -0.741237
vn 0.079209 -0.466105 -0.851823
vn 0.088238 -0.332795 -0.938849
vn 0.070744 -0.599699 -0.765215
vn 0.591928 -0.586101 -0.542145
vn 0.445043 -0.556578 -0.635009
vn 0.219566 -0.695031 -0.644319
vn 0.088238 -0.332795 -0.938849
vn 0.079209 -0.466105 -0.851823
vn 0.091844 -0.329575 -0.939651
vn 0.094508 0.237155 -0.966864
vn 0.087967 0.370899 -0.899930
vn 0.094504 0.237151 -0.966865
vn 0.445043 -0.556578 -0.635009
vn 0.591928 -0.586101 -0.542145
vn 0.654379 -0.429947 -0.589980
vn 0.681439 -0.390119 -0.582398
vn 0.660386 -0.107256 -0.715418
vn 0.573007 -0.497862 -0.620756
vn 0.866774 -0.352962 -0.279197
vn 0.681439 -0.390119 -0.582398
vn 0.591928 -0.586101 -0.542145
vn 0.087967 0.370899 -0.899930
vn 0.094508 0.237155 -0.966864
vn 0.079598 0.503630 -0.834010
vn 0.079598 0.503630 -0.834010
vn 0.072141 0.636866 -0.767584
vn 0.087967 0.370899 -0.899930
vn 0.072141 0.636866 -0.767584
vn 0.079598 0.503630 -0.834010
vn 0.069397 0.635345 -0.769103
vn 0.660386 -0.107256 -0.715418
vn 0.681439 -0.390119 -0.582398
vn 0.741631 -0.023660 -0.632745
vn 0.741631 -0.023660 -0.632745
vn 0.638288 0.291218 -0.691481
vn 0.660386 -0.107256 -0.715418
vn 0.705414 0.316897 -0.597163
vn 0.579818 0.518896 -0.628138
vn 0.638288 0.291218 -0.691481
vn 0.638288 0.291218 -0.691481
vn 0.741631 -0.023660 -0.632745
vn 0.705414 0.316897 -0.597163
vn 0.579818 0.518896 -0.628138
vn 0.705414 0.316897 -0.597163
vn 0.697551 0.450683 -0.545565
vn 0.834036 -0.296812 -0.425782
vn 0.741631 -0.023660 -0.632745
vn 0.711506 -0.343742 -0.583806
vn 0.681439 -0.390119 -0.582398
vn 0.866774 -0.352962 -0.279197
vn 0.834036 -0.296812 -0.425782
vn 0.851572 -0.001025 -0.502868
vn 0.705414 0.316897 -0.597163
vn 0.741631 -0.023660 -0.632745
vn 0.741631 -0.023660 -0.632745
vn 0.834036 -0.296812 -0.425782
vn 0.851572 -0.001025 -0.502868
vn 0.825568 0.257253 -0.481200
vn 0.697551 0.450683 -0.545565
vn 0.705414 0.316897 -0.597163
vn 0.705414 0.316897 -0.597163
vn 0.851572 -0.001025 -0.502868
vn 0.825568 0.257253 -0.481200
vn 0.697551 0.450683 -0.545565
vn 0.825568 0.257253 -0.481200
vn 0.803803 0.388188 -0.446868
vn 0.834036 -0.296812 -0.425782
vn 0.831705 -0.221457 -0.440154
vn 0.851572 -0.001025 -0.502868
vn 0.708782 0.424102 -0.521662
vn 0.803803 0.388188 -0.446868
vn 0.825568 0.257253 -0.481200
vn 0.803803 0.388188 -0.446868
vn 0.708782 0.424102 -0.521662
vn 0.680216 0.488883 -0.504654
vn 0.708782 0.424102 -0.521662
vn 0.530169 0.589951 -0.608983
vn 0.680216 0.488883 -0.504654
vn 0.530169 0.589951 -0.608983
vn 0.708782 0.424102 -0.521662
vn 0.647875 0.427550 -0.612766
vn 0.843148 0.069015 -0.522005
vn 0.825568 0.257253 -0.481200
vn 0.851572 -0.001025 -0.502868
vn 0.858709 -0.142128 -0.455367
vn 0.843148 0.069015 -0.522005
vn 0.851572 -0.001025 -0.502868
vn 0.790679 0.237316 -0.544119
vn 0.708782 0.424102 -0.521662
vn 0.825568 0.257253 -0.481200
vn 0.790679 0.237316 -0.544119
vn 0.647875 0.427550 -0.612766
vn 0.708782 0.424102 -0.521662
vn 0.825568 0.257253 -0.481200
vn 0.843148 0.069015 -0.522005
vn 0.790679 0.237316 -0.544119
vn 0.647875 0.427550 -0.612766
vn 0.790679 0.237316 -0.544119
vn 0.777658 0.199975 -0.589069
vn 0.843148 0.069015 -0.522005
vn 0.777658 0.199975 -0.589069
vn 0.790679 0.237316 -0.544119
vn 0.777658 0.199975 -0.589069
vn 0.843148 0.069015 -0.522005
vn 0.812902 0.014227 -0.574957
vn 0.858709 -0.142128 -0.455367
vn 0.812902 0.014227 -0.574957
vn 0.843148 0.069015 -0.522005
vn 0.812902 0.014227 -0.574957
vn 0.858709 -0.142128 -0.455367
vn 0.822773 -0.048536 -0.566273
vn 0.785957 -0.513186 -0.255091
vn 0.705026 -0.611707 -0.358593
vn 0.815822 -0.397535 -0.355741
vn 0.831705 -0.221457 -0.440154
vn 0.834036 -0.296812 -0.425782
vn 0.785957 -0.513186 -0.255091
vn 0.705026 -0.611707 -0.358593
vn 0.785957 -0.513186 -0.255091
vn 0.667508 -0.695068 -0.235985
vn 0.869186 -0.294189 -0.300358
vn 0.825484 -0.458930 -0.266886
vn 0.834036 -0.296812 -0.425782
vn 0.825484 -0.458930 -0.266886
vn 0.866774 -0.352962 -0.279197
vn 0.782914 -0.572270 -0.109745
vn 0.659951 -0.733600 -0.149320
vn 0.667508 -0.695068 -0.235985
vn 0.718963 -0.605285 -0.289182
vn 0.667508 -0.695068 -0.235985
vn 0.750483 -0.607636 -0.124140
vn 0.688077 -0.711340 -0.139975
vn 0.750483 -0.607636 -0.124140
vn 0.675322 -0.727256 -0.121213
vn 0.688077 -0.711340 -0.139975
vn 0.675322 -0.727256 -0.121213
vn 0.750483 -0.607636 -0.124140
vn 0.802457 -0.545404 -0.090903
vn 0.866774 -0.352962 -0.279197
vn 0.837858 -0.396302 -0.273878
vn 0.782914 -0.572270 -0.109745
vn 0.878492 -0.313563 -0.312044
vn 0.824631 -0.336325 -0.454555
vn 0.824391 -0.339390 -0.452625
vn 0.824631 -0.336325 -0.454555
vn 0.878492 -0.313563 -0.312044
vn 0.865820 -0.287368 -0.390915
vn 0.869186 -0.294189 -0.300358
vn 0.865820 -0.287368 -0.390915
vn 0.878492 -0.313563 -0.312044
vn 0.865820 -0.287368 -0.390915
vn 0.816983 -0.338354 -0.466726
vn 0.824631 -0.336325 -0.454555
vn 0.869186 -0.294189 -0.300358
vn 0.876680 -0.146076 -0.403221
vn 0.865820 -0.287368 -0.390915
vn 0.816983 -0.338354 -0.466726
vn 0.865820 -0.287368 -0.390915
vn 0.876680 -0.146076 -0.403221
vn 0.792304 0.150851 -0.579556
vn 0.842453 -0.067021 -0.465159
vn 0.915808 -0.153380 -0.325967
vn 0.792304 0.150851 -0.579556
vn 0.745422 0.167666 -0.645090
vn 0.812920 0.143681 -0.549731
vn 0.745422 0.167666 -0.645090
vn 0.792304 0.150851 -0.579556
vn 0.751071 0.165190 -0.639206
vn -0.751071 -0.165190 0.639206
vn -0.792304 -0.150851 0.579556
vn -0.745422 -0.167666 0.645090
vn -0.812920 -0.143681 0.549731
vn -0.745422 -0.167666 0.645090
vn -0.792304 -0.150851 0.579556
vn -0.915808 0.153380 0.325967
vn -0.842453 0.067021 0.465159
vn -0.792304 -0.150851 0.579556
vn -0.876680 0.146076 0.403221
vn -0.865820 0.287368 0.390915
vn -0.816983 0.338354 0.466726
vn -0.865820 0.287368 0.390915
vn -0.876680 0.146076 0.403221
vn -0.869186 0.294189 0.300358
vn -0.824631 0.336325 0.454555
vn -0.816983 0.338354 0.466726
vn -0.865820 0.287368 0.390915
vn -0.878492 0.313563 0.312044
vn -0.865820 0.287368 0.390915
vn -0.869186 0.294189 0.300358
vn -0.865820 0.287368 0.390915
vn -0.878492 0.313563 0.312044
vn -0.824631 0.336325 0.454555
vn -0.824391 0.339390 0.452625
vn -0.824631 0.336325 0.454555
vn -0.878492 0.313563 0.312044
vn -0.782914 0.572270 0.109745
vn -0.837858 0.396302 0.273878
vn -0.866774 0.352962 0.279197
vn -0.802457 0.545404 0.090903
vn -0.750483 0.607636 0.124140
vn -0.675322 0.727256 0.121213
vn -0.688077 0.711340 0.139975
vn -0.675322 0.727256 0.121213
vn -0.750483 0.607636 0.124140
vn -0.688077 0.711340 0.139975
vn -0.750483 0.607636 0.124140
vn -0.667508 0.695068 0.235985
vn -0.718963 0.605285 0.289182
vn -0.667508 0.695068 0.235985
vn -0.659951 0.733600 0.149320
vn -0.782914 0.572270 0.109745
vn -0.866774 0.352962 0.279197
vn -0.825484 0.458930 0.266886
vn -0.834036 0.296812 0.425782
vn -0.825484 0.458930 0.266886
vn -0.869186 0.294189 0.300358
vn -0.667508 0.695068 0.235985
vn -0.785957 0.513186 0.255091
vn -0.705026 0.611707 0.358593
vn -0.785957 0.513186 0.255091
vn -0.834036 0.296812 0.425782
vn -0.831705 0.221457 0.440154
vn -0.815822 0.397535 0.355741
vn -0.705026 0.611707 0.358593
vn -0.785957 0.513186 0.255091
vn -0.822773 0.048536 0.566273
vn -0.858709 0.142128 0.455367
vn -0.812902 -0.014227 0.574957
vn -0.843148 -0.069015 0.522005
vn -0.812902 -0.014227 0.574957
vn -0.858709 0.142128 0.455367
vn -0.812902 -0.014227 0.574957
vn -0.843148 -0.069015 0.522005
vn -0.777658 -0.199975 0.589069
vn -0.790679 -0.237316 0.544119
vn -0.777658 -0.199975 0.589069
vn -0.843148 -0.069015 0.522005
vn -0.777658 -0.199975 0.589069
vn -0.790679 -0.237316 0.544119
vn -0.647875 -0.427550 0.612766
vn -0.790679 -0.237316 0.544119
vn -0.843148 -0.069015 0.522005
vn -0.825568 -0.257253 0.481200
vn -0.708782 -0.424102 0.521662
vn -0.647875 -0.427550 0.612766
vn -0.790679 -0.237316 0.544119
vn -0.825568 -0.257253 0.481200
vn -0.708782 -0.424102 0.521662
vn -0.790679 -0.237316 0.544119
vn -0.851572 0.001025 0.502868
vn -0.843148 -0.069015 0.522005
vn -0.858709 0.142128 0.455367
vn -0.851572 0.001025 0.502868
vn -0.825568 -0.257253 0.481200
vn -0.843148 -0.069015 0.522005
vn -0.647875 -0.427550 0.612766
vn -0.708782 -0.424102 0.521662
vn -0.530169 -0.589951 0.608983
vn -0.680216 -0.488883 0.504654
vn -0.530169 -0.589951 0.608983
vn -0.708782 -0.424102 0.521662
vn -0.680216 -0.488883 0.504654
vn -0.708782 -0.424102 0.521662
vn -0.803803 -0.388188 0.446868
vn -0.825568 -0.257253 0.481200
vn -0.803803 -0.388188 0.446868
vn -0.708782 -0.424102 0.521662
vn -0.851572 0.001025 0.502868
vn -0.831705 0.221457 0.440154
vn -0.834036 0.296812 0.425782
vn -0.803803 -0.388188 0.446868
vn -0.825568 -0.257253 0.481200
vn -0.697551 -0.450683 0.545565
vn -0.825568 -0.257253 0.481200
vn -0.851572 0.001025 0.502868
vn -0.705414 -0.316897 0.597163
vn -0.705414 -0.316897 0.597163
vn -0.697551 -0.450683 0.545565
vn -0.825568 -0.257253 0.481200
vn -0.851572 0.001025 0.502868
vn -0.834036 0.296812 0.425782
vn -0.741631 0.023660 0.632745
vn -0.741631 0.023660 0.632745
vn -0.705414 -0.316897 0.597163
vn -0.851572 0.001025 0.502868
vn -0.834036 0.296812 0.425782
vn -0.866774 0.352962 0.279197
vn -0.681439 0.390119 0.582398
vn -0.711506 0.343742 0.583806
vn -0.741631 0.023660 0.632745
vn -0.834036 0.296812 0.425782
vn -0.697551 -0.450683 0.545565
vn -0.705414 -0.316897 0.597163
vn -0.579818 -0.518896 0.628138
vn -0.705414 -0.316897 0.597163
vn -0.741631 0.023660 0.632745
vn -0.638288 -0.291218 0.691481
vn -0.638288 -0.291218 0.691481
vn -0.579818 -0.518896 0.628138
vn -0.705414 -0.316897 0.597163
vn -0.660386 0.107256 0.715418
vn -0.638288 -0.291218 0.691481
vn -0.741631 0.023660 0.632745
vn -0.741631 0.023660 0.632745
vn -0.681439 0.390119 0.582398
vn -0.660386 0.107256 0.715418
vn -0.069397 -0.635345 0.769103
vn -0.079598 -0.503630 0.834010
vn -0.072141 -0.636866 0.767584
vn -0.087967 -0.370899 0.899930
vn -0.072141 -0.636866 0.767584
vn -0.079598 -0.503630 0.834010
vn -0.079598 -0.503630 0.834010
vn -0.094508 -0.237155 0.966864
vn -0.087967 -0.370899 0.899930
vn -0.591928 0.586101 0.542145
vn -0.681439 0.390119 0.582398
vn -0.866774 0.352962 0.279197
vn -0.573007 0.497862 0.620756
vn -0.660386 0.107256 0.715418
vn -0.681439 0.390119 0.582398
vn -0.654379 0.429947 0.589980
vn -0.591928 0.586101 0.542145
vn -0.445043 0.556578 0.635009
vn -0.094504 -0.237151 0.966865
vn -0.087967 -0.370899 0.899930
vn -0.094508 -0.237155 0.966864
vn -0.091844 0.329575 0.939651
vn -0.079209 0.466105 0.851823
vn -0.088238 0.332795 0.938849
vn -0.219566 0.695031 0.644319
vn -0.445043 0.556578 0.635009
vn -0.591928 0.586101 0.542145
vn -0.070744 0.599699 0.765215
vn -0.088238 0.332795 0.938849
vn -0.079209 0.466105 0.851823
vn -0.259966 0.528466 0.741237
vn -0.219566 0.695031 0.644319
vn -0.070744 0.599699 0.765215
vn -0.066448 0.730356 0.679827
vn -0.070744 0.599699 0.765215
vn -0.219566 0.695031 0.644319
vn 0.825320 -0.135586 0.536180
vn 0.770198 -0.157912 0.617794
vn 0.809700 -0.142741 0.560024
vn 0.804676 0.084035 0.529632
vn 0.813934 0.047115 0.522179
vn 0.770198 -0.157912 0.617794
vn 0.857913 0.064517 0.412809
vn 0.921638 0.117718 0.318017
vn 0.825320 -0.135586 0.536180
vn 0.804676 0.084035 0.529632
vn 0.816143 0.339067 0.467378
vn 0.848696 0.122079 0.452357
vn 0.838415 0.276347 0.381098
vn 0.892999 0.153489 0.330815
vn 0.933864 0.211072 0.131403
vn 0.941475 0.034548 0.241084
vn 0.999571 -0.000000 -0.000000
vn 0.968838 0.116389 0.127391
vn 0.811292 0.366761 0.452905
vn 0.848696 0.122079 0.452357
vn 0.816143 0.339067 0.467378
vn 0.816143 0.339067 0.467378
vn 0.812099 0.380802 0.439723
vn 0.811292 0.366761 0.452905
vn 0.999571 -0.000000 -0.000000
vn 0.999167 -0.000000 -0.000000
vn 0.968838 0.116389 0.127391
vn 0.726602 0.607860 0.252910
vn 0.811292 0.366761 0.452905
vn 0.766507 0.496287 0.333553
vn 0.745830 0.567729 0.264674
vn 0.627466 0.749398 0.181923
vn 0.726602 0.607860 0.252910
vn 0.769327 0.565180 0.197738
vn 0.726602 0.607860 0.252910
vn 0.627466 0.749398 0.181923
vn 0.712281 0.670403 0.186718
vn 0.627466 0.749398 0.181923
vn 0.697503 0.645074 0.227801
vn 0.838415 0.276347 0.381098
vn 0.892911 0.290580 0.147733
vn 0.834206 0.328622 0.376541
vn 0.697503 0.645074 0.227801
vn 0.832111 0.440798 0.273223
vn 0.802610 0.495353 0.213944
vn 0.608368 0.712157 0.314947
vn 0.651771 0.703947 0.225020
vn 0.627466 0.749398 0.181923
vn 0.748961 0.594109 0.236307
vn 0.797826 0.378627 0.376317
vn 0.834206 0.328622 0.376541
vn 0.697503 0.645074 0.227801
vn 0.608368 0.712157 0.314947
vn 0.737954 0.565707 0.329996
vn 0.853436 0.000058 0.499516
vn 0.840912 0.285092 0.414722
vn 0.862389 0.164568 0.434079
vn 0.853436 0.000058 0.499516
vn 0.742879 0.022470 0.631775
vn 0.840912 0.285092 0.414722
vn 0.834206 0.328622 0.376541
vn 0.681829 0.390023 0.582047
vn 0.825842 0.373534 0.365251
vn 0.711974 0.343626 0.583385
vn 0.840912 0.285092 0.414722
vn 0.742879 0.022470 0.631775
vn 0.593169 0.584928 0.542260
vn 0.825842 0.373534 0.365251
vn 0.681829 0.390023 0.582047
vn 0.742879 0.022470 0.631775
vn 0.661836 0.107325 0.713931
vn 0.681829 0.390023 0.582047
vn 0.574060 0.497758 0.620666
vn 0.681829 0.390023 0.582047
vn 0.661836 0.107325 0.713931
vn 0.654804 0.430104 0.589529
vn 0.447157 0.555907 0.635457
vn 0.593169 0.584928 0.542260
vn 0.220807 0.693858 0.644433
vn 0.593169 0.584928 0.542260
vn 0.447157 0.555907 0.635457
vn 0.261799 0.526411 0.742024
vn 0.073172 0.596826 0.766001
vn 0.220807 0.693858 0.644433
vn 0.061150 0.732726 0.677770
vn 0.220807 0.693858 0.644433
vn 0.073172 0.596826 0.766001
vn 0.073172 0.596826 0.766001
vn 0.081023 0.463852 0.853020
vn 0.088311 0.330600 0.939617
vn 0.084704 0.333803 0.938829
vn 0.088311 0.330600 0.939617
vn 0.081023 0.463852 0.853020
vn 0.666716 0.643770 0.375532
vn 0.737954 0.565707 0.329996
vn 0.608368 0.712157 0.314947
vn 0.856375 0.082896 0.499131
vn 0.795194 0.052153 0.604083
vn 0.833835 -0.035573 0.535891
vn 0.833835 -0.035573 0.535891
vn 0.853436 0.000058 0.499516
vn 0.862389 0.164568 0.434079
vn 0.087260 -0.238725 0.967158
vn 0.087264 -0.238728 0.967157
vn 0.081376 -0.370021 0.901884
vn 0.661836 0.107325 0.713931
vn 0.742879 0.022470 0.631775
vn 0.640516 -0.291422 0.689473
vn 0.077324 -0.502331 0.835602
vn 0.081376 -0.370021 0.901884
vn 0.087264 -0.238728 0.967157
vn 0.706469 -0.316313 0.596814
vn 0.640516 -0.291422 0.689473
vn 0.742879 0.022470 0.631775
vn 0.742879 0.022470 0.631775
vn 0.853436 0.000058 0.499516
vn 0.706469 -0.316313 0.596814
vn 0.081376 -0.370021 0.901884
vn 0.077324 -0.502331 0.835602
vn 0.072351 -0.634131 0.769825
vn 0.075104 -0.635654 0.768312
vn 0.072351 -0.634131 0.769825
vn 0.077324 -0.502331 0.835602
vn 0.640516 -0.291422 0.689473
vn 0.706469 -0.316313 0.596814
vn 0.581491 -0.517256 0.627942
vn 0.827593 -0.254808 0.478856
vn 0.706469 -0.316313 0.596814
vn 0.853436 0.000058 0.499516
vn 0.853436 0.000058 0.499516
vn 0.833835 -0.035573 0.535891
vn 0.827593 -0.254808 0.478856
vn 0.698553 -0.448117 0.546389
vn 0.581491 -0.517256 0.627942
vn 0.706469 -0.316313 0.596814
vn 0.706469 -0.316313 0.596814
vn 0.827593 -0.254808 0.478856
vn 0.698553 -0.448117 0.546389
vn 0.786792 -0.074395 0.605361
vn 0.833835 -0.035573 0.535891
vn 0.795194 0.052153 0.604083
vn 0.813472 -0.190742 0.535208
vn 0.827593 -0.254808 0.478856
vn 0.833835 -0.035573 0.535891
vn 0.833835 -0.035573 0.535891
vn 0.786792 -0.074395 0.605361
vn 0.813472 -0.190742 0.535208
vn 0.746591 -0.273212 0.595199
vn 0.813472 -0.190742 0.535208
vn 0.786792 -0.074395 0.605361
vn 0.753197 -0.369708 0.515823
vn 0.827593 -0.254808 0.478856
vn 0.813472 -0.190742 0.535208
vn 0.813472 -0.190742 0.535208
vn 0.746591 -0.273212 0.595199
vn 0.753197 -0.369708 0.515823
vn 0.806508 -0.380113 0.448968
vn 0.698553 -0.448117 0.546389
vn 0.827593 -0.254808 0.478856
vn 0.827593 -0.254808 0.478856
vn 0.753197 -0.369708 0.515823
vn 0.806508 -0.380113 0.448968
vn 0.669146 -0.451085 0.571008
vn 0.753197 -0.369708 0.515823
vn 0.746591 -0.273212 0.595199
vn 0.721376 -0.456247 0.492702
vn 0.806508 -0.380113 0.448968
vn 0.753197 -0.369708 0.515823
vn 0.753197 -0.369708 0.515823
vn 0.669146 -0.451085 0.571008
vn 0.721376 -0.456247 0.492702
vn 0.777833 -0.437279 0.451385
vn 0.721376 -0.456247 0.492702
vn 0.669146 -0.451085 0.571008
vn 0.751071 -0.165190 0.639206
vn 0.745422 -0.167666 0.645090
vn 0.792304 -0.150851 0.579556
vn 0.812921 -0.143681 0.549731
vn 0.792304 -0.150851 0.579556
vn 0.745422 -0.167666 0.645090
vn 0.842453 0.067021 0.465159
vn 0.915808 0.153380 0.325967
vn 0.792304 -0.150851 0.579556
vn 0.876680 0.146076 0.403221
vn 0.816983 0.338354 0.466726
vn 0.865820 0.287368 0.390915
vn 0.876680 0.146076 0.403221
vn 0.865820 0.287368 0.390915
vn 0.869186 0.294189 0.300358
vn 0.824631 0.336325 0.454555
vn 0.865820 0.287368 0.390915
vn 0.816983 0.338354 0.466726
vn 0.865820 0.287368 0.390915
vn 0.878492 0.313563 0.312044
vn 0.869186 0.294189 0.300358
vn 0.865820 0.287368 0.390915
vn 0.824631 0.336325 0.454555
vn 0.878492 0.313563 0.312044
vn 0.824391 0.339390 0.452625
vn 0.878492 0.313563 0.312044
vn 0.824631 0.336325 0.454555
vn 0.837858 0.396302 0.273878
vn 0.782914 0.572270 0.109745
vn 0.866774 0.352962 0.279197
vn 0.802457 0.545404 0.090903
vn 0.675322 0.727256 0.121213
vn 0.750483 0.607636 0.124140
vn 0.688077 0.711340 0.139975
vn 0.750483 0.607636 0.124140
vn 0.675322 0.727256 0.121213
vn 0.688077 0.711340 0.139975
vn 0.667508 0.695068 0.235985
vn 0.750483 0.607636 0.124140
vn 0.782914 0.572270 0.109745
vn 0.825483 0.458930 0.266886
vn 0.866774 0.352962 0.279197
vn 0.718962 0.605285 0.289182
vn 0.659951 0.733600 0.149320
vn 0.667508 0.695068 0.235985
vn 0.834036 0.296812 0.425782
vn 0.869186 0.294189 0.300358
vn 0.825483 0.458930 0.266886
vn 0.667508 0.695068 0.235985
vn 0.705026 0.611707 0.358593
vn 0.785957 0.513186 0.255091
vn 0.785957 0.513186 0.255091
vn 0.831705 0.221457 0.440153
vn 0.834036 0.296812 0.425782
vn 0.815822 0.397535 0.355741
vn 0.785957 0.513186 0.255091
vn 0.705026 0.611707 0.358593
vn 0.822773 0.048536 0.566273
vn 0.812902 -0.014227 0.574957
vn 0.858709 0.142128 0.455367
vn 0.851572 0.001025 0.502869
vn 0.834036 0.296812 0.425782
vn 0.831705 0.221457 0.440153
vn 0.843148 -0.069015 0.522005
vn 0.851572 0.001025 0.502869
vn 0.858709 0.142128 0.455367
vn 0.843148 -0.069015 0.522005
vn 0.858709 0.142128 0.455367
vn 0.812902 -0.014227 0.574957
vn 0.812902 -0.014227 0.574957
vn 0.777658 -0.199975 0.589069
vn 0.843148 -0.069015 0.522005
vn 0.851572 0.001025 0.502869
vn 0.843148 -0.069015 0.522005
vn 0.825568 -0.257253 0.481200
vn 0.790679 -0.237316 0.544119
vn 0.843148 -0.069015 0.522005
vn 0.777658 -0.199975 0.589069
vn 0.790679 -0.237316 0.544119
vn 0.825568 -0.257253 0.481200
vn 0.843148 -0.069015 0.522005
vn 0.777658 -0.199975 0.589069
vn 0.647875 -0.427550 0.612766
vn 0.790679 -0.237316 0.544119
vn 0.708782 -0.424102 0.521662
vn 0.825568 -0.257253 0.481200
vn 0.790679 -0.237316 0.544119
vn 0.708782 -0.424102 0.521662
vn 0.790679 -0.237316 0.544119
vn 0.647875 -0.427550 0.612766
vn 0.647875 -0.427550 0.612766
vn 0.530169 -0.589951 0.608983
vn 0.708782 -0.424102 0.521662
vn 0.680216 -0.488883 0.504654
vn 0.708782 -0.424102 0.521662
vn 0.530169 -0.589951 0.608983
vn 0.680216 -0.488883 0.504654
vn 0.803803 -0.388188 0.446868
vn 0.708782 -0.424102 0.521662
vn 0.825568 -0.257253 0.481200
vn 0.708782 -0.424102 0.521662
vn 0.803803 -0.388188 0.446868
vn 0.851572 0.001025 0.502869
vn 0.741631 0.023660 0.632745
vn 0.834036 0.296812 0.425782
vn 0.825568 -0.257253 0.481200
vn 0.705414 -0.316897 0.597163
vn 0.851572 0.001025 0.502869
vn 0.741631 0.023660 0.632745
vn 0.851572 0.001025 0.502869
vn 0.705414 -0.316897 0.597163
vn 0.803803 -0.388188 0.446868
vn 0.697551 -0.450684 0.545565
vn 0.825568 -0.257253 0.481200
vn 0.705414 -0.316897 0.597163
vn 0.825568 -0.257253 0.481200
vn 0.697551 -0.450684 0.545565
vn 0.834036 0.296812 0.425782
vn 0.681439 0.390119 0.582398
vn 0.866774 0.352962 0.279197
vn 0.711506 0.343742 0.583806
vn 0.834036 0.296812 0.425782
vn 0.741631 0.023660 0.632745
vn 0.697551 -0.450684 0.545565
vn 0.579818 -0.518896 0.628138
vn 0.705414 -0.316897 0.597163
vn 0.705414 -0.316897 0.597163
vn 0.638288 -0.291218 0.691481
vn 0.741631 0.023660 0.632745
vn 0.638288 -0.291218 0.691481
vn 0.705414 -0.316897 0.597163
vn 0.579818 -0.518896 0.628138
vn 0.660386 0.107256 0.715418
vn 0.741631 0.023660 0.632745
vn 0.638288 -0.291218 0.691481
vn 0.741631 0.023660 0.632745
vn 0.660386 0.107256 0.715418
vn 0.681439 0.390119 0.582398
vn 0.069397 -0.635345 0.769103
vn 0.072141 -0.636866 0.767583
vn 0.079598 -0.503630 0.834010
vn 0.087967 -0.370899 0.899930
vn 0.079598 -0.503630 0.834010
vn 0.072141 -0.636866 0.767583
vn 0.079598 -0.503630 0.834010
vn 0.087967 -0.370899 0.899930
vn 0.094508 -0.237155 0.966864
vn 0.591928 0.586101 0.542145
vn 0.866774 0.352962 0.279197
vn 0.681439 0.390119 0.582398
vn 0.094504 -0.237151 0.966865
vn 0.094508 -0.237155 0.966864
vn 0.087967 -0.370899 0.899930
vn 0.573007 0.497862 0.620756
vn 0.681439 0.390119 0.582398
vn 0.660386 0.107256 0.715418
vn 0.091844 0.329575 0.939651
vn 0.088238 0.332795 0.938849
vn 0.079209 0.466105 0.851823
vn 0.654379 0.429947 0.589980
vn 0.445043 0.556578 0.635009
vn 0.591928 0.586101 0.542145
vn 0.070744 0.599699 0.765215
vn 0.079209 0.466105 0.851823
vn 0.088238 0.332795 0.938849
vn 0.219566 0.695031 0.644319
vn 0.591928 0.586101 0.542145
vn 0.445043 0.556578 0.635009
vn 0.259966 0.528466 0.741237
vn 0.070744 0.599699 0.765215
vn 0.219566 0.695031 0.644319
vn 0.066448 0.730356 0.679827
vn 0.219566 0.695031 0.644319
vn 0.070744 0.599699 0.765215
vn -0.804676 0.084035 0.529632
vn -0.770198 -0.157912 0.617794
vn -0.813934 0.047115 0.522179
vn -0.825320 -0.135586 0.536180
vn -0.809700 -0.142741 0.560024
vn -0.770198 -0.157912 0.617794
vn -0.921638 0.117718 0.318017
vn -0.857913 0.064517 0.412809
vn -0.825320 -0.135586 0.536180
vn -0.804676 0.084035 0.529632
vn -0.848696 0.122079 0.452357
vn -0.816143 0.339067 0.467378
vn -0.811292 0.366761 0.452905
vn -0.816143 0.339067 0.467378
vn -0.848696 0.122079 0.452357
vn -0.999571 -0.000000 -0.000000
vn -0.941475 0.034548 0.241084
vn -0.968838 0.116389 0.127391
vn -0.892999 0.153489 0.330815
vn -0.838415 0.276347 0.381098
vn -0.932266 0.213370 0.130671
vn -0.816143 0.339067 0.467378
vn -0.811292 0.366761 0.452905
vn -0.812099 0.380802 0.439723
vn -0.999167 -0.000000 -0.000000
vn -0.999571 -0.000000 -0.000000
vn -0.968838 0.116389 0.127391
vn -0.726602 0.607860 0.252910
vn -0.766507 0.496287 0.333553
vn -0.811292 0.366761 0.452905
vn -0.745830 0.567729 0.264674
vn -0.726602 0.607860 0.252910
vn -0.647206 0.737968 0.177338
vn -0.766087 0.569554 0.195189
vn -0.647206 0.737968 0.177338
vn -0.726602 0.607860 0.252910
vn -0.838415 0.276347 0.381098
vn -0.833163 0.329752 0.376525
vn -0.891579 0.292496 0.147123
vn -0.707960 0.676235 0.183319
vn -0.721790 0.628538 0.220539
vn -0.647206 0.737968 0.177338
vn -0.721790 0.628538 0.220539
vn -0.800018 0.498852 0.211904
vn -0.830285 0.442776 0.273195
vn -0.652938 0.679959 0.305059
vn -0.647206 0.737968 0.177338
vn -0.721790 0.628538 0.220539
vn -0.721790 0.628538 0.220539
vn -0.833163 0.329752 0.376525
vn -0.805576 0.316226 0.412179
vn -0.721790 0.628538 0.220539
vn -0.785355 0.451649 0.357325
vn -0.652938 0.679959 0.305059
vn -0.666716 0.643770 0.375532
vn -0.652938 0.679959 0.305059
vn -0.754777 0.549556 0.325227
vn -0.862561 0.163673 0.434967
vn -0.833835 -0.035573 0.535891
vn -0.795194 0.052153 0.604083
vn -0.853436 0.000058 0.499516
vn -0.833835 -0.035573 0.535891
vn -0.862561 0.163673 0.434967
vn -0.853436 0.000058 0.499516
vn -0.833348 0.250718 0.419508
vn -0.841027 0.284495 0.415314
vn -0.853436 0.000058 0.499516
vn -0.841027 0.284495 0.415314
vn -0.742879 0.022470 0.631775
vn -0.833163 0.329752 0.376525
vn -0.825842 0.373534 0.365251
vn -0.681829 0.390023 0.582047
vn -0.711974 0.343626 0.583385
vn -0.742879 0.022470 0.631775
vn -0.841027 0.284495 0.415314
vn -0.593169 0.584928 0.542260
vn -0.681829 0.390023 0.582047
vn -0.825842 0.373534 0.365251
vn -0.742879 0.022470 0.631775
vn -0.681829 0.390023 0.582047
vn -0.661836 0.107325 0.713931
vn -0.654804 0.430104 0.589529
vn -0.593169 0.584928 0.542260
vn -0.447157 0.555907 0.635457
vn -0.574060 0.497758 0.620666
vn -0.661836 0.107325 0.713931
vn -0.681829 0.390023 0.582047
vn -0.220807 0.693858 0.644433
vn -0.447157 0.555907 0.635457
vn -0.593169 0.584928 0.542260
vn -0.261799 0.526411 0.742024
vn -0.220807 0.693858 0.644433
vn -0.073172 0.596826 0.766001
vn -0.061150 0.732726 0.677770
vn -0.073172 0.596826 0.766001
vn -0.220807 0.693858 0.644433
vn -0.073172 0.596826 0.766001
vn -0.088311 0.330600 0.939617
vn -0.081023 0.463852 0.853020
vn -0.084704 0.333803 0.938829
vn -0.081023 0.463852 0.853020
vn -0.088311 0.330600 0.939617
vn -0.087260 -0.238725 0.967158
vn -0.081376 -0.370021 0.901884
vn -0.087264 -0.238728 0.967157
vn -0.661836 0.107325 0.713931
vn -0.640516 -0.291422 0.689473
vn -0.742879 0.022470 0.631775
vn -0.077324 -0.502331 0.835602
vn -0.087264 -0.238728 0.967157
vn -0.081376 -0.370021 0.901884
vn -0.706469 -0.316313 0.596814
vn -0.742879 0.022470 0.631775
vn -0.640516 -0.291422 0.689473
vn -0.742879 0.022470 0.631775
vn -0.706469 -0.316313 0.596814
vn -0.853436 0.000058 0.499516
vn -0.081376 -0.370021 0.901884
vn -0.072351 -0.634131 0.769825
vn -0.077324 -0.502331 0.835602
vn -0.075104 -0.635654 0.768312
vn -0.077324 -0.502331 0.835602
vn -0.072351 -0.634131 0.769825
vn -0.640516 -0.291422 0.689473
vn -0.581491 -0.517256 0.627942
vn -0.706469 -0.316313 0.596814
vn -0.827593 -0.254808 0.478856
vn -0.853436 0.000058 0.499516
vn -0.706469 -0.316313 0.596814
vn -0.853436 0.000058 0.499516
vn -0.827593 -0.254808 0.478856
vn -0.833835 -0.035573 0.535891
vn -0.698553 -0.448117 0.546389
vn -0.706469 -0.316313 0.596814
vn -0.581491 -0.517256 0.627942
vn -0.706469 -0.316313 0.596814
vn -0.698553 -0.448117 0.546389
vn -0.827593 -0.254808 0.478856
vn -0.786792 -0.074395 0.605361
vn -0.795194 0.052153 0.604083
vn -0.833835 -0.035573 0.535891
vn -0.813472 -0.190742 0.535208
vn -0.833835 -0.035573 0.535891
vn -0.827593 -0.254808 0.478856
vn -0.833835 -0.035573 0.535891
vn -0.813472 -0.190742 0.535208
vn -0.786792 -0.074395 0.605361
vn -0.806508 -0.380113 0.448968
vn -0.827593 -0.254808 0.478856
vn -0.698553 -0.448117 0.546389
vn -0.827593 -0.254808 0.478856
vn -0.753197 -0.369708 0.515823
vn -0.813472 -0.190742 0.535208
vn -0.827593 -0.254808 0.478856
vn -0.806508 -0.380113 0.448968
vn -0.753197 -0.369708 0.515823
vn -0.746591 -0.273212 0.595199
vn -0.786792 -0.074395 0.605361
vn -0.813472 -0.190742 0.535208
vn -0.813472 -0.190742 0.535208
vn -0.753197 -0.369708 0.515823
vn -0.746591 -0.273212 0.595199
vn -0.721376 -0.456247 0.492702
vn -0.753197 -0.369708 0.515823
vn -0.806508 -0.380113 0.448968
vn -0.669146 -0.451085 0.571008
vn -0.746591 -0.273212 0.595199
vn -0.753197 -0.369708 0.515823
vn -0.753197 -0.369708 0.515823
vn -0.721376 -0.456247 0.492702
vn -0.669146 -0.451085 0.571008
vn -0.777833 -0.437279 0.451385
vn -0.669146 -0.451085 0.571008
vn -0.721376 -0.456247 0.492702
vt -1.853000 -0.038400
vt -1.845100 -0.029000
vt -1.854400 -0.038600
vt -0.715000 -0.029000
vt -0.714300 -0.038400
vt -0.714300 -0.028700
vt -1.844200 -0.028700
vt -1.840900 -0.021400
vt -1.845100 -0.029000
vt -1.837600 -0.038900
vt -1.844200 -0.028700
vt -1.853000 -0.038400
vt -1.840900 -0.021400
vt -1.844200 -0.028700
vt -1.839900 -0.021300
vt -1.839900 -0.021300
vt -1.838900 -0.012900
vt -1.840900 -0.021400
vt -1.844200 -0.028700
vt -1.837600 -0.038900
vt -1.826200 -0.025000
vt -1.839900 -0.021300
vt -1.844200 -0.028700
vt -1.826200 -0.025000
vt -1.815400 -0.038900
vt -1.826200 -0.025000
vt -1.837600 -0.038900
vt -1.838900 -0.012900
vt -1.839900 -0.021300
vt -1.838000 -0.012600
vt -1.826200 -0.025000
vt -1.838000 -0.012600
vt -1.839900 -0.021300
vt -1.838000 -0.012600
vt -1.839500 -0.005900
vt -1.838900 -0.012900
vt -1.826200 -0.025000
vt -1.815400 -0.038900
vt -1.804000 -0.025000
vt -0.674800 -0.038900
vt -0.691700 -0.025000
vt -0.691700 -0.038900
vt -1.838000 -0.012600
vt -1.826200 -0.025000
vt -1.822300 -0.009200
vt -1.804000 -0.025000
vt -1.822300 -0.009200
vt -1.826200 -0.025000
vt -0.691700 -0.025000
vt -0.674800 -0.038900
vt -0.674800 -0.025000
vt -0.661500 -0.038900
vt -0.674800 -0.025000
vt -0.674800 -0.038900
vt -0.674800 -0.025000
vt -0.661500 -0.038900
vt -0.661500 -0.025000
vt -1.822300 -0.009200
vt -1.804000 -0.025000
vt -1.800100 -0.009200
vt -0.674800 -0.025000
vt -0.691700 -0.009200
vt -0.691700 -0.025000
vt -0.661500 -0.025000
vt -0.674800 -0.009200
vt -0.674800 -0.025000
vt -0.691700 -0.009200
vt -0.674800 -0.025000
vt -0.674800 -0.009200
vt -0.674800 -0.009200
vt -0.661500 -0.025000
vt -0.661500 -0.009200
vt -0.661500 -0.009200
vt -0.674800 0.004300
vt -0.674800 -0.009200
vt -0.674800 0.004300
vt -0.661500 -0.009200
vt -0.661500 0.004300
vt -0.674800 1.805100
vt -0.661500 1.787900
vt -0.661500 1.803900
vt -0.661500 1.787900
vt -0.674800 1.805100
vt -0.674800 1.789200
vt -0.691700 1.820800
vt -0.674800 1.789200
vt -0.674800 1.805100
vt -0.691700 0.004300
vt -0.674800 -0.009200
vt -0.674800 0.004300
vt -0.674800 1.789200
vt -0.691700 1.820800
vt -0.691700 1.804800
vt -0.674800 -0.009200
vt -0.691700 0.004300
vt -0.691700 -0.009200
vt -1.843000 0.019100
vt -1.804800 0.004300
vt -1.820800 0.019100
vt -1.827000 0.004300
vt -1.800100 -0.009200
vt -1.804800 0.004300
vt -1.804800 0.004300
vt -1.843000 0.019100
vt -1.827000 0.004300
vt -1.800100 -0.009200
vt -1.827000 0.004300
vt -1.822300 -0.009200
vt -1.827000 0.004300
vt -1.838600 -0.005700
vt -1.822300 -0.009200
vt -1.838600 -0.005700
vt -1.838000 -0.012600
vt -1.822300 -0.009200
vt -1.839500 -0.005900
vt -1.838000 -0.012600
vt -1.838600 -0.005700
vt -1.838600 -0.005700
vt -1.846700 -0.001700
vt -1.839500 -0.005900
vt -1.846700 -0.001700
vt -1.838600 -0.005700
vt -1.845800 -0.001400
vt -1.838600 -0.005700
vt -1.827000 0.004300
vt -1.845800 -0.001400
vt -0.714300 1.845800
vt -0.715000 1.855900
vt -0.715000 1.846700
vt -1.827000 0.004300
vt -1.855000 0.000800
vt -1.845800 -0.001400
vt -0.715000 1.855900
vt -0.714300 1.845800
vt -0.714300 1.855000
vt -1.855000 0.000800
vt -1.827000 0.004300
vt -1.843000 0.019100
vt -1.855600 0.001000
vt -1.855900 0.000400
vt -1.855000 0.000800
vt -0.715000 1.855900
vt -0.714300 1.855600
vt -0.715000 1.856500
vt -1.855900 0.001300
vt -1.856500 0.000500
vt -1.855600 0.001000
vt -1.855000 0.000800
vt -1.855900 0.001300
vt -1.855600 0.001000
vt -1.856500 0.000500
vt -1.855900 0.001300
vt -1.856800 0.000900
vt -1.855000 0.000800
vt -1.843000 0.019100
vt -1.861200 0.008800
vt -1.855000 0.000800
vt -1.861200 0.008800
vt -1.855900 0.001300
vt -1.861200 0.008800
vt -1.856800 0.000900
vt -1.855900 0.001300
vt -1.856800 0.000900
vt -1.861200 0.008800
vt -1.862200 0.008400
vt -1.859000 0.017500
vt -1.861200 0.008800
vt -1.843000 0.019100
vt -1.859900 0.017300
vt -1.861200 0.008800
vt -1.859000 0.017500
vt -1.861200 0.008800
vt -1.859900 0.017300
vt -1.862200 0.008400
vt -0.768600 1.788000
vt -0.755300 1.805200
vt -0.768600 1.803900
vt -0.755300 1.805200
vt -0.768600 1.788000
vt -0.755300 1.789200
vt -0.755300 1.789200
vt -0.738400 1.820800
vt -0.755300 1.805200
vt -0.768600 -0.009100
vt -0.755300 0.004300
vt -0.768600 0.004300
vt -0.738400 1.820800
vt -0.755300 1.789200
vt -0.738400 1.804800
vt -0.755300 0.004300
vt -0.768600 -0.009100
vt -0.755300 -0.009100
vt -0.755300 -0.009100
vt -0.738400 0.004300
vt -0.755300 0.004300
vt -0.768600 -0.025000
vt -0.755300 -0.009100
vt -0.768600 -0.009100
vt 1.804800 0.004300
vt 1.843000 0.019100
vt 1.820800 0.019100
vt -0.755300 -0.009100
vt -0.768600 -0.025000
vt -0.755300 -0.025000
vt -0.768600 -0.038800
vt -0.755300 -0.025000
vt -0.768600 -0.025000
vt -0.755300 -0.025000
vt -0.768600 -0.038800
vt -0.755300 -0.038800
vt -0.738400 0.004300
vt -0.755300 -0.009100
vt -0.738400 -0.009100
vt -0.755300 -0.025000
vt -0.738400 -0.009100
vt -0.755300 -0.009100
vt -0.755300 -0.038800
vt -0.738400 -0.025000
vt -0.755300 -0.025000
vt -0.738400 -0.009100
vt -0.755300 -0.025000
vt -0.738400 -0.025000
vt -0.738400 -0.025000
vt -0.755300 -0.038800
vt -0.738400 -0.038800
vt 1.800100 -0.009100
vt 1.827000 0.004300
vt 1.804800 0.004300
vt 1.843000 0.019100
vt 1.804800 0.004300
vt 1.827000 0.004300
vt 1.815400 -0.038800
vt 1.826200 -0.025000
vt 1.804000 -0.025000
vt 1.826200 -0.025000
vt 1.815400 -0.038800
vt 1.837600 -0.038800
vt 1.804000 -0.025000
vt 1.822300 -0.009100
vt 1.800100 -0.009100
vt 1.822300 -0.009100
vt 1.804000 -0.025000
vt 1.826200 -0.025000
vt 1.827000 0.004300
vt 1.800100 -0.009100
vt 1.822300 -0.009100
vt 1.837600 -0.038800
vt 1.844200 -0.028700
vt 1.826200 -0.025000
vt 1.844200 -0.028700
vt 1.837600 -0.038800
vt 1.853500 -0.038300
vt -0.715000 -0.038600
vt -0.715700 -0.028700
vt -0.715700 -0.038300
vt -0.715700 -0.028700
vt -0.715000 -0.038600
vt -0.715000 -0.029000
vt 1.845100 -0.029000
vt 1.839900 -0.021200
vt 1.844200 -0.028700
vt 1.839900 -0.021200
vt 1.826200 -0.025000
vt 1.844200 -0.028700
vt 1.839900 -0.021200
vt 1.845100 -0.029000
vt 1.840900 -0.021400
vt 1.837900 -0.012600
vt 1.826200 -0.025000
vt 1.839900 -0.021200
vt 1.840900 -0.021400
vt 1.837900 -0.012600
vt 1.839900 -0.021200
vt 1.826200 -0.025000
vt 1.837900 -0.012600
vt 1.822300 -0.009100
vt 1.837900 -0.012600
vt 1.840900 -0.021400
vt 1.838900 -0.012900
vt 1.838900 -0.012900
vt 1.838500 -0.005700
vt 1.837900 -0.012600
vt 1.838500 -0.005700
vt 1.822300 -0.009100
vt 1.837900 -0.012600
vt 1.838500 -0.005700
vt 1.827000 0.004300
vt 1.822300 -0.009100
vt 1.838500 -0.005700
vt 1.838900 -0.012900
vt 1.839500 -0.005900
vt 1.839500 -0.005900
vt 1.845800 -0.001400
vt 1.838500 -0.005700
vt 1.827000 0.004300
vt 1.838500 -0.005700
vt 1.845800 -0.001400
vt 1.845800 -0.001400
vt 1.839500 -0.005900
vt 1.846700 -0.001700
vt 1.845800 -0.001400
vt 1.843000 0.019100
vt 1.827000 0.004300
vt -0.715000 1.846700
vt -0.715700 1.855000
vt -0.715700 1.845800
vt 1.843000 0.019100
vt 1.845800 -0.001400
vt 1.855000 0.000900
vt 1.855000 0.000900
vt 1.846700 -0.001700
vt 1.855900 0.000400
vt -0.715000 1.856500
vt -0.715700 1.855000
vt -0.715000 1.855900
vt -0.715700 1.855000
vt -0.715000 1.856500
vt -0.715700 1.855600
vt 1.843000 0.019100
vt 1.855000 0.000900
vt 1.855600 0.001000
vt 1.856800 0.000900
vt 1.855600 0.001000
vt 1.856500 0.000500
vt 1.855600 0.001000
vt 1.856800 0.000900
vt 1.855900 0.001400
vt 1.843000 0.019100
vt 1.855600 0.001000
vt 1.855900 0.001400
vt 1.862200 0.008400
vt 1.855900 0.001400
vt 1.856800 0.000900
vt 1.843000 0.019100
vt 1.855900 0.001400
vt 1.861300 0.008800
vt 1.855900 0.001400
vt 1.862200 0.008400
vt 1.861300 0.008800
vt 1.859000 0.017600
vt 1.843000 0.019100
vt 1.861300 0.008800
vt 1.862200 0.008400
vt 1.859000 0.017600
vt 1.861300 0.008800
vt 1.859000 0.017600
vt 1.862200 0.008400
vt 1.859900 0.017300
vt 1.845100 -0.029000
vt 1.853000 -0.038400
vt 1.854400 -0.038600
vt 0.714300 -0.038400
vt 0.715000 -0.029000
vt 0.714300 -0.028700
vt 1.844200 -0.028700
vt 1.837600 -0.038900
vt 1.853000 -0.038400
vt 1.840900 -0.021400
vt 1.844200 -0.028700
vt 1.845100 -0.029000
vt 1.837600 -0.038900
vt 1.844200 -0.028700
vt 1.826200 -0.025000
vt 1.826200 -0.025000
vt 1.815400 -0.038900
vt 1.837600 -0.038900
vt 1.844200 -0.028700
vt 1.840900 -0.021400
vt 1.839900 -0.021300
vt 1.839900 -0.021300
vt 1.826200 -0.025000
vt 1.844200 -0.028700
vt 1.838900 -0.012900
vt 1.839900 -0.021300
vt 1.840900 -0.021400
vt 1.839900 -0.021300
vt 1.838900 -0.012900
vt 1.838000 -0.012600
vt 1.838000 -0.012600
vt 1.826200 -0.025000
vt 1.839900 -0.021300
vt 1.839500 -0.005900
vt 1.838000 -0.012600
vt 1.838900 -0.012900
vt 1.815400 -0.038900
vt 1.826200 -0.025000
vt 1.804000 -0.025000
vt 0.691700 -0.025000
vt 0.674800 -0.038900
vt 0.691700 -0.038900
vt 1.826200 -0.025000
vt 1.838000 -0.012600
vt 1.822300 -0.009200
vt 1.822300 -0.009200
vt 1.804000 -0.025000
vt 1.826200 -0.025000
vt 0.674800 -0.038900
vt 0.691700 -0.025000
vt 0.674800 -0.025000
vt 0.674800 -0.025000
vt 0.661500 -0.038900
vt 0.674800 -0.038900
vt 0.661500 -0.038900
vt 0.674800 -0.025000
vt 0.661500 -0.025000
vt 1.804000 -0.025000
vt 1.822300 -0.009200
vt 1.800100 -0.009200
vt 0.691700 -0.009200
vt 0.674800 -0.025000
vt 0.691700 -0.025000
vt 0.674800 -0.009200
vt 0.661500 -0.025000
vt 0.674800 -0.025000
vt 0.674800 -0.025000
vt 0.691700 -0.009200
vt 0.674800 -0.009200
vt 0.661500 -0.025000
vt 0.674800 -0.009200
vt 0.661500 -0.009200
vt 1.838600 -0.005700
vt 1.822300 -0.009200
vt 1.838000 -0.012600
vt 1.838000 -0.012600
vt 1.839500 -0.005900
vt 1.838600 -0.005700
vt 1.846700 -0.001700
vt 1.838600 -0.005700
vt 1.839500 -0.005900
vt 0.674800 0.004300
vt 0.661500 -0.009200
vt 0.674800 -0.009200
vt 0.661500 -0.009200
vt 0.674800 0.004300
vt 0.661500 0.004300
vt 0.661500 1.787900
vt 0.674800 1.805100
vt 0.661500 1.803900
vt 0.674800 1.805100
vt 0.661500 1.787900
vt 0.674800 1.789200
vt 0.674800 1.789200
vt 0.691700 1.820800
vt 0.674800 1.805100
vt 0.691700 1.820800
vt 0.674800 1.789200
vt 0.691700 1.804800
vt 0.674800 -0.009200
vt 0.691700 0.004300
vt 0.674800 0.004300
vt 0.691700 0.004300
vt 0.674800 -0.009200
vt 0.691700 -0.009200
vt 1.804800 0.004300
vt 1.843000 0.019100
vt 1.820800 0.019100
vt 1.800100 -0.009200
vt 1.827000 0.004300
vt 1.804800 0.004300
vt 1.843000 0.019100
vt 1.804800 0.004300
vt 1.827000 0.004300
vt 1.827000 0.004300
vt 1.800100 -0.009200
vt 1.822300 -0.009200
vt 1.838600 -0.005700
vt 1.827000 0.004300
vt 1.822300 -0.009200
vt 1.838600 -0.005700
vt 1.846700 -0.001700
vt 1.845800 -0.001500
vt 1.827000 0.004300
vt 1.838600 -0.005700
vt 1.845800 -0.001500
vt 0.715000 1.855900
vt 0.714300 1.845800
vt 0.715000 1.846700
vt 1.855000 0.000800
vt 1.827000 0.004300
vt 1.845800 -0.001500
vt 1.827000 0.004300
vt 1.855000 0.000800
vt 1.843000 0.019100
vt 0.714300 1.845800
vt 0.715000 1.855900
vt 0.714300 1.855000
vt 1.855900 0.000400
vt 1.855600 0.001000
vt 1.855000 0.000800
vt 0.714300 1.855600
vt 0.715000 1.855900
vt 0.715000 1.856500
vt 1.856500 0.000500
vt 1.855900 0.001300
vt 1.855600 0.001000
vt 1.855000 0.000800
vt 1.855600 0.001000
vt 1.855900 0.001300
vt 1.855900 0.001300
vt 1.856500 0.000500
vt 1.856800 0.000900
vt 1.856800 0.000900
vt 1.861200 0.008800
vt 1.855900 0.001300
vt 1.855000 0.000800
vt 1.855900 0.001300
vt 1.861200 0.008800
vt 1.855000 0.000800
vt 1.861200 0.008800
vt 1.843000 0.019100
vt 1.861200 0.008800
vt 1.856800 0.000900
vt 1.862200 0.008400
vt 1.859000 0.017500
vt 1.843000 0.019100
vt 1.861200 0.008800
vt 1.859900 0.017300
vt 1.861200 0.008800
vt 1.862200 0.008400
vt 1.861200 0.008800
vt 1.859900 0.017300
vt 1.859000 0.017500
vt 0.755300 1.805200
vt 0.768600 1.788000
vt 0.768600 1.803900
vt 0.768600 1.788000
vt 0.755300 1.805200
vt 0.755300 1.789200
vt 0.755300 0.004300
vt 0.768600 -0.009100
vt 0.768600 0.004300
vt 0.738400 1.820800
vt 0.755300 1.789200
vt 0.755300 1.805200
vt 0.768600 -0.009100
vt 0.755300 0.004300
vt 0.755300 -0.009100
vt 0.755300 -0.009100
vt 0.768600 -0.025000
vt 0.768600 -0.009100
vt 0.755300 1.789200
vt 0.738400 1.820800
vt 0.738400 1.804800
vt 0.738400 0.004300
vt 0.755300 -0.009100
vt 0.755300 0.004300
vt -1.843000 0.019100
vt -1.804800 0.004300
vt -1.820800 0.019100
vt 0.768600 -0.025000
vt 0.755300 -0.009100
vt 0.755300 -0.025000
vt 0.755300 -0.025000
vt 0.768600 -0.038800
vt 0.768600 -0.025000
vt 0.768600 -0.038800
vt 0.755300 -0.025000
vt 0.755300 -0.038800
vt 0.755300 -0.009100
vt 0.738400 0.004300
vt 0.738400 -0.009100
vt 0.738400 -0.009100
vt 0.755300 -0.025000
vt 0.755300 -0.009100
vt 0.738400 -0.025000
vt 0.755300 -0.038800
vt 0.755300 -0.025000
vt 0.755300 -0.025000
vt 0.738400 -0.009100
vt 0.738400 -0.025000
vt 0.755300 -0.038800
vt 0.738400 -0.025000
vt 0.738400 -0.038800
vt -1.827000 0.004300
vt -1.800100 -0.009100
vt -1.804800 0.004300
vt -1.804800 0.004300
vt -1.843000 0.019100
vt -1.827000 0.004300
vt -1.822300 -0.009100
vt -1.804000 -0.025000
vt -1.800100 -0.009100
vt -1.800100 -0.009100
vt -1.827000 0.004300
vt -1.822300 -0.009100
vt -1.826200 -0.025000
vt -1.815400 -0.038800
vt -1.804000 -0.025000
vt -1.804000 -0.025000
vt -1.822300 -0.009100
vt -1.826200 -0.025000
vt -1.815400 -0.038800
vt -1.826200 -0.025000
vt -1.837600 -0.038800
vt -1.827000 0.004300
vt -1.838500 -0.005700
vt -1.822300 -0.009100
vt -1.844200 -0.028700
vt -1.837600 -0.038800
vt -1.826200 -0.025000
vt -1.837600 -0.038800
vt -1.844200 -0.028700
vt -1.853500 -0.038300
vt 0.715700 -0.028700
vt 0.715000 -0.038600
vt 0.715700 -0.038300
vt 0.715000 -0.038600
vt 0.715700 -0.028700
vt 0.715000 -0.029000
vt -1.837900 -0.012600
vt -1.826200 -0.025000
vt -1.822300 -0.009100
vt -1.838500 -0.005700
vt -1.837900 -0.012600
vt -1.822300 -0.009100
vt -1.839900 -0.021200
vt -1.844200 -0.028700
vt -1.826200 -0.025000
vt -1.839900 -0.021200
vt -1.845100 -0.029000
vt -1.844200 -0.028700
vt -1.826200 -0.025000
vt -1.837900 -0.012600
vt -1.839900 -0.021200
vt -1.845100 -0.029000
vt -1.839900 -0.021200
vt -1.840900 -0.021400
vt -1.837900 -0.012600
vt -1.840900 -0.021400
vt -1.839900 -0.021200
vt -1.840900 -0.021400
vt -1.837900 -0.012600
vt -1.838900 -0.012900
vt -1.838500 -0.005700
vt -1.838900 -0.012900
vt -1.837900 -0.012600
vt -1.838900 -0.012900
vt -1.838500 -0.005700
vt -1.839500 -0.005900
vt -1.845800 -0.001400
vt -1.839500 -0.005900
vt -1.838500 -0.005700
vt -1.838500 -0.005700
vt -1.827000 0.004300
vt -1.845800 -0.001400
vt -1.839500 -0.005900
vt -1.845800 -0.001400
vt -1.846700 -0.001700
vt -1.843000 0.019100
vt -1.845800 -0.001400
vt -1.827000 0.004300
vt -1.845800 -0.001400
vt -1.843000 0.019100
vt -1.855000 0.000900
vt 0.715700 1.855000
vt 0.715000 1.846700
vt 0.715700 1.845800
vt -1.846700 -0.001700
vt -1.855000 0.000900
vt -1.855900 0.000400
vt 0.715700 1.855000
vt 0.715000 1.856500
vt 0.715000 1.855900
vt 0.715000 1.856500
vt 0.715700 1.855000
vt 0.715700 1.855600
vt -1.843000 0.019100
vt -1.855600 0.001000
vt -1.855000 0.000900
vt -1.855600 0.001000
vt -1.856800 0.000900
vt -1.856500 0.000500
vt -1.856800 0.000900
vt -1.855600 0.001000
vt -1.855900 0.001400
vt -1.843000 0.019100
vt -1.855900 0.001400
vt -1.855600 0.001000
vt -1.855900 0.001400
vt -1.862200 0.008400
vt -1.856800 0.000900
vt -1.843000 0.019100
vt -1.861300 0.008800
vt -1.855900 0.001400
vt -1.862200 0.008400
vt -1.855900 0.001400
vt -1.861300 0.008800
vt -1.859000 0.017600
vt -1.861300 0.008800
vt -1.843000 0.019100
vt -1.859000 0.017600
vt -1.862200 0.008400
vt -1.861300 0.008800
vt -1.862200 0.008400
vt -1.859000 0.017600
vt -1.859900 0.017300
vt -1.859900 0.017300
vt -1.859000 0.017600
vt -1.862200 0.008400
vt -1.861300 0.008800
vt -1.862200 0.008400
vt -1.859000 0.017600
vt -1.843000 0.019100
vt -1.861300 0.008800
vt -1.859000 0.017600
vt -1.861300 0.008800
vt -1.855900 0.001400
vt -1.862200 0.008400
vt -1.855900 0.001400
vt -1.861300 0.008800
vt -1.843000 0.019100
vt -1.856800 0.000900
vt -1.862200 0.008400
vt -1.855900 0.001400
vt -1.855600 0.001000
vt -1.855900 0.001400
vt -1.843000 0.019100
vt -1.855900 0.001400
vt -1.855600 0.001000
vt -1.856800 0.000900
vt -1.856500 0.000500
vt -1.856800 0.000900
vt -1.855600 0.001000
vt -1.855000 0.000900
vt -1.855600 0.001000
vt -1.843000 0.019100
vt 0.715700 1.855600
vt 0.715700 1.855000
vt 0.715000 1.856500
vt 0.715000 1.855900
vt 0.715000 1.856500
vt 0.715700 1.855000
vt -1.855900 0.000400
vt -1.855000 0.000900
vt -1.846700 -0.001700
vt 0.715700 1.845800
vt 0.715000 1.846700
vt 0.715700 1.855000
vt -1.855000 0.000900
vt -1.843000 0.019100
vt -1.845800 -0.001400
vt -1.827000 0.004300
vt -1.845800 -0.001400
vt -1.843000 0.019100
vt -1.846700 -0.001700
vt -1.845800 -0.001400
vt -1.839500 -0.005900
vt -1.845800 -0.001400
vt -1.827000 0.004300
vt -1.838500 -0.005700
vt -1.838500 -0.005700
vt -1.839500 -0.005900
vt -1.845800 -0.001400
vt -1.839500 -0.005900
vt -1.838500 -0.005700
vt -1.838900 -0.012900
vt -1.837900 -0.012600
vt -1.838900 -0.012900
vt -1.838500 -0.005700
vt -1.838900 -0.012900
vt -1.837900 -0.012600
vt -1.840900 -0.021400
vt -1.839900 -0.021200
vt -1.840900 -0.021400
vt -1.837900 -0.012600
vt -1.840900 -0.021400
vt -1.839900 -0.021200
vt -1.845100 -0.029000
vt -1.839900 -0.021200
vt -1.837900 -0.012600
vt -1.826200 -0.025000
vt -1.844200 -0.028700
vt -1.845100 -0.029000
vt -1.839900 -0.021200
vt -1.826200 -0.025000
vt -1.844200 -0.028700
vt -1.839900 -0.021200
vt -1.822300 -0.009100
vt -1.837900 -0.012600
vt -1.838500 -0.005700
vt -1.822300 -0.009100
vt -1.826200 -0.025000
vt -1.837900 -0.012600
vt 0.715000 -0.029000
vt 0.715700 -0.028700
vt 0.715000 -0.038600
vt 0.715700 -0.038300
vt 0.715000 -0.038600
vt 0.715700 -0.028700
vt -1.853500 -0.038300
vt -1.844200 -0.028700
vt -1.837600 -0.038800
vt -1.826200 -0.025000
vt -1.837600 -0.038800
vt -1.844200 -0.028700
vt -1.822300 -0.009100
vt -1.838500 -0.005700
vt -1.827000 0.004300
vt -1.837600 -0.038800
vt -1.826200 -0.025000
vt -1.815400 -0.038800
vt -1.826200 -0.025000
vt -1.822300 -0.009100
vt -1.804000 -0.025000
vt -1.804000 -0.025000
vt -1.815400 -0.038800
vt -1.826200 -0.025000
vt -1.822300 -0.009100
vt -1.827000 0.004300
vt -1.800100 -0.009100
vt -1.800100 -0.009100
vt -1.804000 -0.025000
vt -1.822300 -0.009100
vt -1.827000 0.004300
vt -1.843000 0.019100
vt -1.804800 0.004300
vt -1.804800 0.004300
vt -1.800100 -0.009100
vt -1.827000 0.004300
vt 0.738400 -0.038800
vt 0.738400 -0.025000
vt 0.755300 -0.038800
vt 0.738400 -0.025000
vt 0.738400 -0.009100
vt 0.755300 -0.025000
vt 0.755300 -0.025000
vt 0.755300 -0.038800
vt 0.738400 -0.025000
vt 0.755300 -0.009100
vt 0.755300 -0.025000
vt 0.738400 -0.009100
vt 0.738400 -0.009100
vt 0.738400 0.004300
vt 0.755300 -0.009100
vt 0.755300 -0.038800
vt 0.755300 -0.025000
vt 0.768600 -0.038800
vt 0.768600 -0.025000
vt 0.768600 -0.038800
vt 0.755300 -0.025000
vt 0.755300 -0.025000
vt 0.755300 -0.009100
vt 0.768600 -0.025000
vt -1.820800 0.019100
vt -1.804800 0.004300
vt -1.843000 0.019100
vt 0.755300 0.004300
vt 0.755300 -0.009100
vt 0.738400 0.004300
vt 0.738400 1.804800
vt 0.738400 1.820800
vt 0.755300 1.789200
vt 0.768600 -0.009100
vt 0.768600 -0.025000
vt 0.755300 -0.009100
vt 0.755300 -0.009100
vt 0.755300 0.004300
vt 0.768600 -0.009100
vt 0.755300 1.805200
vt 0.755300 1.789200
vt 0.738400 1.820800
vt 0.768600 0.004300
vt 0.768600 -0.009100
vt 0.755300 0.004300
vt 0.755300 1.789200
vt 0.755300 1.805200
vt 0.768600 1.788000
vt 0.768600 1.803900
vt 0.768600 1.788000
vt 0.755300 1.805200
vt 1.859000 0.017500
vt 1.859900 0.017300
vt 1.861200 0.008800
vt 1.862200 0.008400
vt 1.861200 0.008800
vt 1.859900 0.017300
vt 1.861200 0.008800
vt 1.843000 0.019100
vt 1.859000 0.017500
vt 1.862200 0.008400
vt 1.856800 0.000900
vt 1.861200 0.008800
vt 1.843000 0.019100
vt 1.861200 0.008800
vt 1.855000 0.000800
vt 1.861200 0.008800
vt 1.855900 0.001300
vt 1.855000 0.000800
vt 1.855900 0.001300
vt 1.861200 0.008800
vt 1.856800 0.000900
vt 1.856800 0.000900
vt 1.856500 0.000500
vt 1.855900 0.001300
vt 1.855900 0.001300
vt 1.855600 0.001000
vt 1.855000 0.000800
vt 1.855600 0.001000
vt 1.855900 0.001300
vt 1.856500 0.000500
vt 0.715000 1.856500
vt 0.715000 1.855900
vt 0.714300 1.855600
vt 1.855000 0.000800
vt 1.855600 0.001000
vt 1.855900 0.000400
vt 0.714300 1.855000
vt 0.715000 1.855900
vt 0.714300 1.845800
vt 1.843000 0.019100
vt 1.855000 0.000800
vt 1.827000 0.004300
vt 1.845800 -0.001500
vt 1.827000 0.004300
vt 1.855000 0.000800
vt 0.715000 1.846700
vt 0.714300 1.845800
vt 0.715000 1.855900
vt 1.845800 -0.001500
vt 1.838600 -0.005700
vt 1.827000 0.004300
vt 1.845800 -0.001500
vt 1.846700 -0.001700
vt 1.838600 -0.005700
vt 1.822300 -0.009200
vt 1.827000 0.004300
vt 1.838600 -0.005700
vt 1.822300 -0.009200
vt 1.800100 -0.009200
vt 1.827000 0.004300
vt 1.827000 0.004300
vt 1.804800 0.004300
vt 1.843000 0.019100
vt 1.804800 0.004300
vt 1.827000 0.004300
vt 1.800100 -0.009200
vt 1.820800 0.019100
vt 1.843000 0.019100
vt 1.804800 0.004300
vt 0.691700 -0.009200
vt 0.674800 -0.009200
vt 0.691700 0.004300
vt 0.674800 0.004300
vt 0.691700 0.004300
vt 0.674800 -0.009200
vt 0.691700 1.804800
vt 0.674800 1.789200
vt 0.691700 1.820800
vt 0.674800 1.805100
vt 0.691700 1.820800
vt 0.674800 1.789200
vt 0.674800 1.789200
vt 0.661500 1.787900
vt 0.674800 1.805100
vt 0.661500 1.803900
vt 0.674800 1.805100
vt 0.661500 1.787900
vt 0.661500 0.004300
vt 0.674800 0.004300
vt 0.661500 -0.009200
vt 0.674800 -0.009200
vt 0.661500 -0.009200
vt 0.674800 0.004300
vt 1.839500 -0.005900
vt 1.838600 -0.005700
vt 1.846700 -0.001700
vt 1.838600 -0.005700
vt 1.839500 -0.005900
vt 1.838000 -0.012600
vt 1.838000 -0.012600
vt 1.822300 -0.009200
vt 1.838600 -0.005700
vt 0.661500 -0.009200
vt 0.674800 -0.009200
vt 0.661500 -0.025000
vt 0.674800 -0.009200
vt 0.691700 -0.009200
vt 0.674800 -0.025000
vt 0.674800 -0.025000
vt 0.661500 -0.025000
vt 0.674800 -0.009200
vt 0.691700 -0.025000
vt 0.674800 -0.025000
vt 0.691700 -0.009200
vt 1.800100 -0.009200
vt 1.822300 -0.009200
vt 1.804000 -0.025000
vt 0.661500 -0.025000
vt 0.674800 -0.025000
vt 0.661500 -0.038900
vt 0.674800 -0.038900
vt 0.661500 -0.038900
vt 0.674800 -0.025000
vt 0.674800 -0.025000
vt 0.691700 -0.025000
vt 0.674800 -0.038900
vt 1.826200 -0.025000
vt 1.804000 -0.025000
vt 1.822300 -0.009200
vt 1.822300 -0.009200
vt 1.838000 -0.012600
vt 1.826200 -0.025000
vt 0.691700 -0.038900
vt 0.674800 -0.038900
vt 0.691700 -0.025000
vt 1.804000 -0.025000
vt 1.826200 -0.025000
vt 1.815400 -0.038900
vt 1.838900 -0.012900
vt 1.838000 -0.012600
vt 1.839500 -0.005900
vt 1.839900 -0.021300
vt 1.826200 -0.025000
vt 1.838000 -0.012600
vt 1.838000 -0.012600
vt 1.838900 -0.012900
vt 1.839900 -0.021300
vt 1.840900 -0.021400
vt 1.839900 -0.021300
vt 1.838900 -0.012900
vt 1.844200 -0.028700
vt 1.826200 -0.025000
vt 1.839900 -0.021300
vt 1.839900 -0.021300
vt 1.840900 -0.021400
vt 1.844200 -0.028700
vt 1.837600 -0.038900
vt 1.815400 -0.038900
vt 1.826200 -0.025000
vt 1.826200 -0.025000
vt 1.844200 -0.028700
vt 1.837600 -0.038900
vt 1.845100 -0.029000
vt 1.844200 -0.028700
vt 1.840900 -0.021400
vt 1.853000 -0.038400
vt 1.837600 -0.038900
vt 1.844200 -0.028700
vt 0.714300 -0.028700
vt 0.715000 -0.029000
vt 0.714300 -0.038400
vt 1.854400 -0.038600
vt 1.853000 -0.038400
vt 1.845100 -0.029000
vt 1.859900 0.017300
vt 1.862200 0.008400
vt 1.859000 0.017600
vt 1.861300 0.008800
vt 1.859000 0.017600
vt 1.862200 0.008400
vt 1.861300 0.008800
vt 1.843000 0.019100
vt 1.859000 0.017600
vt 1.861300 0.008800
vt 1.862200 0.008400
vt 1.855900 0.001400
vt 1.861300 0.008800
vt 1.855900 0.001400
vt 1.843000 0.019100
vt 1.856800 0.000900
vt 1.855900 0.001400
vt 1.862200 0.008400
vt 1.855900 0.001400
vt 1.855600 0.001000
vt 1.843000 0.019100
vt 1.855900 0.001400
vt 1.856800 0.000900
vt 1.855600 0.001000
vt 1.856500 0.000500
vt 1.855600 0.001000
vt 1.856800 0.000900
vt 1.855600 0.001000
vt 1.855000 0.000900
vt 1.843000 0.019100
vt -0.715700 1.855600
vt -0.715000 1.856500
vt -0.715700 1.855000
vt -0.715000 1.855900
vt -0.715700 1.855000
vt -0.715000 1.856500
vt 1.855900 0.000400
vt 1.846700 -0.001700
vt 1.855000 0.000900
vt 1.855000 0.000900
vt 1.845800 -0.001400
vt 1.843000 0.019100
vt -0.715700 1.845800
vt -0.715700 1.855000
vt -0.715000 1.846700
vt 1.827000 0.004300
vt 1.843000 0.019100
vt 1.845800 -0.001400
vt 1.846700 -0.001700
vt 1.839500 -0.005900
vt 1.845800 -0.001400
vt 1.845800 -0.001400
vt 1.838500 -0.005700
vt 1.827000 0.004300
vt 1.838500 -0.005700
vt 1.845800 -0.001400
vt 1.839500 -0.005900
vt 1.839500 -0.005900
vt 1.838900 -0.012900
vt 1.838500 -0.005700
vt 1.822300 -0.009100
vt 1.827000 0.004300
vt 1.838500 -0.005700
vt 1.837900 -0.012600
vt 1.822300 -0.009100
vt 1.838500 -0.005700
vt 1.837900 -0.012600
vt 1.838500 -0.005700
vt 1.838900 -0.012900
vt 1.838900 -0.012900
vt 1.840900 -0.021400
vt 1.837900 -0.012600
vt 1.822300 -0.009100
vt 1.837900 -0.012600
vt 1.826200 -0.025000
vt 1.839900 -0.021200
vt 1.837900 -0.012600
vt 1.840900 -0.021400
vt 1.839900 -0.021200
vt 1.826200 -0.025000
vt 1.837900 -0.012600
vt 1.840900 -0.021400
vt 1.845100 -0.029000
vt 1.839900 -0.021200
vt 1.844200 -0.028700
vt 1.826200 -0.025000
vt 1.839900 -0.021200
vt 1.844200 -0.028700
vt 1.839900 -0.021200
vt 1.845100 -0.029000
vt -0.715000 -0.029000
vt -0.715000 -0.038600
vt -0.715700 -0.028700
vt -0.715700 -0.038300
vt -0.715700 -0.028700
vt -0.715000 -0.038600
vt 1.853500 -0.038300
vt 1.837600 -0.038800
vt 1.844200 -0.028700
vt 1.826200 -0.025000
vt 1.844200 -0.028700
vt 1.837600 -0.038800
vt 1.822300 -0.009100
vt 1.800100 -0.009100
vt 1.827000 0.004300
vt 1.826200 -0.025000
vt 1.804000 -0.025000
vt 1.822300 -0.009100
vt 1.800100 -0.009100
vt 1.822300 -0.009100
vt 1.804000 -0.025000
vt 1.837600 -0.038800
vt 1.815400 -0.038800
vt 1.826200 -0.025000
vt 1.804000 -0.025000
vt 1.826200 -0.025000
vt 1.815400 -0.038800
vt 1.827000 0.004300
vt 1.804800 0.004300
vt 1.843000 0.019100
vt 1.804800 0.004300
vt 1.827000 0.004300
vt 1.800100 -0.009100
vt -0.738400 -0.038800
vt -0.755300 -0.038800
vt -0.738400 -0.025000
vt -0.738400 -0.025000
vt -0.755300 -0.025000
vt -0.738400 -0.009100
vt -0.755300 -0.025000
vt -0.738400 -0.025000
vt -0.755300 -0.038800
vt -0.755300 -0.009100
vt -0.738400 -0.009100
vt -0.755300 -0.025000
vt -0.738400 -0.009100
vt -0.755300 -0.009100
vt -0.738400 0.004300
vt -0.755300 -0.038800
vt -0.768600 -0.038800
vt -0.755300 -0.025000
vt -0.768600 -0.025000
vt -0.755300 -0.025000
vt -0.768600 -0.038800
vt -0.755300 -0.025000
vt -0.768600 -0.025000
vt -0.755300 -0.009100
vt 1.820800 0.019100
vt 1.843000 0.019100
vt 1.804800 0.004300
vt -0.768600 -0.009100
vt -0.755300 -0.009100
vt -0.768600 -0.025000
vt -0.755300 0.004300
vt -0.738400 0.004300
vt -0.755300 -0.009100
vt -0.755300 -0.009100
vt -0.768600 -0.009100
vt -0.755300 0.004300
vt -0.738400 1.804800
vt -0.755300 1.789200
vt -0.738400 1.820800
vt -0.768600 0.004300
vt -0.755300 0.004300
vt -0.768600 -0.009100
vt -0.755300 1.805200
vt -0.738400 1.820800
vt -0.755300 1.789200
vt -0.755300 1.789200
vt -0.768600 1.788000
vt -0.755300 1.805200
vt -0.768600 1.803900
vt -0.755300 1.805200
vt -0.768600 1.788000
vt -1.862200 0.008400
vt -1.859900 0.017300
vt -1.861200 0.008800
vt -1.859000 0.017500
vt -1.861200 0.008800
vt -1.859900 0.017300
vt -1.843000 0.019100
vt -1.861200 0.008800
vt -1.859000 0.017500
vt -1.862200 0.008400
vt -1.861200 0.008800
vt -1.856800 0.000900
vt -1.855900 0.001300
vt -1.856800 0.000900
vt -1.861200 0.008800
vt -1.855900 0.001300
vt -1.861200 0.008800
vt -1.855000 0.000800
vt -1.861200 0.008800
vt -1.843000 0.019100
vt -1.855000 0.000800
vt -1.856800 0.000900
vt -1.855900 0.001300
vt -1.856500 0.000500
vt -1.855600 0.001000
vt -1.855900 0.001300
vt -1.855000 0.000800
vt -1.855600 0.001000
vt -1.856500 0.000500
vt -1.855900 0.001300
vt -0.715000 1.856500
vt -0.714300 1.855600
vt -0.715000 1.855900
vt -1.855000 0.000800
vt -1.855900 0.000400
vt -1.855600 0.001000
vt -1.843000 0.019100
vt -1.827000 0.004300
vt -1.855000 0.000800
vt -0.714300 1.855000
vt -0.714300 1.845800
vt -0.715000 1.855900
vt -1.845800 -0.001400
vt -1.855000 0.000800
vt -1.827000 0.004300
vt -0.715000 1.846700
vt -0.715000 1.855900
vt -0.714300 1.845800
vt -1.845800 -0.001400
vt -1.827000 0.004300
vt -1.838600 -0.005700
vt -1.845800 -0.001400
vt -1.838600 -0.005700
vt -1.846700 -0.001700
vt -1.839500 -0.005900
vt -1.846700 -0.001700
vt -1.838600 -0.005700
vt -1.838600 -0.005700
vt -1.838000 -0.012600
vt -1.839500 -0.005900
vt -1.822300 -0.009200
vt -1.838000 -0.012600
vt -1.838600 -0.005700
vt -1.822300 -0.009200
vt -1.838600 -0.005700
vt -1.827000 0.004300
vt -1.822300 -0.009200
vt -1.827000 0.004300
vt -1.800100 -0.009200
vt -1.827000 0.004300
vt -1.843000 0.019100
vt -1.804800 0.004300
vt -1.804800 0.004300
vt -1.800100 -0.009200
vt -1.827000 0.004300
vt -1.820800 0.019100
vt -1.804800 0.004300
vt -1.843000 0.019100
vt -0.691700 -0.009200
vt -0.691700 0.004300
vt -0.674800 -0.009200
vt -0.691700 1.804800
vt -0.691700 1.820800
vt -0.674800 1.789200
vt -0.674800 0.004300
vt -0.674800 -0.009200
vt -0.691700 0.004300
vt -0.674800 1.805100
vt -0.674800 1.789200
vt -0.691700 1.820800
vt -0.674800 1.789200
vt -0.674800 1.805100
vt -0.661500 1.787900
vt -0.661500 1.803900
vt -0.661500 1.787900
vt -0.674800 1.805100
vt -0.661500 0.004300
vt -0.661500 -0.009200
vt -0.674800 0.004300
vt -0.674800 -0.009200
vt -0.674800 0.004300
vt -0.661500 -0.009200
vt -0.661500 -0.009200
vt -0.661500 -0.025000
vt -0.674800 -0.009200
vt -0.674800 -0.009200
vt -0.674800 -0.025000
vt -0.691700 -0.009200
vt -0.674800 -0.025000
vt -0.674800 -0.009200
vt -0.661500 -0.025000
vt -0.691700 -0.025000
vt -0.691700 -0.009200
vt -0.674800 -0.025000
vt -1.800100 -0.009200
vt -1.804000 -0.025000
vt -1.822300 -0.009200
vt -0.661500 -0.025000
vt -0.661500 -0.038900
vt -0.674800 -0.025000
vt -0.674800 -0.038900
vt -0.674800 -0.025000
vt -0.661500 -0.038900
vt -0.674800 -0.025000
vt -0.674800 -0.038900
vt -0.691700 -0.025000
vt -1.826200 -0.025000
vt -1.822300 -0.009200
vt -1.804000 -0.025000
vt -1.822300 -0.009200
vt -1.826200 -0.025000
vt -1.838000 -0.012600
vt -0.691700 -0.038900
vt -0.691700 -0.025000
vt -0.674800 -0.038900
vt -1.804000 -0.025000
vt -1.815400 -0.038900
vt -1.826200 -0.025000
vt -1.838900 -0.012900
vt -1.839500 -0.005900
vt -1.838000 -0.012600
vt -1.839900 -0.021300
vt -1.838000 -0.012600
vt -1.826200 -0.025000
vt -1.838000 -0.012600
vt -1.839900 -0.021300
vt -1.838900 -0.012900
vt -1.837600 -0.038900
vt -1.826200 -0.025000
vt -1.815400 -0.038900
vt -1.826200 -0.025000
vt -1.844200 -0.028700
vt -1.839900 -0.021300
vt -1.826200 -0.025000
vt -1.837600 -0.038900
vt -1.844200 -0.028700
vt -1.840900 -0.021400
vt -1.838900 -0.012900
vt -1.839900 -0.021300
vt -1.839900 -0.021300
vt -1.844200 -0.028700
vt -1.840900 -0.021400
vt -1.853000 -0.038400
vt -1.844200 -0.028700
vt -1.837600 -0.038900
vt -1.845100 -0.029000
vt -1.840900 -0.021400
vt -1.844200 -0.028700
vt -0.714300 -0.028700
vt -0.714300 -0.038400
vt -0.715000 -0.029000
vt -1.854400 -0.038600
vt -1.845100 -0.029000
vt -1.853000 -0.038400
f 1/1/1 3/3/3 2/2/2
f 4/4/4 6/6/6 5/5/5
f 7/7/7 9/9/9 8/8/8
f 10/10/10 12/12/12 11/11/11
f 13/13/13 15/15/15 14/14/14
f 16/16/16 18/18/18 17/17/17
f 19/19/19 21/21/21 20/20/20
f 22/22/22 24/24/24 23/23/23
f 25/25/25 27/27/27 26/26/26
f 28/28/28 30/30/30 29/29/29
f 31/31/31 33/33/33 32/32/32
f 34/34/34 36/36/36 35/35/35
f 37/37/37 39/39/39 38/38/38
f 40/40/40 42/42/42 41/41/41
f 43/43/43 45/45/45 44/44/44
f 46/46/46 48/48/48 47/47/47
f 49/49/49 51/51/51 50/50/50
f 52/52/52 54/54/54 53/53/53
f 55/55/55 57/57/57 56/56/56
f 58/58/58 60/60/60 59/59/59
f 61/61/61 63/63/63 62/62/62
f 64/64/64 66/66/66 65/65/65
f 67/67/67 69/69/69 68/68/68
f 70/70/70 72/72/72 71/71/71
f 73/73/73 75/75/75 74/74/74
f 76/76/76 78/78/78 77/77/77
f 79/79/79 81/81/81 80/80/80
f 82/82/82 84/84/84 83/83/83
f 85/85/85 87/87/87 86/86/86
f 88/88/88 90/90/90 89/89/89
f 91/91/91 93/93/93 92/92/92
f 94/94/94 96/96/96 95/95/95
f 97/97/97 99/99/99 98/98/98
f 100/100/100 102/102/102 101/101/101
f 103/103/103 105/105/105 104/104/104
f 106/106/106 108/108/108 107/107/107
f 109/109/109 111/111/111 110/110/110
f 112/112/112 114/114/114 113/113/113
f 115/115/115 117/117/117 116/116/116
f 118/118/118 120/120/120 119/119/119
f 121/121/121 123/123/123 122/122/122
f 124/124/124 126/126/126 125/125/125
f 127/127/127 129/129/129 128/128/128
f 130/130/130 132/132/132 131/131/131
f 133/133/133 135/135/135 134/134/134
f 136/136/136 138/138/138 137/137/137
f 139/139/139 141/141/141 140/140/140
f 142/142/142 144/144/144 143/143/143
f 145/145/145 147/147/147 146/146/146
f 148/148/148 150/150/150 149/149/149
f 151/151/151 153/153/153 152/152/152
f 154/154/154 156/156/156 155/155/155
f 157/157/157 159/159/159 158/158/158
f 160/160/160 162/162/162 161/161/161
f 163/163/163 165/165/165 164/164/164
f 166/166/166 168/168/168 167/167/167
f 169/169/169 171/171/171 170/170/170
f 172/172/172 174/174/174 173/173/173
f 175/175/175 177/177/177 176/176/176
f 178/178/178 180/180/180 179/179/179
f 181/181/181 183/183/183 182/182/182
f 184/184/184 186/186/186 185/185/185
f 187/187/187 189/189/189 188/188/188
f 190/190/190 192/192/192 191/191/191
f 193/193/193 195/195/195 194/194/194
f 196/196/196 198/198/198 197/197/197
f 199/199/199 201/201/201 200/200/200
f 202/202/202 204/204/204 203/203/203
f 205/205/205 207/207/207 206/206/206
f 208/208/208 210/210/210 209/209/209
f 211/211/211 213/213/213 212/212/212
f 214/214/214 216/216/216 215/215/215
f 217/217/217 219/219/219 218/218/218
f 220/220/220 222/222/222 221/221/221
f 223/223/223 225/225/225 224/224/224
f 226/226/226 228/228/228 227/227/227
f 229/229/229 231/231/231 230/230/230
f 232/232/232 234/234/234 233/233/233
f 235/235/235 237/237/237 236/236/236
f 238/238/238 240/240/240 239/239/239
f 241/241/241 243/243/243 242/242/242
f 244/244/244 246/246/246 245/245/245
f 247/247/247 249/249/249 248/248/248
f 250/250/250 252/252/252 251/251/251
f 253/253/253 255/255/255 254/254/254
f 256/256/256 258/258/258 257/257/257
f 259/259/259 261/261/261 260/260/260
f 262/262/262 264/264/264 263/263/263
f 265/265/265 267/267/267 266/266/266
f 268/268/268 270/270/270 269/269/269
f 271/271/271 273/273/273 272/272/272
f 274/274/274 276/276/276 275/275/275
f 277/277/277 279/279/279 278/278/278
f 280/280/280 282/282/282 281/281/281
f 283/283/283 285/285/285 284/284/284
f 286/286/286 288/288/288 287/287/287
f 289/289/289 291/291/291 290/290/290
f 292/292/292 294/294/294 293/293/293
f 295/295/295 297/297/297 296/296/296
f 298/298/298 300/300/300 299/299/299
f 301/301/301 303/303/303 302/302/302
f 304/304/304 306/306/306 305/305/305
f 307/307/307 309/309/309 308/308/308
f 310/310/310 312/312/312 311/311/311
f 313/313/313 315/315/315 314/314/314
f 316/316/316 318/318/318 317/317/317
f 319/319/319 321/321/321 320/320/320
f 322/322/322 324/324/324 323/323/323
f 325/325/325 327/327/327 326/326/326
f 328/328/328 330/330/330 329/329/329
f 331/331/331 333/333/333 332/332/332
f 334/334/334 336/336/336 335/335/335
f 337/337/337 339/339/339 338/338/338
f 340/340/340 342/342/342 341/341/341
f 343/343/343 345/345/345 344/344/344
f 346/346/346 348/348/348 347/347/347
f 349/349/349 351/351/351 350/350/350
f 352/352/352 354/354/354 353/353/353
f 355/355/355 357/357/357 356/356/356
f 358/358/358 360/360/360 359/359/359
f 361/361/361 363/363/363 362/362/362
f 364/364/364 366/366/366 365/365/365
f 367/367/367 369/369/369 368/368/368
f 370/370/370 372/372/372 371/371/371
f 373/373/373 375/375/375 374/374/374
f 376/376/376 378/378/378 377/377/377
f 379/379/379 381/381/381 380/380/380
f 382/382/382 384/384/384 383/383/383
f 385/385/385 387/387/387 386/386/386
f 388/388/388 390/390/390 389/389/389
f 391/391/391 393/393/393 392/392/392
f 394/394/394 396/396/396 395/395/395
f 397/397/397 399/399/399 398/398/398
f 400/400/400 402/402/402 401/401/401
f 403/403/403 405/405/405 404/404/404
f 406/406/406 408/408/408 407/407/407
f 409/409/409 411/411/411 410/410/410
f 412/412/412 414/414/414 413/413/413
f 415/415/415 417/417/417 416/416/416
f 418/418/418 420/420/420 419/419/419
f 421/421/421 423/423/423 422/422/422
f 424/424/424 426/426/426 425/425/425
f 427/427/427 429/429/429 428/428/428
f 430/430/430 432/432/432 431/431/431
f 433/433/433 435/435/435 434/434/434
f 436/436/436 438/438/438 437/437/437
f 439/439/439 441/441/441 440/440/440
f 442/442/442 444/444/444 443/443/443
f 445/445/445 447/447/447 446/446/446
f 448/448/448 450/450/450 449/449/449
f 451/451/451 453/453/453 452/452/452
f 454/454/454 456/456/456 455/455/455
f 457/457/457 459/459/459 458/458/458
f 460/460/460 462/462/462 461/461/461
f 463/463/463 465/465/465 464/464/464
f 466/466/466 468/468/468 467/467/467
f 469/469/469 471/471/471 470/470/470
f 472/472/472 474/474/474 473/473/473
f 475/475/475 477/477/477 476/476/476
f 478/478/478 480/480/480 479/479/479
f 481/481/481 483/483/483 482/482/482
f 484/484/484 486/486/486 485/485/485
f 487/487/487 489/489/489 488/488/488
f 490/490/490 492/492/492 491/491/491
f 493/493/493 495/495/495 494/494/494
f 496/496/496 498/498/498 497/497/497
f 499/499/499 501/501/501 500/500/500
f 502/502/502 504/504/504 503/503/503
f 505/505/505 507/507/507 506/506/506
f 508/508/508 510/510/510 509/509/509
f 511/511/511 513/513/513 512/512/512
f 514/514/514 516/516/516 515/515/515
f 517/517/517 519/519/519 518/518/518
f 520/520/520 522/522/522 521/521/521
f 523/523/523 525/525/525 524/524/524
f 526/526/526 528/528/528 527/527/527
f 529/529/529 531/531/531 530/530/530
f 532/532/532 534/534/534 533/533/533
f 535/535/535 537/537/537 536/536/536
f 538/538/538 540/540/540 539/539/539
f 541/541/541 543/543/543 542/542/542
f 544/544/544 546/546/546 545/545/545
f 547/547/547 549/549/549 548/548/548
f 550/550/550 552/552/552 551/551/551
f 553/553/553 555/555/555 554/554/554
f 556/556/556 558/558/558 557/557/557
f 559/559/559 561/561/561 560/560/560
f 562/562/562 564/564/564 563/563/563
f 565/565/565 567/567/567 566/566/566
f 568/568/568 570/570/570 569/569/569
f 571/571/571 573/573/573 572/572/572
f 574/574/574 576/576/576 575/575/575
f 577/577/577 579/579/579 578/578/578
f 580/580/580 582/582/582 581/581/581
f 583/583/583 585/585/585 584/584/584
f 586/586/586 588/588/588 587/587/587
f 589/589/589 591/591/591 590/590/590
f 592/592/592 594/594/594 593/593/593
f 595/595/595 597/597/597 596/596/596
f 598/598/598 600/600/600 599/599/599
f 601/601/601 603/603/603 602/602/602
f 604/604/604 606/606/606 605/605/605
f 607/607/607 609/609/609 608/608/608
f 610/610/610 612/612/612 611/611/611
f 613/613/613 615/615/615 614/614/614
f 616/616/616 618/618/618 617/617/617
f 619/619/619 621/621/621 620/620/620
f 622/622/622 624/624/624 623/623/623
f 625/625/625 627/627/627 626/626/626
f 628/628/628 630/630/630 629/629/629
f 631/631/631 633/633/633 632/632/632
f 634/634/634 636/636/636 635/635/635
f 637/637/637 639/639/639 638/638/638
f 640/640/640 642/642/642 641/641/641
f 643/643/643 645/645/645 644/644/644
f 646/646/646 648/648/648 647/647/647
f 649/649/649 651/651/651 650/650/650
f 652/652/652 654/654/654 653/653/653
f 655/655/655 657/657/657 656/656/656
f 658/658/658 660/660/660 659/659/659
f 661/661/661 663/663/663 662/662/662
f 664/664/664 666/666/666 665/665/665
f 667/667/667 669/669/669 668/668/668
f 670/670/670 672/672/672 671/671/671
f 673/673/673 675/675/675 674/674/674
f 676/676/676 678/678/678 677/677/677
f 679/679/679 681/681/681 680/680/680
f 682/682/682 684/684/684 683/683/683
f 685/685/685 687/687/687 686/686/686
f 688/688/688 690/690/690 689/689/689
f 691/691/691 693/693/693 692/692/692
f 694/694/694 696/696/696 695/695/695
f 697/697/697 699/699/699 698/698/698
f 700/700/700 702/702/702 701/701/701
f 703/703/703 705/705/705 704/704/704
f 706/706/706 708/708/708 707/707/707
f 709/709/709 711/711/711 710/710/710
f 712/712/712 714/714/714 713/713/713
f 715/715/715 717/717/717 716/716/716
f 718/718/718 720/720/720 719/719/719
f 721/721/721 723/723/723 722/722/722
f 724/724/724 726/726/726 725/725/725
f 727/727/727 729/729/729 728/728/728
f 730/730/730 732/732/732 731/731/731
f 733/733/733 735/735/735 734/734/734
f 736/736/736 738/738/738 737/737/737
f 739/739/739 741/741/741 740/740/740
f 742/742/742 744/744/744 743/743/743
f 745/745/745 747/747/747 746/746/746
f 748/748/748 750/750/750 749/749/749
f 751/751/751 753/753/753 752/752/752
f 754/754/754 756/756/756 755/755/755
f 757/757/757 759/759/759 758/758/758
f 760/760/760 762/762/762 761/761/761
f 763/763/763 765/765/765 764/764/764
f 766/766/766 768/768/768 767/767/767
f 769/769/769 771/771/771 770/770/770
f 772/772/772 774/774/774 773/773/773
f 775/775/775 777/777/777 776/776/776
f 778/778/778 780/780/780 779/779/779
f 781/781/781 783/783/783 782/782/782
f 784/784/784 786/786/786 785/785/785
f 787/787/787 789/789/789 788/788/788
f 790/790/790 792/792/792 791/791/791
f 793/793/793 795/795/795 794/794/794
f 796/796/796 798/798/798 797/797/797
f 799/799/799 801/801/801 800/800/800
f 802/802/802 804/804/804 803/803/803
f 805/805/805 807/807/807 806/806/806
f 808/808/808 810/810/810 809/809/809
f 811/811/811 813/813/813 812/812/812
f 814/814/814 816/816/816 815/815/815
f 817/817/817 819/819/819 818/818/818
f 820/820/820 822/822/822 821/821/821
f 823/823/823 825/825/825 824/824/824
f 826/826/826 828/828/828 827/827/827
f 829/829/829 831/831/831 830/830/830
f 832/832/832 834/834/834 833/833/833
f 835/835/835 837/837/837 836/836/836
f 838/838/838 840/840/840 839/839/839
f 841/841/841 843/843/843 842/842/842
f 844/844/844 846/846/846 845/845/845
f 847/847/847 849/849/849 848/848/848
f 850/850/850 852/852/852 851/851/851
f 853/853/853 855/855/855 854/854/854
f 856/856/856 858/858/858 857/857/857
f 859/859/859 861/861/861 860/860/860
f 862/862/862 864/864/864 863/863/863
f 865/865/865 867/867/867 866/866/866
f 868/868/868 870/870/870 869/869/869
f 871/871/871 873/873/873 872/872/872
f 874/874/874 876/876/876 875/875/875
f 877/877/877 879/879/879 878/878/878
f 880/880/880 882/882/882 881/881/881
f 883/883/883 885/885/885 884/884/884
f 886/886/886 888/888/888 887/887/887
f 889/889/889 891/891/891 890/890/890
f 892/892/892 894/894/894 893/893/893
f 895/895/895 897/897/897 896/896/896
f 898/898/898 900/900/900 899/899/899
f 901/901/901 903/903/903 902/902/902
f 904/904/904 906/906/906 905/905/905
f 907/907/907 909/909/909 908/908/908
f 910/910/910 912/912/912 911/911/911
f 913/913/913 915/915/915 914/914/914
f 916/916/916 918/918/918 917/917/917
f 919/919/919 921/921/921 920/920/920
f 922/922/922 924/924/924 923/923/923
f 925/925/925 927/927/927 926/926/926
f 928/928/928 930/930/930 929/929/929
f 931/931/931 933/933/933 932/932/932
f 934/934/934 936/936/936 935/935/935
f 937/937/937 939/939/939 938/938/938
f 940/940/940 942/942/942 941/941/941
f 943/943/943 945/945/945 944/944/944
f 946/946/946 948/948/948 947/947/947
f 949/949/949 951/951/951 950/950/950
f 952/952/952 954/954/954 953/953/953
f 955/955/955 957/957/957 956/956/956
f 958/958/958 960/960/960 959/959/959
f 961/961/961 963/963/963 962/962/962
f 964/964/964 966/966/966 965/965/965
f 967/967/967 969/969/969 968/968/968
f 970/970/970 972/972/972 971/971/971
f 973/973/973 975/975/975 974/974/974
f 976/976/976 978/978/978 977/977/977
f 979/979/979 981/981/981 980/980/980
f 982/982/982 984/984/984 983/983/983
f 985/985/985 987/987/987 986/986/986
f 988/988/988 990/990/990 989/989/989
f 991/991/991 993/993/993 992/992/992
f 994/994/994 996/996/996 995/995/995
f 997/997/997 999/999/999 998/998/998
f 1000/1000/1000 1002/1002/1002 1001/1001/1001
f 1003/1003/1003 1005/1005/1005 1004/1004/1004
f 1006/1006/1006 1008/1008/1008 1007/1007/1007
f 1009/1009/1009 1011/1011/1011 1010/1010/1010
f 1012/1012/1012 1014/1014/1014 1013/1013/1013
f 1015/1015/1015 1017/1017/1017 1016/1016/1016
f 1018/1018/1018 1020/1020/1020 1019/1019/1019
f 1021/1021/1021 1023/1023/1023 1022/1022/1022
f 1024/1024/1024 1026/1026/1026 1025/1025/1025
f 1027/1027/1027 1029/1029/1029 1028/1028/1028
f 1030/1030/1030 1032/1032/1032 1031/1031/1031
f 1033/1033/1033 1035/1035/1035 1034/1034/1034
f 1036/1036/1036 1038/1038/1038 1037/1037/1037
f 1039/1039/1039 1041/1041/1041 1040/1040/1040
f 1042/1042/1042 1044/1044/1044 1043/1043/1043
f 1045/1045/1045 1047/1047/1047 1046/1046/1046
f 1048/1048/1048 1050/1050/1050 1049/1049/1049
f 1051/1051/1051 1053/1053/1053 1052/1052/1052
f 1054/1054/1054 1056/1056/1056 1055/1055/1055
f 1057/1057/1057 1059/1059/1059 1058/1058/1058
f 1060/1060/1060 1062/1062/1062 1061/1061/1061
f 1063/1063/1063 1065/1065/1065 1064/1064/1064
f 1066/1066/1066 1068/1068/1068 1067/1067/1067
f 1069/1069/1069 1071/1071/1071 1070/1070/1070
f 1072/1072/1072 1074/1074/1074 1073/1073/1073
f 1075/1075/1075 1077/1077/1077 1076/1076/1076
f 1078/1078/1078 1080/1080/1080 1079/1079/1079
f 1081/1081/1081 1083/1083/1083 1082/1082/1082
f 1084/1084/1084 1086/1086/1086 1085/1085/1085
f 1087/1087/1087 1089/1089/1089 1088/1088/1088
f 1090/1090/1090 1092/1092/1092 1091/1091/1091
f 1093/1093/1093 1095/1095/1095 1094/1094/1094
f 1096/1096/1096 1098/1098/1098 1097/1097/1097
f 1099/1099/1099 1101/1101/1101 1100/1100/1100
f 1102/1102/1102 1104/1104/1104 1103/1103/1103
f 1105/1105/1105 1107/1107/1107 1106/1106/1106
f 1108/1108/1108 1110/1110/1110 1109/1109/1109
f 1111/1111/1111 1113/1113/1113 1112/1112/1112
f 1114/1114/1114 1116/1116/1116 1115/1115/1115
f 1117/1117/1117 1119/1119/1119 1118/1118/1118
f 1120/1120/1120 1122/1122/1122 1121/1121/1121
f 1123/1123/1123 1125/1125/1125 1124/1124/1124
f 1126/1126/1126 1128/1128/1128 1127/1127/1127
f 1129/1129/1129 1131/1131/1131 1130/1130/1130
f 1132/1132/1132 1134/1134/1134 1133/1133/1133
f 1135/1135/1135 1137/1137/1137 1136/1136/1136
f 1138/1138/1138 1140/1140/1140 1139/1139/1139
f 1141/1141/1141 1143/1143/1143 1142/1142/1142
f 1144/1144/1144 1146/1146/1146 1145/1145/1145
f 1147/1147/1147 1149/1149/1149 1148/1148/1148
f 1150/1150/1150 1152/1152/1152 1151/1151/1151
f 1153/1153/1153 1155/1155/1155 1154/1154/1154
f 1156/1156/1156 1158/1158/1158 1157/1157/1157
f 1159/1159/1159 1161/1161/1161 1160/1160/1160
f 1162/1162/1162 1164/1164/1164 1163/1163/1163
f 1165/1165/1165 1167/1167/1167 1166/1166/1166
f 1168/1168/1168 1170/1170/1170 1169/1169/1169
f 1171/1171/1171 1173/1173/1173 1172/1172/1172
f 1174/1174/1174 1176/1176/1176 1175/1175/1175
f 1177/1177/1177 1179/1179/1179 1178/1178/1178
f 1180/1180/1180 1182/1182/1182 1181/1181/1181
f 1183/1183/1183 1185/1185/1185 1184/1184/1184
f 1186/1186/1186 1188/1188/1188 1187/1187/1187
f 1189/1189/1189 1191/1191/1191 1190/1190/1190
f 1192/1192/1192 1194/1194/1194 1193/1193/1193
f 1195/1195/1195 1197/1197/1197 1196/1196/1196
f 1198/1198/1198 1200/1200/1200 1199/1199/1199
f 1201/1201/1201 1203/1203/1203 1202/1202/1202
f 1204/1204/1204 1206/1206/1206 1205/1205/1205
f 1207/1207/1207 1209/1209/1209 1208/1208/1208
f 1210/1210/1210 1212/1212/1212 1211/1211/1211
f 1213/1213/1213 1215/1215/1215 1214/1214/1214
f 1216/1216/1216 1218/1218/1218 1217/1217/1217
f 1219/1219/1219 1221/1221/1221 1220/1220/1220
f 1222/1222/1222 1224/1224/1224 1223/1223/1223
f 1225/1225/1225 1227/1227/1227 1226/1226/1226
f 1228/1228/1228 1230/1230/1230 1229/1229/1229
f 1231/1231/1231 1233/1233/1233 1232/1232/1232
f 1234/1234/1234 1236/1236/1236 1235/1235/1235
f 1237/1237/1237 1239/1239/1239 1238/1238/1238
f 1240/1240/1240 1242/1242/1242 1241/1241/1241
f 1243/1243/1243 1245/1245/1245 1244/1244/1244
f 1246/1246/1246 1248/1248/1248 1247/1247/1247
f 1249/1249/1249 1251/1251/1251 1250/1250/1250
f 1252/1252/1252 1254/1254/1254 1253/1253/1253
f 1255/1255/1255 1257/1257/1257 1256/1256/1256
f 1258/1258/1258 1260/1260/1260 1259/1259/1259
f 1261/1261/1261 1263/1263/1263 1262/1262/1262
f 1264/1264/1264 1266/1266/1266 1265/1265/1265
f 1267/1267/1267 1269/1269/1269 1268/1268/1268
f 1270/1270/1270 1272/1272/1272 1271/1271/1271
f 1273/1273/1273 1275/1275/1275 1274/1274/1274
f 1276/1276/1276 1278/1278/1278 1277/1277/1277
f 1279/1279/1279 1281/1281/1281 1280/1280/1280
f 1282/1282/1282 1284/1284/1284 1283/1283/1283
f 1285/1285/1285 1287/1287/1287 1286/1286/1286
f 1288/1288/1288 1290/1290/1290 1289/1289/1289
f 1291/1291/1291 1293/1293/1293 1292/1292/1292
f 1294/1294/1294 1296/1296/1296 1295/1295/1295
f 1297/1297/1297 1299/1299/1299 1298/1298/1298
f 1300/1300/1300 1302/1302/1302 1301/1301/1301
f 1303/1303/1303 1305/1305/1305 1304/1304/1304
f 1306/1306/1306 1308/1308/1308 1307/1307/1307
f 1309/1309/1309 1311/1311/1311 1310/1310/1310
f 1312/1312/1312 1314/1314/1314 1313/1313/1313
f 1315/1315/1315 1317/1317/1317 1316/1316/1316
f 1318/1318/1318 1320/1320/1320 1319/1319/1319
f 1321/1321/1321 1323/1323/1323 1322/1322/1322
f 1324/1324/1324 1326/1326/1326 1325/1325/1325
f 1327/1327/1327 1329/1329/1329 1328/1328/1328
f 1330/1330/1330 1332/1332/1332 1331/1331/1331
f 1333/1333/1333 1335/1335/1335 1334/1334/1334
f 1336/1336/1336 1338/1338/1338 1337/1337/1337
f 1339/1339/1339 1341/1341/1341 1340/1340/1340
f 1342/1342/1342 1344/1344/1344 1343/1343/1343
f 1345/1345/1345 1347/1347/1347 1346/1346/1346
f 1348/1348/1348 1350/1350/1350 1349/1349/1349
f 1351/1351/1351 1353/1353/1353 1352/1352/1352
f 1354/1354/1354 1356/1356/1356 1355/1355/1355
f 1357/1357/1357 1359/1359/1359 1358/1358/1358
f 1360/1360/1360 1362/1362/1362 1361/1361/1361
f 1363/1363/1363 1365/1365/1365 1364/1364/1364
f 1366/1366/1366 1368/1368/1368 1367/1367/1367
f 1369/1369/1369 1371/1371/1371 1370/1370/1370
f 1372/1372/1372 1374/1374/1374 1373/1373/1373
f 1375/1375/1375 1377/1377/1377 1376/1376/1376
f 1378/1378/1378 1380/1380/1380 1379/1379/1379
f 1381/1381/1381 1383/1383/1383 1382/1382/1382
f 1384/1384/1384 1386/1386/1386 1385/1385/1385
f 1387/1387/1387 1389/1389/1389 1388/1388/1388
f 1390/1390/1390 1392/1392/1392 1391/1391/1391
