
o id 1 model 1
v -0.681400 0.033700 -1.842900
v -0.664900 0.025900 -1.842900
v -0.678800 0.037200 -1.841100
v -0.678800 0.037200 -1.841100
v -0.664900 0.025900 -1.842900
v -0.675400 0.040100 -1.838600
v -0.683300 0.029400 -1.845100
v -0.664900 0.025900 -1.842900
v -0.681400 0.033700 -1.842900
v -0.675400 0.040100 -1.838600
v -0.664900 0.025900 -1.842900
v -0.671100 0.041700 -1.836600
v -0.683700 0.024700 -1.846300
v -0.664900 0.025900 -1.842900
v -0.683300 0.029400 -1.845100
v -0.671100 0.041700 -1.836600
v -0.664900 0.025900 -1.842900
v -0.666700 0.042300 -1.834300
v -0.683300 0.020500 -1.847700
v -0.664900 0.025900 -1.842900
v -0.683700 0.024700 -1.846300
v -0.666700 0.042300 -1.834300
v -0.664900 0.025900 -1.842900
v -0.661800 0.041800 -1.832800
v -0.681700 0.016100 -1.847700
v -0.664900 0.025900 -1.842900
v -0.683300 0.020500 -1.847700
v -0.661800 0.041800 -1.832800
v -0.664900 0.025900 -1.842900
v -0.657700 0.040200 -1.831200
v -0.678700 0.012700 -1.848000
v -0.664900 0.025900 -1.842900
v -0.681700 0.016100 -1.847700
v -0.657700 0.040200 -1.831200
v -0.664900 0.025900 -1.842900
v -0.653700 0.037300 -1.830900
v -0.675500 0.010000 -1.847000
v -0.664900 0.025900 -1.842900
v -0.678700 0.012700 -1.848000
v -0.653700 0.037300 -1.830900
v -0.664900 0.025900 -1.842900
v -0.651000 0.033700 -1.830400
v -0.671200 0.008300 -1.846100
v -0.664900 0.025900 -1.842900
v -0.675500 0.010000 -1.847000
v -0.651000 0.033700 -1.830400
v -0.664900 0.025900 -1.842900
v -0.649300 0.029500 -1.831200
v -0.666400 0.007600 -1.844100
v -0.664900 0.025900 -1.842900
v -0.671200 0.008300 -1.846100
v -0.649300 0.029500 -1.831200
v -0.664900 0.025900 -1.842900
v -0.648700 0.024900 -1.832100
v -0.661500 0.008200 -1.842200
v -0.664900 0.025900 -1.842900
v -0.666400 0.007600 -1.844100
v -0.648700 0.024900 -1.832100
v -0.664900 0.025900 -1.842900
v -0.649500 0.020300 -1.833800
v -0.657500 0.009600 -1.840000
v -0.664900 0.025900 -1.842900
v -0.661500 0.008200 -1.842200
v -0.649500 0.020300 -1.833800
v -0.664900 0.025900 -1.842900
v -0.651200 0.016000 -1.835600
v -0.654000 0.012400 -1.837900
v -0.664900 0.025900 -1.842900
v -0.657500 0.009600 -1.840000
v -0.651200 0.016000 -1.835600
v -0.664900 0.025900 -1.842900
v -0.654000 0.012400 -1.837900
v -0.744700 0.028700 -1.846600
v -0.763700 0.029800 -1.842800
v -0.745300 0.024300 -1.847700
v -0.745300 0.024300 -1.847700
v -0.763700 0.029800 -1.842800
v -0.747200 0.019600 -1.848100
v -0.745300 0.033300 -1.845100
v -0.763700 0.029800 -1.842800
v -0.744700 0.028700 -1.846600
v -0.747200 0.019600 -1.848100
v -0.763700 0.029800 -1.842800
v -0.750100 0.016100 -1.847900
v -0.746900 0.037500 -1.843200
v -0.763700 0.029800 -1.842800
v -0.745300 0.033300 -1.845100
v -0.750100 0.016100 -1.847900
v -0.763700 0.029800 -1.842800
v -0.753400 0.013500 -1.847200
v -0.749700 0.041200 -1.841100
v -0.763700 0.029800 -1.842800
v -0.746900 0.037500 -1.843200
v -0.753400 0.013500 -1.847200
v -0.763700 0.029800 -1.842800
v -0.757600 0.012000 -1.846100
v -0.753200 0.044000 -1.838900
v -0.763700 0.029800 -1.842800
v -0.749700 0.041200 -1.841100
v -0.757600 0.012000 -1.846100
v -0.763700 0.029800 -1.842800
v -0.762000 0.011400 -1.844400
v -0.757900 0.045800 -1.836500
v -0.763700 0.029800 -1.842800
v -0.753200 0.044000 -1.838900
v -0.762000 0.011400 -1.844400
v -0.763700 0.029800 -1.842800
v -0.766800 0.011900 -1.842400
v -0.762300 0.046400 -1.834400
v -0.763700 0.029800 -1.842800
v -0.757900 0.045800 -1.836500
v -0.766800 0.011900 -1.842400
v -0.763700 0.029800 -1.842800
v -0.771100 0.013500 -1.840000
v -0.766800 0.045800 -1.832800
v -0.763700 0.029800 -1.842800
v -0.762300 0.046400 -1.834400
v -0.771100 0.013500 -1.840000
v -0.763700 0.029800 -1.842800
v -0.774600 0.016500 -1.837900
v -0.771200 0.044000 -1.831300
v -0.763700 0.029800 -1.842800
v -0.766800 0.045800 -1.832800
v -0.774600 0.016500 -1.837900
v -0.763700 0.029800 -1.842800
v -0.777600 0.019900 -1.835600
v -0.774700 0.041100 -1.830900
v -0.763700 0.029800 -1.842800
v -0.771200 0.044000 -1.831300
v -0.777600 0.019900 -1.835600
v -0.763700 0.029800 -1.842800
v -0.779300 0.024300 -1.833800
v -0.777700 0.037600 -1.830700
v -0.763700 0.029800 -1.842800
v -0.774700 0.041100 -1.830900
v -0.779300 0.024300 -1.833800
v -0.763700 0.029800 -1.842800
v -0.780100 0.028700 -1.832100
v -0.779400 0.033300 -1.831200
v -0.763700 0.029800 -1.842800
v -0.777700 0.037600 -1.830700
v -0.780100 0.028700 -1.832100
v -0.763700 0.029800 -1.842800
v -0.779400 0.033300 -1.831200
v -0.749200 -0.058300 -1.845600
v -0.763400 -0.046900 -1.846600
v -0.753000 -0.061300 -1.843200
v -0.753000 -0.061300 -1.843200
v -0.763400 -0.046900 -1.846600
v -0.757000 -0.062900 -1.840800
v -0.746500 -0.054900 -1.847800
v -0.763400 -0.046900 -1.846600
v -0.749200 -0.058300 -1.845600
v -0.757000 -0.062900 -1.840800
v -0.763400 -0.046900 -1.846600
v -0.761800 -0.063600 -1.838600
v -0.744700 -0.050500 -1.849700
v -0.763400 -0.046900 -1.846600
v -0.746500 -0.054900 -1.847800
v -0.761800 -0.063600 -1.838600
v -0.763400 -0.046900 -1.846600
v -0.766400 -0.063100 -1.836700
v -0.744100 -0.046100 -1.851200
v -0.763400 -0.046900 -1.846600
v -0.744700 -0.050500 -1.849700
v -0.766400 -0.063100 -1.836700
v -0.763400 -0.046900 -1.846600
v -0.770600 -0.061300 -1.835100
v -0.744700 -0.041500 -1.852000
v -0.763400 -0.046900 -1.846600
v -0.744100 -0.046100 -1.851200
v -0.770600 -0.061300 -1.835100
v -0.763400 -0.046900 -1.846600
v -0.774200 -0.058500 -1.834200
v -0.746500 -0.037200 -1.852400
v -0.763400 -0.046900 -1.846600
v -0.744700 -0.041500 -1.852000
v -0.774200 -0.058500 -1.834200
v -0.763400 -0.046900 -1.846600
v -0.777200 -0.054800 -1.833800
v -0.749200 -0.033700 -1.852000
v -0.763400 -0.046900 -1.846600
v -0.746500 -0.037200 -1.852400
v -0.777200 -0.054800 -1.833800
v -0.763400 -0.046900 -1.846600
v -0.778900 -0.050500 -1.834200
v -0.753100 -0.030700 -1.851100
v -0.763400 -0.046900 -1.846600
v -0.749200 -0.033700 -1.852000
v -0.778900 -0.050500 -1.834200
v -0.763400 -0.046900 -1.846600
v -0.779600 -0.046000 -1.835000
v -0.757100 -0.029100 -1.849600
v -0.763400 -0.046900 -1.846600
v -0.753100 -0.030700 -1.851100
v -0.779600 -0.046000 -1.835000
v -0.763400 -0.046900 -1.846600
v -0.778800 -0.041500 -1.836500
v -0.761900 -0.028400 -1.847600
v -0.763400 -0.046900 -1.846600
v -0.757100 -0.029100 -1.849600
v -0.778800 -0.041500 -1.836500
v -0.763400 -0.046900 -1.846600
v -0.777200 -0.037200 -1.838400
v -0.766400 -0.029000 -1.845400
v -0.763400 -0.046900 -1.846600
v -0.761900 -0.028400 -1.847600
v -0.777200 -0.037200 -1.838400
v -0.763400 -0.046900 -1.846600
v -0.774400 -0.033700 -1.840600
v -0.770700 -0.030800 -1.843000
v -0.763400 -0.046900 -1.846600
v -0.766400 -0.029000 -1.845400
v -0.774400 -0.033700 -1.840600
v -0.763400 -0.046900 -1.846600
v -0.770700 -0.030800 -1.843000
v -0.684300 -0.054100 -1.848200
v -0.665600 -0.050700 -1.845600
v -0.684900 -0.049700 -1.849800
v -0.684900 -0.049700 -1.849800
v -0.665600 -0.050700 -1.845600
v -0.684100 -0.045100 -1.850800
v -0.682500 -0.058500 -1.846200
v -0.665600 -0.050700 -1.845600
v -0.684300 -0.054100 -1.848200
v -0.684100 -0.045100 -1.850800
v -0.665600 -0.050700 -1.845600
v -0.682500 -0.040800 -1.851400
v -0.679500 -0.062200 -1.843900
v -0.665600 -0.050700 -1.845600
v -0.682500 -0.058500 -1.846200
v -0.682500 -0.040800 -1.851400
v -0.665600 -0.050700 -1.845600
v -0.679600 -0.037300 -1.851100
v -0.676000 -0.064900 -1.841500
v -0.665600 -0.050700 -1.845600
v -0.679500 -0.062200 -1.843900
v -0.679600 -0.037300 -1.851100
v -0.665600 -0.050700 -1.845600
v -0.676000 -0.034400 -1.850400
v -0.671700 -0.066500 -1.839100
v -0.665600 -0.050700 -1.845600
v -0.676000 -0.064900 -1.841500
v -0.676000 -0.034400 -1.850400
v -0.665600 -0.050700 -1.845600
v -0.671700 -0.032600 -1.849000
v -0.667200 -0.067200 -1.836900
v -0.665600 -0.050700 -1.845600
v -0.671700 -0.066500 -1.839100
v -0.671700 -0.032600 -1.849000
v -0.665600 -0.050700 -1.845600
v -0.667100 -0.032000 -1.847200
v -0.662600 -0.066600 -1.835200
v -0.665600 -0.050700 -1.845600
v -0.667200 -0.067200 -1.836900
v -0.667100 -0.032000 -1.847200
v -0.665600 -0.050700 -1.845600
v -0.662600 -0.032600 -1.845000
v -0.658400 -0.064900 -1.833800
v -0.665600 -0.050700 -1.845600
v -0.662600 -0.066600 -1.835200
v -0.662600 -0.032600 -1.845000
v -0.665600 -0.050700 -1.845600
v -0.658200 -0.034400 -1.842600
v -0.654600 -0.061900 -1.833000
v -0.665600 -0.050700 -1.845600
v -0.658400 -0.064900 -1.833800
v -0.658200 -0.034400 -1.842600
v -0.665600 -0.050700 -1.845600
v -0.654700 -0.037300 -1.840200
v -0.651800 -0.058400 -1.832800
v -0.665600 -0.050700 -1.845600
v -0.654600 -0.061900 -1.833000
v -0.654700 -0.037300 -1.840200
v -0.665600 -0.050700 -1.845600
v -0.651800 -0.040800 -1.837900
v -0.650100 -0.054100 -1.833300
v -0.665600 -0.050700 -1.845600
v -0.651800 -0.058400 -1.832800
v -0.651800 -0.040800 -1.837900
v -0.665600 -0.050700 -1.845600
v -0.650100 -0.045200 -1.836000
v -0.649500 -0.049600 -1.834300
v -0.665600 -0.050700 -1.845600
v -0.650100 -0.054100 -1.833300
v -0.650100 -0.045200 -1.836000
v -0.665600 -0.050700 -1.845600
v -0.649500 -0.049600 -1.834300
v 0.681400 0.033700 -1.842900
v 0.678800 0.037200 -1.841100
v 0.664900 0.025900 -1.842900
v 0.678800 0.037200 -1.841100
v 0.675400 0.040100 -1.838600
v 0.664900 0.025900 -1.842900
v 0.683300 0.029400 -1.845100
v 0.681400 0.033700 -1.842900
v 0.664900 0.025900 -1.842900
v 0.675400 0.040100 -1.838600
v 0.671100 0.041700 -1.836600
v 0.664900 0.025900 -1.842900
v 0.671100 0.041700 -1.836600
v 0.666700 0.042300 -1.834300
v 0.664900 0.025900 -1.842900
v 0.666700 0.042300 -1.834300
v 0.661800 0.041800 -1.832800
v 0.664900 0.025900 -1.842900
v 0.661800 0.041800 -1.832800
v 0.657700 0.040200 -1.831200
v 0.664900 0.025900 -1.842900
v 0.657700 0.040200 -1.831200
v 0.653700 0.037300 -1.830900
v 0.664900 0.025900 -1.842900
v 0.653700 0.037300 -1.830900
v 0.651000 0.033700 -1.830400
v 0.664900 0.025900 -1.842900
v 0.651000 0.033700 -1.830400
v 0.649300 0.029500 -1.831200
v 0.664900 0.025900 -1.842900
v 0.649300 0.029500 -1.831200
v 0.648700 0.024900 -1.832100
v 0.664900 0.025900 -1.842900
v 0.648700 0.024900 -1.832100
v 0.649500 0.020300 -1.833800
v 0.664900 0.025900 -1.842900
v 0.649500 0.020300 -1.833800
v 0.651200 0.016000 -1.835600
v 0.664900 0.025900 -1.842900
v 0.651200 0.016000 -1.835600
v 0.654000 0.012400 -1.837900
v 0.664900 0.025900 -1.842900
v 0.654000 0.012400 -1.837900
v 0.657500 0.009600 -1.840000
v 0.664900 0.025900 -1.842900
v 0.657500 0.009600 -1.840000
v 0.661500 0.008200 -1.842200
v 0.664900 0.025900 -1.842900
v 0.661500 0.008200 -1.842200
v 0.666400 0.007600 -1.844100
v 0.664900 0.025900 -1.842900
v 0.666400 0.007600 -1.844100
v 0.671200 0.008300 -1.846100
v 0.664900 0.025900 -1.842900
v 0.671200 0.008300 -1.846100
v 0.675500 0.010000 -1.847000
v 0.664900 0.025900 -1.842900
v 0.675500 0.010000 -1.847000
v 0.678700 0.012700 -1.848000
v 0.664900 0.025900 -1.842900
v 0.678700 0.012700 -1.848000
v 0.681700 0.016100 -1.847700
v 0.664900 0.025900 -1.842900
v 0.681700 0.016100 -1.847700
v 0.683300 0.020400 -1.847700
v 0.664900 0.025900 -1.842900
v 0.683300 0.020400 -1.847700
v 0.683700 0.024700 -1.846300
v 0.664900 0.025900 -1.842900
v 0.683700 0.024700 -1.846300
v 0.683300 0.029400 -1.845100
v 0.664900 0.025900 -1.842900
v 0.744700 0.028700 -1.846600
v 0.745300 0.024300 -1.847700
v 0.763700 0.029800 -1.842800
v 0.745300 0.024300 -1.847700
v 0.747200 0.019600 -1.848100
v 0.763700 0.029800 -1.842800
v 0.745300 0.033300 -1.845100
v 0.744700 0.028700 -1.846600
v 0.763700 0.029800 -1.842800
v 0.747200 0.019600 -1.848100
v 0.750100 0.016100 -1.847900
v 0.763700 0.029800 -1.842800
v 0.750100 0.016100 -1.847900
v 0.753400 0.013500 -1.847200
v 0.763700 0.029800 -1.842800
v 0.753400 0.013500 -1.847200
v 0.757600 0.012000 -1.846100
v 0.763700 0.029800 -1.842800
v 0.757600 0.012000 -1.846100
v 0.762000 0.011400 -1.844400
v 0.763700 0.029800 -1.842800
v 0.762000 0.011400 -1.844400
v 0.766800 0.011900 -1.842400
v 0.763700 0.029800 -1.842800
v 0.766800 0.011900 -1.842400
v 0.771100 0.013500 -1.840000
v 0.763700 0.029800 -1.842800
v 0.771100 0.013500 -1.840000
v 0.774600 0.016500 -1.837900
v 0.763700 0.029800 -1.842800
v 0.774600 0.016500 -1.837900
v 0.777600 0.019900 -1.835600
v 0.763700 0.029800 -1.842800
v 0.777600 0.019900 -1.835600
v 0.779300 0.024300 -1.833800
v 0.763700 0.029800 -1.842800
v 0.779300 0.024300 -1.833800
v 0.780100 0.028700 -1.832100
v 0.763700 0.029800 -1.842800
v 0.780100 0.028700 -1.832100
v 0.779400 0.033300 -1.831200
v 0.763700 0.029800 -1.842800
v 0.779400 0.033300 -1.831200
v 0.777700 0.037600 -1.830700
v 0.763700 0.029800 -1.842800
v 0.777700 0.037600 -1.830700
v 0.774700 0.041100 -1.830900
v 0.763700 0.029800 -1.842800
v 0.774700 0.041100 -1.830900
v 0.771200 0.044000 -1.831300
v 0.763700 0.029800 -1.842800
v 0.771200 0.044000 -1.831300
v 0.766800 0.045800 -1.832800
v 0.763700 0.029800 -1.842800
v 0.766800 0.045800 -1.832800
v 0.762300 0.046400 -1.834400
v 0.763700 0.029800 -1.842800
v 0.762300 0.046400 -1.834400
v 0.757900 0.045800 -1.836500
v 0.763700 0.029800 -1.842800
v 0.757900 0.045800 -1.836500
v 0.753200 0.044000 -1.838900
v 0.763700 0.029800 -1.842800
v 0.753200 0.044000 -1.838900
v 0.749700 0.041200 -1.841100
v 0.763700 0.029800 -1.842800
v 0.749700 0.041200 -1.841100
v 0.746900 0.037500 -1.843200
v 0.763700 0.029800 -1.842800
v 0.746900 0.037500 -1.843200
v 0.745300 0.033300 -1.845100
v 0.763700 0.029800 -1.842800
v 0.749200 -0.058300 -1.845600
v 0.753000 -0.061300 -1.843200
v 0.763400 -0.046900 -1.846600
v 0.753000 -0.061300 -1.843200
v 0.757000 -0.062900 -1.840800
v 0.763400 -0.046900 -1.846600
v 0.746500 -0.054900 -1.847800
v 0.749200 -0.058300 -1.845600
v 0.763400 -0.046900 -1.846600
v 0.757000 -0.062900 -1.840800
v 0.761800 -0.063600 -1.838600
v 0.763400 -0.046900 -1.846600
v 0.761800 -0.063600 -1.838600
v 0.766400 -0.063100 -1.836700
v 0.763400 -0.046900 -1.846600
v 0.766400 -0.063100 -1.836700
v 0.770600 -0.061300 -1.835100
v 0.763400 -0.046900 -1.846600
v 0.770600 -0.061300 -1.835100
v 0.774200 -0.058500 -1.834200
v 0.763400 -0.046900 -1.846600
v 0.774200 -0.058500 -1.834200
v 0.777200 -0.054800 -1.833800
v 0.763400 -0.046900 -1.846600
v 0.777200 -0.054800 -1.833800
v 0.778900 -0.050500 -1.834200
v 0.763400 -0.046900 -1.846600
v 0.778900 -0.050500 -1.834200
v 0.779600 -0.046000 -1.835000
v 0.763400 -0.046900 -1.846600
v 0.779600 -0.046000 -1.835000
v 0.778800 -0.041500 -1.836500
v 0.763400 -0.046900 -1.846600
v 0.778800 -0.041500 -1.836500
v 0.777200 -0.037200 -1.838400
v 0.763400 -0.046900 -1.846600
v 0.777200 -0.037200 -1.838400
v 0.774400 -0.033700 -1.840600
v 0.763400 -0.046900 -1.846600
v 0.774400 -0.033700 -1.840600
v 0.770700 -0.030800 -1.843000
v 0.763400 -0.046900 -1.846600
v 0.770700 -0.030800 -1.843000
v 0.766400 -0.029000 -1.845400
v 0.763400 -0.046900 -1.846600
v 0.766400 -0.029000 -1.845400
v 0.761900 -0.028400 -1.847600
v 0.763400 -0.046900 -1.846600
v 0.761900 -0.028400 -1.847600
v 0.757100 -0.029100 -1.849600
v 0.763400 -0.046900 -1.846600
v 0.757100 -0.029100 -1.849600
v 0.753100 -0.030700 -1.851100
v 0.763400 -0.046900 -1.846600
v 0.753100 -0.030700 -1.851100
v 0.749200 -0.033700 -1.852000
v 0.763400 -0.046900 -1.846600
v 0.749200 -0.033700 -1.852000
v 0.746500 -0.037200 -1.852400
v 0.763400 -0.046900 -1.846600
v 0.746500 -0.037200 -1.852400
v 0.744700 -0.041500 -1.852000
v 0.763400 -0.046900 -1.846600
v 0.744700 -0.041500 -1.852000
v 0.744100 -0.046100 -1.851200
v 0.763400 -0.046900 -1.846600
v 0.744100 -0.046100 -1.851200
v 0.744700 -0.050500 -1.849700
v 0.763400 -0.046900 -1.846600
v 0.744700 -0.050500 -1.849700
v 0.746500 -0.054900 -1.847800
v 0.763400 -0.046900 -1.846600
v 0.684300 -0.054100 -1.848200
v 0.684900 -0.049700 -1.849800
v 0.665600 -0.050700 -1.845600
v 0.684900 -0.049700 -1.849800
v 0.684100 -0.045100 -1.850800
v 0.665600 -0.050700 -1.845600
v 0.682500 -0.058500 -1.846200
v 0.684300 -0.054100 -1.848200
v 0.665600 -0.050700 -1.845600
v 0.684100 -0.045100 -1.850800
v 0.682500 -0.040800 -1.851400
v 0.665600 -0.050700 -1.845600
v 0.682500 -0.040800 -1.851400
v 0.679600 -0.037300 -1.851100
v 0.665600 -0.050700 -1.845600
v 0.679600 -0.037300 -1.851100
v 0.676000 -0.034400 -1.850400
v 0.665600 -0.050700 -1.845600
v 0.676000 -0.034400 -1.850400
v 0.671700 -0.032600 -1.849000
v 0.665600 -0.050700 -1.845600
v 0.671700 -0.032600 -1.849000
v 0.667100 -0.032000 -1.847200
v 0.665600 -0.050700 -1.845600
v 0.667100 -0.032000 -1.847200
v 0.662600 -0.032600 -1.845000
v 0.665600 -0.050700 -1.845600
v 0.662600 -0.032600 -1.845000
v 0.658200 -0.034400 -1.842600
v 0.665600 -0.050700 -1.845600
v 0.658200 -0.034400 -1.842600
v 0.654700 -0.037300 -1.840200
v 0.665600 -0.050700 -1.845600
v 0.654700 -0.037300 -1.840200
v 0.651800 -0.040800 -1.837900
v 0.665600 -0.050700 -1.845600
v 0.651800 -0.040800 -1.837900
v 0.650100 -0.045200 -1.836000
v 0.665600 -0.050700 -1.845600
v 0.650100 -0.045200 -1.836000
v 0.649500 -0.049600 -1.834300
v 0.665600 -0.050700 -1.845600
v 0.649500 -0.049600 -1.834300
v 0.650100 -0.054100 -1.833300
v 0.665600 -0.050700 -1.845600
v 0.650100 -0.054100 -1.833300
v 0.651800 -0.058400 -1.832800
v 0.665600 -0.050700 -1.845600
v 0.651800 -0.058400 -1.832800
v 0.654600 -0.061900 -1.833000
v 0.665600 -0.050700 -1.845600
v 0.654600 -0.061900 -1.833000
v 0.658400 -0.064900 -1.833800
v 0.665600 -0.050700 -1.845600
v 0.658400 -0.064900 -1.833800
v 0.662600 -0.066600 -1.835200
v 0.665600 -0.050700 -1.845600
v 0.662600 -0.066600 -1.835200
v 0.667200 -0.067200 -1.836900
v 0.665600 -0.050700 -1.845600
v 0.667200 -0.067200 -1.836900
v 0.671700 -0.066500 -1.839100
v 0.665600 -0.050700 -1.845600
v 0.671700 -0.066500 -1.839100
v 0.676000 -0.064900 -1.841500
v 0.665600 -0.050700 -1.845600
v 0.676000 -0.064900 -1.841500
v 0.679500 -0.062200 -1.843900
v 0.665600 -0.050700 -1.845600
v 0.679500 -0.062200 -1.843900
v 0.682500 -0.058500 -1.846200
v 0.665600 -0.050700 -1.845600
v -0.681400 0.033700 -1.842900
v -0.670500 0.022100 -1.829200
v -0.678800 0.037200 -1.841100
v -0.678800 0.037200 -1.841100
v -0.670500 0.022100 -1.829200
v -0.675400 0.040100 -1.838600
v -0.683300 0.029400 -1.845100
v -0.670500 0.022100 -1.829200
v -0.681400 0.033700 -1.842900
v -0.675400 0.040100 -1.838600
v -0.670500 0.022100 -1.829200
v -0.671100 0.041700 -1.836600
v -0.683700 0.024700 -1.846300
v -0.670500 0.022100 -1.829200
v -0.683300 0.029400 -1.845100
v -0.671100 0.041700 -1.836600
v -0.670500 0.022100 -1.829200
v -0.666700 0.042300 -1.834300
v -0.683300 0.020500 -1.847700
v -0.670500 0.022100 -1.829200
v -0.683700 0.024700 -1.846300
v -0.666700 0.042300 -1.834300
v -0.670500 0.022100 -1.829200
v -0.661800 0.041800 -1.832800
v -0.681700 0.016100 -1.847700
v -0.670500 0.022100 -1.829200
v -0.683300 0.020500 -1.847700
v -0.661800 0.041800 -1.832800
v -0.670500 0.022100 -1.829200
v -0.657700 0.040200 -1.831200
v -0.678700 0.012700 -1.848000
v -0.670500 0.022100 -1.829200
v -0.681700 0.016100 -1.847700
v -0.657700 0.040200 -1.831200
v -0.670500 0.022100 -1.829200
v -0.653700 0.037300 -1.830900
v -0.675500 0.010000 -1.847000
v -0.670500 0.022100 -1.829200
v -0.678700 0.012700 -1.848000
v -0.653700 0.037300 -1.830900
v -0.670500 0.022100 -1.829200
v -0.651000 0.033700 -1.830400
v -0.671200 0.008300 -1.846100
v -0.670500 0.022100 -1.829200
v -0.675500 0.010000 -1.847000
v -0.651000 0.033700 -1.830400
v -0.670500 0.022100 -1.829200
v -0.649300 0.029500 -1.831200
v -0.666400 0.007600 -1.844100
v -0.670500 0.022100 -1.829200
v -0.671200 0.008300 -1.846100
v -0.649300 0.029500 -1.831200
v -0.670500 0.022100 -1.829200
v -0.648700 0.024900 -1.832100
v -0.661500 0.008200 -1.842200
v -0.670500 0.022100 -1.829200
v -0.666400 0.007600 -1.844100
v -0.648700 0.024900 -1.832100
v -0.670500 0.022100 -1.829200
v -0.649500 0.020300 -1.833800
v -0.657500 0.009600 -1.840000
v -0.670500 0.022100 -1.829200
v -0.661500 0.008200 -1.842200
v -0.649500 0.020300 -1.833800
v -0.670500 0.022100 -1.829200
v -0.651200 0.016000 -1.835600
v -0.654000 0.012400 -1.837900
v -0.670500 0.022100 -1.829200
v -0.657500 0.009600 -1.840000
v -0.651200 0.016000 -1.835600
v -0.670500 0.022100 -1.829200
v -0.654000 0.012400 -1.837900
v -0.746500 -0.054900 -1.847800
v -0.757200 -0.043400 -1.833100
v -0.749200 -0.058300 -1.845600
v -0.749200 -0.058300 -1.845600
v -0.757200 -0.043400 -1.833100
v -0.753000 -0.061300 -1.843200
v -0.744700 -0.050500 -1.849700
v -0.757200 -0.043400 -1.833100
v -0.746500 -0.054900 -1.847800
v -0.753000 -0.061300 -1.843200
v -0.757200 -0.043400 -1.833100
v -0.757000 -0.062900 -1.840800
v -0.744100 -0.046100 -1.851200
v -0.757200 -0.043400 -1.833100
v -0.744700 -0.050500 -1.849700
v -0.757000 -0.062900 -1.840800
v -0.757200 -0.043400 -1.833100
v -0.761800 -0.063600 -1.838600
v -0.744700 -0.041500 -1.852000
v -0.757200 -0.043400 -1.833100
v -0.744100 -0.046100 -1.851200
v -0.761800 -0.063600 -1.838600
v -0.757200 -0.043400 -1.833100
v -0.766400 -0.063100 -1.836700
v -0.746500 -0.037200 -1.852400
v -0.757200 -0.043400 -1.833100
v -0.744700 -0.041500 -1.852000
v -0.766400 -0.063100 -1.836700
v -0.757200 -0.043400 -1.833100
v -0.770600 -0.061300 -1.835100
v -0.749200 -0.033700 -1.852000
v -0.757200 -0.043400 -1.833100
v -0.746500 -0.037200 -1.852400
v -0.770600 -0.061300 -1.835100
v -0.757200 -0.043400 -1.833100
v -0.774200 -0.058500 -1.834200
v -0.753100 -0.030700 -1.851100
v -0.757200 -0.043400 -1.833100
v -0.749200 -0.033700 -1.852000
v -0.774200 -0.058500 -1.834200
v -0.757200 -0.043400 -1.833100
v -0.777200 -0.054800 -1.833800
v -0.757100 -0.029100 -1.849600
v -0.757200 -0.043400 -1.833100
v -0.753100 -0.030700 -1.851100
v -0.777200 -0.054800 -1.833800
v -0.757200 -0.043400 -1.833100
v -0.778900 -0.050500 -1.834200
v -0.761900 -0.028400 -1.847600
v -0.757200 -0.043400 -1.833100
v -0.757100 -0.029100 -1.849600
v -0.778900 -0.050500 -1.834200
v -0.757200 -0.043400 -1.833100
v -0.779600 -0.046000 -1.835000
v -0.766400 -0.029000 -1.845400
v -0.757200 -0.043400 -1.833100
v -0.761900 -0.028400 -1.847600
v -0.779600 -0.046000 -1.835000
v -0.757200 -0.043400 -1.833100
v -0.778800 -0.041500 -1.836500
v -0.770700 -0.030800 -1.843000
v -0.757200 -0.043400 -1.833100
v -0.766400 -0.029000 -1.845400
v -0.778800 -0.041500 -1.836500
v -0.757200 -0.043400 -1.833100
v -0.777200 -0.037200 -1.838400
v -0.774400 -0.033700 -1.840600
v -0.757200 -0.043400 -1.833100
v -0.770700 -0.030800 -1.843000
v -0.777200 -0.037200 -1.838400
v -0.757200 -0.043400 -1.833100
v -0.774400 -0.033700 -1.840600
v -0.746900 0.037500 -1.843200
v -0.758200 0.025900 -1.829200
v -0.745300 0.033300 -1.845100
v -0.745300 0.033300 -1.845100
v -0.758200 0.025900 -1.829200
v -0.744700 0.028700 -1.846600
v -0.749700 0.041200 -1.841100
v -0.758200 0.025900 -1.829200
v -0.746900 0.037500 -1.843200
v -0.744700 0.028700 -1.846600
v -0.758200 0.025900 -1.829200
v -0.745300 0.024300 -1.847700
v -0.753200 0.044000 -1.838900
v -0.758200 0.025900 -1.829200
v -0.749700 0.041200 -1.841100
v -0.745300 0.024300 -1.847700
v -0.758200 0.025900 -1.829200
v -0.747200 0.019600 -1.848100
v -0.757900 0.045800 -1.836500
v -0.758200 0.025900 -1.829200
v -0.753200 0.044000 -1.838900
v -0.747200 0.019600 -1.848100
v -0.758200 0.025900 -1.829200
v -0.750100 0.016100 -1.847900
v -0.762300 0.046400 -1.834400
v -0.758200 0.025900 -1.829200
v -0.757900 0.045800 -1.836500
v -0.750100 0.016100 -1.847900
v -0.758200 0.025900 -1.829200
v -0.753400 0.013500 -1.847200
v -0.766800 0.045800 -1.832800
v -0.758200 0.025900 -1.829200
v -0.762300 0.046400 -1.834400
v -0.753400 0.013500 -1.847200
v -0.758200 0.025900 -1.829200
v -0.757600 0.012000 -1.846100
v -0.771200 0.044000 -1.831300
v -0.758200 0.025900 -1.829200
v -0.766800 0.045800 -1.832800
v -0.757600 0.012000 -1.846100
v -0.758200 0.025900 -1.829200
v -0.762000 0.011400 -1.844400
v -0.774700 0.041100 -1.830900
v -0.758200 0.025900 -1.829200
v -0.771200 0.044000 -1.831300
v -0.762000 0.011400 -1.844400
v -0.758200 0.025900 -1.829200
v -0.766800 0.011900 -1.842400
v -0.777700 0.037600 -1.830700
v -0.758200 0.025900 -1.829200
v -0.774700 0.041100 -1.830900
v -0.766800 0.011900 -1.842400
v -0.758200 0.025900 -1.829200
v -0.771100 0.013500 -1.840000
v -0.779400 0.033300 -1.831200
v -0.758200 0.025900 -1.829200
v -0.777700 0.037600 -1.830700
v -0.771100 0.013500 -1.840000
v -0.758200 0.025900 -1.829200
v -0.774600 0.016500 -1.837900
v -0.780100 0.028700 -1.832100
v -0.758200 0.025900 -1.829200
v -0.779400 0.033300 -1.831200
v -0.774600 0.016500 -1.837900
v -0.758200 0.025900 -1.829200
v -0.777600 0.019900 -1.835600
v -0.779300 0.024300 -1.833800
v -0.758200 0.025900 -1.829200
v -0.780100 0.028700 -1.832100
v -0.777600 0.019900 -1.835600
v -0.758200 0.025900 -1.829200
v -0.779300 0.024300 -1.833800
v -0.682500 -0.058500 -1.846200
v -0.671500 -0.046700 -1.832100
v -0.684300 -0.054100 -1.848200
v -0.684300 -0.054100 -1.848200
v -0.671500 -0.046700 -1.832100
v -0.684900 -0.049700 -1.849800
v -0.679500 -0.062200 -1.843900
v -0.671500 -0.046700 -1.832100
v -0.682500 -0.058500 -1.846200
v -0.684900 -0.049700 -1.849800
v -0.671500 -0.046700 -1.832100
v -0.684100 -0.045100 -1.850800
v -0.676000 -0.064900 -1.841500
v -0.671500 -0.046700 -1.832100
v -0.679500 -0.062200 -1.843900
v -0.684100 -0.045100 -1.850800
v -0.671500 -0.046700 -1.832100
v -0.682500 -0.040800 -1.851400
v -0.671700 -0.066500 -1.839100
v -0.671500 -0.046700 -1.832100
v -0.676000 -0.064900 -1.841500
v -0.682500 -0.040800 -1.851400
v -0.671500 -0.046700 -1.832100
v -0.679600 -0.037300 -1.851100
v -0.667200 -0.067200 -1.836900
v -0.671500 -0.046700 -1.832100
v -0.671700 -0.066500 -1.839100
v -0.679600 -0.037300 -1.851100
v -0.671500 -0.046700 -1.832100
v -0.676000 -0.034400 -1.850400
v -0.662600 -0.066600 -1.835200
v -0.671500 -0.046700 -1.832100
v -0.667200 -0.067200 -1.836900
v -0.676000 -0.034400 -1.850400
v -0.671500 -0.046700 -1.832100
v -0.671700 -0.032600 -1.849000
v -0.658400 -0.064900 -1.833800
v -0.671500 -0.046700 -1.832100
v -0.662600 -0.066600 -1.835200
v -0.671700 -0.032600 -1.849000
v -0.671500 -0.046700 -1.832100
v -0.667100 -0.032000 -1.847200
v -0.654600 -0.061900 -1.833000
v -0.671500 -0.046700 -1.832100
v -0.658400 -0.064900 -1.833800
v -0.667100 -0.032000 -1.847200
v -0.671500 -0.046700 -1.832100
v -0.662600 -0.032600 -1.845000
v -0.651800 -0.058400 -1.832800
v -0.671500 -0.046700 -1.832100
v -0.654600 -0.061900 -1.833000
v -0.662600 -0.032600 -1.845000
v -0.671500 -0.046700 -1.832100
v -0.658200 -0.034400 -1.842600
v -0.650100 -0.054100 -1.833300
v -0.671500 -0.046700 -1.832100
v -0.651800 -0.058400 -1.832800
v -0.658200 -0.034400 -1.842600
v -0.671500 -0.046700 -1.832100
v -0.654700 -0.037300 -1.840200
v -0.649500 -0.049600 -1.834300
v -0.671500 -0.046700 -1.832100
v -0.650100 -0.054100 -1.833300
v -0.654700 -0.037300 -1.840200
v -0.671500 -0.046700 -1.832100
v -0.651800 -0.040800 -1.837900
v -0.650100 -0.045200 -1.836000
v -0.671500 -0.046700 -1.832100
v -0.649500 -0.049600 -1.834300
v -0.651800 -0.040800 -1.837900
v -0.671500 -0.046700 -1.832100
v -0.650100 -0.045200 -1.836000
v 0.681400 0.033700 -1.842900
v 0.678800 0.037200 -1.841100
v 0.670500 0.022100 -1.829200
v 0.678800 0.037200 -1.841100
v 0.675400 0.040100 -1.838600
v 0.670500 0.022100 -1.829200
v 0.683300 0.029400 -1.845100
v 0.681400 0.033700 -1.842900
v 0.670500 0.022100 -1.829200
v 0.675400 0.040100 -1.838600
v 0.671100 0.041700 -1.836600
v 0.670500 0.022100 -1.829200
v 0.671100 0.041700 -1.836600
v 0.666700 0.042300 -1.834300
v 0.670500 0.022100 -1.829200
v 0.666700 0.042300 -1.834300
v 0.661800 0.041800 -1.832800
v 0.670500 0.022100 -1.829200
v 0.661800 0.041800 -1.832800
v 0.657700 0.040200 -1.831200
v 0.670500 0.022100 -1.829200
v 0.657700 0.040200 -1.831200
v 0.653700 0.037300 -1.830900
v 0.670500 0.022100 -1.829200
v 0.653700 0.037300 -1.830900
v 0.651000 0.033700 -1.830400
v 0.670500 0.022100 -1.829200
v 0.651000 0.033700 -1.830400
v 0.649300 0.029500 -1.831200
v 0.670500 0.022100 -1.829200
v 0.649300 0.029500 -1.831200
v 0.648700 0.024900 -1.832100
v 0.670500 0.022100 -1.829200
v 0.648700 0.024900 -1.832100
v 0.649500 0.020300 -1.833800
v 0.670500 0.022100 -1.829200
v 0.649500 0.020300 -1.833800
v 0.651200 0.016000 -1.835600
v 0.670500 0.022100 -1.829200
v 0.651200 0.016000 -1.835600
v 0.654000 0.012400 -1.837900
v 0.670500 0.022100 -1.829200
v 0.654000 0.012400 -1.837900
v 0.657500 0.009600 -1.840000
v 0.670500 0.022100 -1.829200
v 0.657500 0.009600 -1.840000
v 0.661500 0.008200 -1.842200
v 0.670500 0.022100 -1.829200
v 0.661500 0.008200 -1.842200
v 0.666400 0.007600 -1.844100
v 0.670500 0.022100 -1.829200
v 0.666400 0.007600 -1.844100
v 0.671200 0.008300 -1.846100
v 0.670500 0.022100 -1.829200
v 0.671200 0.008300 -1.846100
v 0.675500 0.010000 -1.847000
v 0.670500 0.022100 -1.829200
v 0.675500 0.010000 -1.847000
v 0.678700 0.012700 -1.848000
v 0.670500 0.022100 -1.829200
v 0.678700 0.012700 -1.848000
v 0.681700 0.016100 -1.847700
v 0.670500 0.022100 -1.829200
v 0.681700 0.016100 -1.847700
v 0.683300 0.020400 -1.847700
v 0.670500 0.022100 -1.829200
v 0.683300 0.020400 -1.847700
v 0.683700 0.024700 -1.846300
v 0.670500 0.022100 -1.829200
v 0.683700 0.024700 -1.846300
v 0.683300 0.029400 -1.845100
v 0.670500 0.022100 -1.829200
v 0.746500 -0.054900 -1.847800
v 0.749200 -0.058300 -1.845600
v 0.757200 -0.043400 -1.833100
v 0.749200 -0.058300 -1.845600
v 0.753000 -0.061300 -1.843200
v 0.757200 -0.043400 -1.833100
v 0.744700 -0.050500 -1.849700
v 0.746500 -0.054900 -1.847800
v 0.757200 -0.043400 -1.833100
v 0.753000 -0.061300 -1.843200
v 0.757000 -0.062900 -1.840800
v 0.757200 -0.043400 -1.833100
v 0.757000 -0.062900 -1.840800
v 0.761800 -0.063600 -1.838600
v 0.757200 -0.043400 -1.833100
v 0.761800 -0.063600 -1.838600
v 0.766400 -0.063100 -1.836700
v 0.757200 -0.043400 -1.833100
v 0.766400 -0.063100 -1.836700
v 0.770600 -0.061300 -1.835100
v 0.757200 -0.043400 -1.833100
v 0.770600 -0.061300 -1.835100
v 0.774200 -0.058500 -1.834200
v 0.757200 -0.043400 -1.833100
v 0.774200 -0.058500 -1.834200
v 0.777200 -0.054800 -1.833800
v 0.757200 -0.043400 -1.833100
v 0.777200 -0.054800 -1.833800
v 0.778900 -0.050500 -1.834200
v 0.757200 -0.043400 -1.833100
v 0.778900 -0.050500 -1.834200
v 0.779600 -0.046000 -1.835000
v 0.757200 -0.043400 -1.833100
v 0.779600 -0.046000 -1.835000
v 0.778800 -0.041500 -1.836500
v 0.757200 -0.043400 -1.833100
v 0.778800 -0.041500 -1.836500
v 0.777200 -0.037200 -1.838400
v 0.757200 -0.043400 -1.833100
v 0.777200 -0.037200 -1.838400
v 0.774400 -0.033700 -1.840600
v 0.757200 -0.043400 -1.833100
v 0.774400 -0.033700 -1.840600
v 0.770700 -0.030800 -1.843000
v 0.757200 -0.043400 -1.833100
v 0.770700 -0.030800 -1.843000
v 0.766400 -0.029000 -1.845400
v 0.757200 -0.043400 -1.833100
v 0.766400 -0.029000 -1.845400
v 0.761900 -0.028400 -1.847600
v 0.757200 -0.043400 -1.833100
v 0.761900 -0.028400 -1.847600
v 0.757100 -0.029100 -1.849600
v 0.757200 -0.043400 -1.833100
v 0.757100 -0.029100 -1.849600
v 0.753100 -0.030700 -1.851100
v 0.757200 -0.043400 -1.833100
v 0.753100 -0.030700 -1.851100
v 0.749200 -0.033700 -1.852000
v 0.757200 -0.043400 -1.833100
v 0.749200 -0.033700 -1.852000
v 0.746500 -0.037200 -1.852400
v 0.757200 -0.043400 -1.833100
v 0.746500 -0.037200 -1.852400
v 0.744700 -0.041500 -1.852000
v 0.757200 -0.043400 -1.833100
v 0.744700 -0.041500 -1.852000
v 0.744100 -0.046100 -1.851200
v 0.757200 -0.043400 -1.833100
v 0.744100 -0.046100 -1.851200
v 0.744700 -0.050500 -1.849700
v 0.757200 -0.043400 -1.833100
v 0.746900 0.037500 -1.843200
v 0.745300 0.033300 -1.845100
v 0.758200 0.025900 -1.829200
v 0.745300 0.033300 -1.845100
v 0.744700 0.028700 -1.846600
v 0.758200 0.025900 -1.829200
v 0.749700 0.041200 -1.841100
v 0.746900 0.037500 -1.843200
v 0.758200 0.025900 -1.829200
v 0.744700 0.028700 -1.846600
v 0.745300 0.024300 -1.847700
v 0.758200 0.025900 -1.829200
v 0.745300 0.024300 -1.847700
v 0.747200 0.019600 -1.848100
v 0.758200 0.025900 -1.829200
v 0.747200 0.019600 -1.848100
v 0.750100 0.016100 -1.847900
v 0.758200 0.025900 -1.829200
v 0.750100 0.016100 -1.847900
v 0.753400 0.013500 -1.847200
v 0.758200 0.025900 -1.829200
v 0.753400 0.013500 -1.847200
v 0.757600 0.012000 -1.846100
v 0.758200 0.025900 -1.829200
v 0.757600 0.012000 -1.846100
v 0.762000 0.011400 -1.844400
v 0.758200 0.025900 -1.829200
v 0.762000 0.011400 -1.844400
v 0.766800 0.011900 -1.842400
v 0.758200 0.025900 -1.829200
v 0.766800 0.011900 -1.842400
v 0.771100 0.013500 -1.840000
v 0.758200 0.025900 -1.829200
v 0.771100 0.013500 -1.840000
v 0.774600 0.016500 -1.837900
v 0.758200 0.025900 -1.829200
v 0.774600 0.016500 -1.837900
v 0.777600 0.019900 -1.835600
v 0.758200 0.025900 -1.829200
v 0.777600 0.019900 -1.835600
v 0.779300 0.024300 -1.833800
v 0.758200 0.025900 -1.829200
v 0.779300 0.024300 -1.833800
v 0.780100 0.028700 -1.832100
v 0.758200 0.025900 -1.829200
v 0.780100 0.028700 -1.832100
v 0.779400 0.033300 -1.831200
v 0.758200 0.025900 -1.829200
v 0.779400 0.033300 -1.831200
v 0.777700 0.037600 -1.830700
v 0.758200 0.025900 -1.829200
v 0.777700 0.037600 -1.830700
v 0.774700 0.041100 -1.830900
v 0.758200 0.025900 -1.829200
v 0.774700 0.041100 -1.830900
v 0.771200 0.044000 -1.831300
v 0.758200 0.025900 -1.829200
v 0.771200 0.044000 -1.831300
v 0.766800 0.045800 -1.832800
v 0.758200 0.025900 -1.829200
v 0.766800 0.045800 -1.832800
v 0.762300 0.046400 -1.834400
v 0.758200 0.025900 -1.829200
v 0.762300 0.046400 -1.834400
v 0.757900 0.045800 -1.836500
v 0.758200 0.025900 -1.829200
v 0.757900 0.045800 -1.836500
v 0.753200 0.044000 -1.838900
v 0.758200 0.025900 -1.829200
v 0.753200 0.044000 -1.838900
v 0.749700 0.041200 -1.841100
v 0.758200 0.025900 -1.829200
v 0.682500 -0.058500 -1.846200
v 0.684300 -0.054100 -1.848200
v 0.671500 -0.046700 -1.832100
v 0.684300 -0.054100 -1.848200
v 0.684900 -0.049700 -1.849800
v 0.671500 -0.046700 -1.832100
v 0.679500 -0.062200 -1.843900
v 0.682500 -0.058500 -1.846200
v 0.671500 -0.046700 -1.832100
v 0.684900 -0.049700 -1.849800
v 0.684100 -0.045100 -1.850800
v 0.671500 -0.046700 -1.832100
v 0.684100 -0.045100 -1.850800
v 0.682500 -0.040800 -1.851400
v 0.671500 -0.046700 -1.832100
v 0.682500 -0.040800 -1.851400
v 0.679600 -0.037300 -1.851100
v 0.671500 -0.046700 -1.832100
v 0.679600 -0.037300 -1.851100
v 0.676000 -0.034400 -1.850400
v 0.671500 -0.046700 -1.832100
v 0.676000 -0.034400 -1.850400
v 0.671700 -0.032600 -1.849000
v 0.671500 -0.046700 -1.832100
v 0.671700 -0.032600 -1.849000
v 0.667100 -0.032000 -1.847200
v 0.671500 -0.046700 -1.832100
v 0.667100 -0.032000 -1.847200
v 0.662600 -0.032600 -1.845000
v 0.671500 -0.046700 -1.832100
v 0.662600 -0.032600 -1.845000
v 0.658200 -0.034400 -1.842600
v 0.671500 -0.046700 -1.832100
v 0.658200 -0.034400 -1.842600
v 0.654700 -0.037300 -1.840200
v 0.671500 -0.046700 -1.832100
v 0.654700 -0.037300 -1.840200
v 0.651800 -0.040800 -1.837900
v 0.671500 -0.046700 -1.832100
v 0.651800 -0.040800 -1.837900
v 0.650100 -0.045200 -1.836000
v 0.671500 -0.046700 -1.832100
v 0.650100 -0.045200 -1.836000
v 0.649500 -0.049600 -1.834300
v 0.671500 -0.046700 -1.832100
v 0.649500 -0.049600 -1.834300
v 0.650100 -0.054100 -1.833300
v 0.671500 -0.046700 -1.832100
v 0.650100 -0.054100 -1.833300
v 0.651800 -0.058400 -1.832800
v 0.671500 -0.046700 -1.832100
v 0.651800 -0.058400 -1.832800
v 0.654600 -0.061900 -1.833000
v 0.671500 -0.046700 -1.832100
v 0.654600 -0.061900 -1.833000
v 0.658400 -0.064900 -1.833800
v 0.671500 -0.046700 -1.832100
v 0.658400 -0.064900 -1.833800
v 0.662600 -0.066600 -1.835200
v 0.671500 -0.046700 -1.832100
v 0.662600 -0.066600 -1.835200
v 0.667200 -0.067200 -1.836900
v 0.671500 -0.046700 -1.832100
v 0.667200 -0.067200 -1.836900
v 0.671700 -0.066500 -1.839100
v 0.671500 -0.046700 -1.832100
v 0.671700 -0.066500 -1.839100
v 0.676000 -0.064900 -1.841500
v 0.671500 -0.046700 -1.832100
v 0.676000 -0.064900 -1.841500
v 0.679500 -0.062200 -1.843900
v 0.671500 -0.046700 -1.832100
v 0.671500 -0.046700 -1.832100
v 0.679500 -0.062200 -1.843900
v 0.676000 -0.064900 -1.841500
v 0.671500 -0.046700 -1.832100
v 0.676000 -0.064900 -1.841500
v 0.671700 -0.066500 -1.839100
v 0.671500 -0.046700 -1.832100
v 0.671700 -0.066500 -1.839100
v 0.667200 -0.067200 -1.836900
v 0.671500 -0.046700 -1.832100
v 0.667200 -0.067200 -1.836900
v 0.662600 -0.066600 -1.835200
v 0.671500 -0.046700 -1.832100
v 0.662600 -0.066600 -1.835200
v 0.658400 -0.064900 -1.833800
v 0.671500 -0.046700 -1.832100
v 0.658400 -0.064900 -1.833800
v 0.654600 -0.061900 -1.833000
v 0.671500 -0.046700 -1.832100
v 0.654600 -0.061900 -1.833000
v 0.651800 -0.058400 -1.832800
v 0.671500 -0.046700 -1.832100
v 0.651800 -0.058400 -1.832800
v 0.650100 -0.054100 -1.833300
v 0.671500 -0.046700 -1.832100
v 0.650100 -0.054100 -1.833300
v 0.649500 -0.049600 -1.834300
v 0.671500 -0.046700 -1.832100
v 0.649500 -0.049600 -1.834300
v 0.650100 -0.045200 -1.836000
v 0.671500 -0.046700 -1.832100
v 0.650100 -0.045200 -1.836000
v 0.651800 -0.040800 -1.837900
v 0.671500 -0.046700 -1.832100
v 0.651800 -0.040800 -1.837900
v 0.654700 -0.037300 -1.840200
v 0.671500 -0.046700 -1.832100
v 0.654700 -0.037300 -1.840200
v 0.658200 -0.034400 -1.842600
v 0.671500 -0.046700 -1.832100
v 0.658200 -0.034400 -1.842600
v 0.662600 -0.032600 -1.845000
v 0.671500 -0.046700 -1.832100
v 0.662600 -0.032600 -1.845000
v 0.667100 -0.032000 -1.847200
v 0.671500 -0.046700 -1.832100
v 0.667100 -0.032000 -1.847200
v 0.671700 -0.032600 -1.849000
v 0.671500 -0.046700 -1.832100
v 0.671700 -0.032600 -1.849000
v 0.676000 -0.034400 -1.850400
v 0.671500 -0.046700 -1.832100
v 0.676000 -0.034400 -1.850400
v 0.679600 -0.037300 -1.851100
v 0.671500 -0.046700 -1.832100
v 0.679600 -0.037300 -1.851100
v 0.682500 -0.040800 -1.851400
v 0.671500 -0.046700 -1.832100
v 0.682500 -0.040800 -1.851400
v 0.684100 -0.045100 -1.850800
v 0.671500 -0.046700 -1.832100
v 0.684100 -0.045100 -1.850800
v 0.684900 -0.049700 -1.849800
v 0.671500 -0.046700 -1.832100
v 0.682500 -0.058500 -1.846200
v 0.679500 -0.062200 -1.843900
v 0.671500 -0.046700 -1.832100
v 0.684900 -0.049700 -1.849800
v 0.684300 -0.054100 -1.848200
v 0.671500 -0.046700 -1.832100
v 0.684300 -0.054100 -1.848200
v 0.682500 -0.058500 -1.846200
v 0.758200 0.025900 -1.829200
v 0.749700 0.041200 -1.841100
v 0.753200 0.044000 -1.838900
v 0.758200 0.025900 -1.829200
v 0.753200 0.044000 -1.838900
v 0.757900 0.045800 -1.836500
v 0.758200 0.025900 -1.829200
v 0.757900 0.045800 -1.836500
v 0.762300 0.046400 -1.834400
v 0.758200 0.025900 -1.829200
v 0.762300 0.046400 -1.834400
v 0.766800 0.045800 -1.832800
v 0.758200 0.025900 -1.829200
v 0.766800 0.045800 -1.832800
v 0.771200 0.044000 -1.831300
v 0.758200 0.025900 -1.829200
v 0.771200 0.044000 -1.831300
v 0.774700 0.041100 -1.830900
v 0.758200 0.025900 -1.829200
v 0.774700 0.041100 -1.830900
v 0.777700 0.037600 -1.830700
v 0.758200 0.025900 -1.829200
v 0.777700 0.037600 -1.830700
v 0.779400 0.033300 -1.831200
v 0.758200 0.025900 -1.829200
v 0.779400 0.033300 -1.831200
v 0.780100 0.028700 -1.832100
v 0.758200 0.025900 -1.829200
v 0.780100 0.028700 -1.832100
v 0.779300 0.024300 -1.833800
v 0.758200 0.025900 -1.829200
v 0.779300 0.024300 -1.833800
v 0.777600 0.019900 -1.835600
v 0.758200 0.025900 -1.829200
v 0.777600 0.019900 -1.835600
v 0.774600 0.016500 -1.837900
v 0.758200 0.025900 -1.829200
v 0.774600 0.016500 -1.837900
v 0.771100 0.013500 -1.840000
v 0.758200 0.025900 -1.829200
v 0.771100 0.013500 -1.840000
v 0.766800 0.011900 -1.842400
v 0.758200 0.025900 -1.829200
v 0.766800 0.011900 -1.842400
v 0.762000 0.011400 -1.844400
v 0.758200 0.025900 -1.829200
v 0.762000 0.011400 -1.844400
v 0.757600 0.012000 -1.846100
v 0.758200 0.025900 -1.829200
v 0.757600 0.012000 -1.846100
v 0.753400 0.013500 -1.847200
v 0.758200 0.025900 -1.829200
v 0.753400 0.013500 -1.847200
v 0.750100 0.016100 -1.847900
v 0.758200 0.025900 -1.829200
v 0.750100 0.016100 -1.847900
v 0.747200 0.019600 -1.848100
v 0.758200 0.025900 -1.829200
v 0.747200 0.019600 -1.848100
v 0.745300 0.024300 -1.847700
v 0.758200 0.025900 -1.829200
v 0.745300 0.024300 -1.847700
v 0.744700 0.028700 -1.846600
v 0.758200 0.025900 -1.829200
v 0.746900 0.037500 -1.843200
v 0.749700 0.041200 -1.841100
v 0.758200 0.025900 -1.829200
v 0.744700 0.028700 -1.846600
v 0.745300 0.033300 -1.845100
v 0.758200 0.025900 -1.829200
v 0.745300 0.033300 -1.845100
v 0.746900 0.037500 -1.843200
v 0.757200 -0.043400 -1.833100
v 0.744700 -0.050500 -1.849700
v 0.744100 -0.046100 -1.851200
v 0.757200 -0.043400 -1.833100
v 0.744100 -0.046100 -1.851200
v 0.744700 -0.041500 -1.852000
v 0.757200 -0.043400 -1.833100
v 0.744700 -0.041500 -1.852000
v 0.746500 -0.037200 -1.852400
v 0.757200 -0.043400 -1.833100
v 0.746500 -0.037200 -1.852400
v 0.749200 -0.033700 -1.852000
v 0.757200 -0.043400 -1.833100
v 0.749200 -0.033700 -1.852000
v 0.753100 -0.030700 -1.851100
v 0.757200 -0.043400 -1.833100
v 0.753100 -0.030700 -1.851100
v 0.757100 -0.029100 -1.849600
v 0.757200 -0.043400 -1.833100
v 0.757100 -0.029100 -1.849600
v 0.761900 -0.028400 -1.847600
v 0.757200 -0.043400 -1.833100
v 0.761900 -0.028400 -1.847600
v 0.766400 -0.029000 -1.845400
v 0.757200 -0.043400 -1.833100
v 0.766400 -0.029000 -1.845400
v 0.770700 -0.030800 -1.843000
v 0.757200 -0.043400 -1.833100
v 0.770700 -0.030800 -1.843000
v 0.774400 -0.033700 -1.840600
v 0.757200 -0.043400 -1.833100
v 0.774400 -0.033700 -1.840600
v 0.777200 -0.037200 -1.838400
v 0.757200 -0.043400 -1.833100
v 0.777200 -0.037200 -1.838400
v 0.778800 -0.041500 -1.836500
v 0.757200 -0.043400 -1.833100
v 0.778800 -0.041500 -1.836500
v 0.779600 -0.046000 -1.835000
v 0.757200 -0.043400 -1.833100
v 0.779600 -0.046000 -1.835000
v 0.778900 -0.050500 -1.834200
v 0.757200 -0.043400 -1.833100
v 0.778900 -0.050500 -1.834200
v 0.777200 -0.054800 -1.833800
v 0.757200 -0.043400 -1.833100
v 0.777200 -0.054800 -1.833800
v 0.774200 -0.058500 -1.834200
v 0.757200 -0.043400 -1.833100
v 0.774200 -0.058500 -1.834200
v 0.770600 -0.061300 -1.835100
v 0.757200 -0.043400 -1.833100
v 0.770600 -0.061300 -1.835100
v 0.766400 -0.063100 -1.836700
v 0.757200 -0.043400 -1.833100
v 0.766400 -0.063100 -1.836700
v 0.761800 -0.063600 -1.838600
v 0.757200 -0.043400 -1.833100
v 0.761800 -0.063600 -1.838600
v 0.757000 -0.062900 -1.840800
v 0.757200 -0.043400 -1.833100
v 0.757000 -0.062900 -1.840800
v 0.753000 -0.061300 -1.843200
v 0.757200 -0.043400 -1.833100
v 0.746500 -0.054900 -1.847800
v 0.744700 -0.050500 -1.849700
v 0.757200 -0.043400 -1.833100
v 0.753000 -0.061300 -1.843200
v 0.749200 -0.058300 -1.845600
v 0.757200 -0.043400 -1.833100
v 0.749200 -0.058300 -1.845600
v 0.746500 -0.054900 -1.847800
v 0.670500 0.022100 -1.829200
v 0.683300 0.029400 -1.845100
v 0.683700 0.024700 -1.846300
v 0.670500 0.022100 -1.829200
v 0.683700 0.024700 -1.846300
v 0.683300 0.020400 -1.847700
v 0.670500 0.022100 -1.829200
v 0.683300 0.020400 -1.847700
v 0.681700 0.016100 -1.847700
v 0.670500 0.022100 -1.829200
v 0.681700 0.016100 -1.847700
v 0.678700 0.012700 -1.848000
v 0.670500 0.022100 -1.829200
v 0.678700 0.012700 -1.848000
v 0.675500 0.010000 -1.847000
v 0.670500 0.022100 -1.829200
v 0.675500 0.010000 -1.847000
v 0.671200 0.008300 -1.846100
v 0.670500 0.022100 -1.829200
v 0.671200 0.008300 -1.846100
v 0.666400 0.007600 -1.844100
v 0.670500 0.022100 -1.829200
v 0.666400 0.007600 -1.844100
v 0.661500 0.008200 -1.842200
v 0.670500 0.022100 -1.829200
v 0.661500 0.008200 -1.842200
v 0.657500 0.009600 -1.840000
v 0.670500 0.022100 -1.829200
v 0.657500 0.009600 -1.840000
v 0.654000 0.012400 -1.837900
v 0.670500 0.022100 -1.829200
v 0.654000 0.012400 -1.837900
v 0.651200 0.016000 -1.835600
v 0.670500 0.022100 -1.829200
v 0.651200 0.016000 -1.835600
v 0.649500 0.020300 -1.833800
v 0.670500 0.022100 -1.829200
v 0.649500 0.020300 -1.833800
v 0.648700 0.024900 -1.832100
v 0.670500 0.022100 -1.829200
v 0.648700 0.024900 -1.832100
v 0.649300 0.029500 -1.831200
v 0.670500 0.022100 -1.829200
v 0.649300 0.029500 -1.831200
v 0.651000 0.033700 -1.830400
v 0.670500 0.022100 -1.829200
v 0.651000 0.033700 -1.830400
v 0.653700 0.037300 -1.830900
v 0.670500 0.022100 -1.829200
v 0.653700 0.037300 -1.830900
v 0.657700 0.040200 -1.831200
v 0.670500 0.022100 -1.829200
v 0.657700 0.040200 -1.831200
v 0.661800 0.041800 -1.832800
v 0.670500 0.022100 -1.829200
v 0.661800 0.041800 -1.832800
v 0.666700 0.042300 -1.834300
v 0.670500 0.022100 -1.829200
v 0.666700 0.042300 -1.834300
v 0.671100 0.041700 -1.836600
v 0.670500 0.022100 -1.829200
v 0.671100 0.041700 -1.836600
v 0.675400 0.040100 -1.838600
v 0.670500 0.022100 -1.829200
v 0.681400 0.033700 -1.842900
v 0.683300 0.029400 -1.845100
v 0.670500 0.022100 -1.829200
v 0.675400 0.040100 -1.838600
v 0.678800 0.037200 -1.841100
v 0.670500 0.022100 -1.829200
v 0.678800 0.037200 -1.841100
v 0.681400 0.033700 -1.842900
v -0.650100 -0.045200 -1.836000
v -0.671500 -0.046700 -1.832100
v -0.651800 -0.040800 -1.837900
v -0.649500 -0.049600 -1.834300
v -0.671500 -0.046700 -1.832100
v -0.650100 -0.045200 -1.836000
v -0.651800 -0.040800 -1.837900
v -0.671500 -0.046700 -1.832100
v -0.654700 -0.037300 -1.840200
v -0.650100 -0.054100 -1.833300
v -0.671500 -0.046700 -1.832100
v -0.649500 -0.049600 -1.834300
v -0.654700 -0.037300 -1.840200
v -0.671500 -0.046700 -1.832100
v -0.658200 -0.034400 -1.842600
v -0.651800 -0.058400 -1.832800
v -0.671500 -0.046700 -1.832100
v -0.650100 -0.054100 -1.833300
v -0.658200 -0.034400 -1.842600
v -0.671500 -0.046700 -1.832100
v -0.662600 -0.032600 -1.845000
v -0.654600 -0.061900 -1.833000
v -0.671500 -0.046700 -1.832100
v -0.651800 -0.058400 -1.832800
v -0.662600 -0.032600 -1.845000
v -0.671500 -0.046700 -1.832100
v -0.667100 -0.032000 -1.847200
v -0.658400 -0.064900 -1.833800
v -0.671500 -0.046700 -1.832100
v -0.654600 -0.061900 -1.833000
v -0.667100 -0.032000 -1.847200
v -0.671500 -0.046700 -1.832100
v -0.671700 -0.032600 -1.849000
v -0.662600 -0.066600 -1.835200
v -0.671500 -0.046700 -1.832100
v -0.658400 -0.064900 -1.833800
v -0.671700 -0.032600 -1.849000
v -0.671500 -0.046700 -1.832100
v -0.676000 -0.034400 -1.850400
v -0.667200 -0.067200 -1.836900
v -0.671500 -0.046700 -1.832100
v -0.662600 -0.066600 -1.835200
v -0.676000 -0.034400 -1.850400
v -0.671500 -0.046700 -1.832100
v -0.679600 -0.037300 -1.851100
v -0.671700 -0.066500 -1.839100
v -0.671500 -0.046700 -1.832100
v -0.667200 -0.067200 -1.836900
v -0.679600 -0.037300 -1.851100
v -0.671500 -0.046700 -1.832100
v -0.682500 -0.040800 -1.851400
v -0.676000 -0.064900 -1.841500
v -0.671500 -0.046700 -1.832100
v -0.671700 -0.066500 -1.839100
v -0.682500 -0.040800 -1.851400
v -0.671500 -0.046700 -1.832100
v -0.684100 -0.045100 -1.850800
v -0.679500 -0.062200 -1.843900
v -0.671500 -0.046700 -1.832100
v -0.676000 -0.064900 -1.841500
v -0.684100 -0.045100 -1.850800
v -0.671500 -0.046700 -1.832100
v -0.684900 -0.049700 -1.849800
v -0.682500 -0.058500 -1.846200
v -0.671500 -0.046700 -1.832100
v -0.679500 -0.062200 -1.843900
v -0.684900 -0.049700 -1.849800
v -0.671500 -0.046700 -1.832100
v -0.684300 -0.054100 -1.848200
v -0.684300 -0.054100 -1.848200
v -0.671500 -0.046700 -1.832100
v -0.682500 -0.058500 -1.846200
v -0.779300 0.024300 -1.833800
v -0.758200 0.025900 -1.829200
v -0.777600 0.019900 -1.835600
v -0.780100 0.028700 -1.832100
v -0.758200 0.025900 -1.829200
v -0.779300 0.024300 -1.833800
v -0.777600 0.019900 -1.835600
v -0.758200 0.025900 -1.829200
v -0.774600 0.016500 -1.837900
v -0.779400 0.033300 -1.831200
v -0.758200 0.025900 -1.829200
v -0.780100 0.028700 -1.832100
v -0.774600 0.016500 -1.837900
v -0.758200 0.025900 -1.829200
v -0.771100 0.013500 -1.840000
v -0.777700 0.037600 -1.830700
v -0.758200 0.025900 -1.829200
v -0.779400 0.033300 -1.831200
v -0.771100 0.013500 -1.840000
v -0.758200 0.025900 -1.829200
v -0.766800 0.011900 -1.842400
v -0.774700 0.041100 -1.830900
v -0.758200 0.025900 -1.829200
v -0.777700 0.037600 -1.830700
v -0.766800 0.011900 -1.842400
v -0.758200 0.025900 -1.829200
v -0.762000 0.011400 -1.844400
v -0.771200 0.044000 -1.831300
v -0.758200 0.025900 -1.829200
v -0.774700 0.041100 -1.830900
v -0.762000 0.011400 -1.844400
v -0.758200 0.025900 -1.829200
v -0.757600 0.012000 -1.846100
v -0.766800 0.045800 -1.832800
v -0.758200 0.025900 -1.829200
v -0.771200 0.044000 -1.831300
v -0.757600 0.012000 -1.846100
v -0.758200 0.025900 -1.829200
v -0.753400 0.013500 -1.847200
v -0.762300 0.046400 -1.834400
v -0.758200 0.025900 -1.829200
v -0.766800 0.045800 -1.832800
v -0.753400 0.013500 -1.847200
v -0.758200 0.025900 -1.829200
v -0.750100 0.016100 -1.847900
v -0.757900 0.045800 -1.836500
v -0.758200 0.025900 -1.829200
v -0.762300 0.046400 -1.834400
v -0.750100 0.016100 -1.847900
v -0.758200 0.025900 -1.829200
v -0.747200 0.019600 -1.848100
v -0.753200 0.044000 -1.838900
v -0.758200 0.025900 -1.829200
v -0.757900 0.045800 -1.836500
v -0.747200 0.019600 -1.848100
v -0.758200 0.025900 -1.829200
v -0.745300 0.024300 -1.847700
v -0.749700 0.041200 -1.841100
v -0.758200 0.025900 -1.829200
v -0.753200 0.044000 -1.838900
v -0.745300 0.024300 -1.847700
v -0.758200 0.025900 -1.829200
v -0.744700 0.028700 -1.846600
v -0.746900 0.037500 -1.843200
v -0.758200 0.025900 -1.829200
v -0.749700 0.041200 -1.841100
v -0.744700 0.028700 -1.846600
v -0.758200 0.025900 -1.829200
v -0.745300 0.033300 -1.845100
v -0.745300 0.033300 -1.845100
v -0.758200 0.025900 -1.829200
v -0.746900 0.037500 -1.843200
v -0.774400 -0.033700 -1.840600
v -0.757200 -0.043400 -1.833100
v -0.777200 -0.037200 -1.838400
v -0.770700 -0.030800 -1.843000
v -0.757200 -0.043400 -1.833100
v -0.774400 -0.033700 -1.840600
v -0.777200 -0.037200 -1.838400
v -0.757200 -0.043400 -1.833100
v -0.778800 -0.041500 -1.836500
v -0.766400 -0.029000 -1.845400
v -0.757200 -0.043400 -1.833100
v -0.770700 -0.030800 -1.843000
v -0.778800 -0.041500 -1.836500
v -0.757200 -0.043400 -1.833100
v -0.779600 -0.046000 -1.835000
v -0.761900 -0.028400 -1.847600
v -0.757200 -0.043400 -1.833100
v -0.766400 -0.029000 -1.845400
v -0.779600 -0.046000 -1.835000
v -0.757200 -0.043400 -1.833100
v -0.778900 -0.050500 -1.834200
v -0.757100 -0.029100 -1.849600
v -0.757200 -0.043400 -1.833100
v -0.761900 -0.028400 -1.847600
v -0.778900 -0.050500 -1.834200
v -0.757200 -0.043400 -1.833100
v -0.777200 -0.054800 -1.833800
v -0.753100 -0.030700 -1.851100
v -0.757200 -0.043400 -1.833100
v -0.757100 -0.029100 -1.849600
v -0.777200 -0.054800 -1.833800
v -0.757200 -0.043400 -1.833100
v -0.774200 -0.058500 -1.834200
v -0.749200 -0.033700 -1.852000
v -0.757200 -0.043400 -1.833100
v -0.753100 -0.030700 -1.851100
v -0.774200 -0.058500 -1.834200
v -0.757200 -0.043400 -1.833100
v -0.770600 -0.061300 -1.835100
v -0.746500 -0.037200 -1.852400
v -0.757200 -0.043400 -1.833100
v -0.749200 -0.033700 -1.852000
v -0.770600 -0.061300 -1.835100
v -0.757200 -0.043400 -1.833100
v -0.766400 -0.063100 -1.836700
v -0.744700 -0.041500 -1.852000
v -0.757200 -0.043400 -1.833100
v -0.746500 -0.037200 -1.852400
v -0.766400 -0.063100 -1.836700
v -0.757200 -0.043400 -1.833100
v -0.761800 -0.063600 -1.838600
v -0.744100 -0.046100 -1.851200
v -0.757200 -0.043400 -1.833100
v -0.744700 -0.041500 -1.852000
v -0.761800 -0.063600 -1.838600
v -0.757200 -0.043400 -1.833100
v -0.757000 -0.062900 -1.840800
v -0.744700 -0.050500 -1.849700
v -0.757200 -0.043400 -1.833100
v -0.744100 -0.046100 -1.851200
v -0.757000 -0.062900 -1.840800
v -0.757200 -0.043400 -1.833100
v -0.753000 -0.061300 -1.843200
v -0.746500 -0.054900 -1.847800
v -0.757200 -0.043400 -1.833100
v -0.744700 -0.050500 -1.849700
v -0.753000 -0.061300 -1.843200
v -0.757200 -0.043400 -1.833100
v -0.749200 -0.058300 -1.845600
v -0.749200 -0.058300 -1.845600
v -0.757200 -0.043400 -1.833100
v -0.746500 -0.054900 -1.847800
v -0.654000 0.012400 -1.837900
v -0.670500 0.022100 -1.829200
v -0.651200 0.016000 -1.835600
v -0.657500 0.009600 -1.840000
v -0.670500 0.022100 -1.829200
v -0.654000 0.012400 -1.837900
v -0.651200 0.016000 -1.835600
v -0.670500 0.022100 -1.829200
v -0.649500 0.020300 -1.833800
v -0.661500 0.008200 -1.842200
v -0.670500 0.022100 -1.829200
v -0.657500 0.009600 -1.840000
v -0.649500 0.020300 -1.833800
v -0.670500 0.022100 -1.829200
v -0.648700 0.024900 -1.832100
v -0.666400 0.007600 -1.844100
v -0.670500 0.022100 -1.829200
v -0.661500 0.008200 -1.842200
v -0.648700 0.024900 -1.832100
v -0.670500 0.022100 -1.829200
v -0.649300 0.029500 -1.831200
v -0.671200 0.008300 -1.846100
v -0.670500 0.022100 -1.829200
v -0.666400 0.007600 -1.844100
v -0.649300 0.029500 -1.831200
v -0.670500 0.022100 -1.829200
v -0.651000 0.033700 -1.830400
v -0.675500 0.010000 -1.847000
v -0.670500 0.022100 -1.829200
v -0.671200 0.008300 -1.846100
v -0.651000 0.033700 -1.830400
v -0.670500 0.022100 -1.829200
v -0.653700 0.037300 -1.830900
v -0.678700 0.012700 -1.848000
v -0.670500 0.022100 -1.829200
v -0.675500 0.010000 -1.847000
v -0.653700 0.037300 -1.830900
v -0.670500 0.022100 -1.829200
v -0.657700 0.040200 -1.831200
v -0.681700 0.016100 -1.847700
v -0.670500 0.022100 -1.829200
v -0.678700 0.012700 -1.848000
v -0.657700 0.040200 -1.831200
v -0.670500 0.022100 -1.829200
v -0.661800 0.041800 -1.832800
v -0.683300 0.020500 -1.847700
v -0.670500 0.022100 -1.829200
v -0.681700 0.016100 -1.847700
v -0.661800 0.041800 -1.832800
v -0.670500 0.022100 -1.829200
v -0.666700 0.042300 -1.834300
v -0.683700 0.024700 -1.846300
v -0.670500 0.022100 -1.829200
v -0.683300 0.020500 -1.847700
v -0.666700 0.042300 -1.834300
v -0.670500 0.022100 -1.829200
v -0.671100 0.041700 -1.836600
v -0.683300 0.029400 -1.845100
v -0.670500 0.022100 -1.829200
v -0.683700 0.024700 -1.846300
v -0.671100 0.041700 -1.836600
v -0.670500 0.022100 -1.829200
v -0.675400 0.040100 -1.838600
v -0.681400 0.033700 -1.842900
v -0.670500 0.022100 -1.829200
v -0.683300 0.029400 -1.845100
v -0.675400 0.040100 -1.838600
v -0.670500 0.022100 -1.829200
v -0.678800 0.037200 -1.841100
v -0.678800 0.037200 -1.841100
v -0.670500 0.022100 -1.829200
v -0.681400 0.033700 -1.842900
v 0.665600 -0.050700 -1.845600
v 0.682500 -0.058500 -1.846200
v 0.679500 -0.062200 -1.843900
v 0.665600 -0.050700 -1.845600
v 0.679500 -0.062200 -1.843900
v 0.676000 -0.064900 -1.841500
v 0.665600 -0.050700 -1.845600
v 0.676000 -0.064900 -1.841500
v 0.671700 -0.066500 -1.839100
v 0.665600 -0.050700 -1.845600
v 0.671700 -0.066500 -1.839100
v 0.667200 -0.067200 -1.836900
v 0.665600 -0.050700 -1.845600
v 0.667200 -0.067200 -1.836900
v 0.662600 -0.066600 -1.835200
v 0.665600 -0.050700 -1.845600
v 0.662600 -0.066600 -1.835200
v 0.658400 -0.064900 -1.833800
v 0.665600 -0.050700 -1.845600
v 0.658400 -0.064900 -1.833800
v 0.654600 -0.061900 -1.833000
v 0.665600 -0.050700 -1.845600
v 0.654600 -0.061900 -1.833000
v 0.651800 -0.058400 -1.832800
v 0.665600 -0.050700 -1.845600
v 0.651800 -0.058400 -1.832800
v 0.650100 -0.054100 -1.833300
v 0.665600 -0.050700 -1.845600
v 0.650100 -0.054100 -1.833300
v 0.649500 -0.049600 -1.834300
v 0.665600 -0.050700 -1.845600
v 0.649500 -0.049600 -1.834300
v 0.650100 -0.045200 -1.836000
v 0.665600 -0.050700 -1.845600
v 0.650100 -0.045200 -1.836000
v 0.651800 -0.040800 -1.837900
v 0.665600 -0.050700 -1.845600
v 0.651800 -0.040800 -1.837900
v 0.654700 -0.037300 -1.840200
v 0.665600 -0.050700 -1.845600
v 0.654700 -0.037300 -1.840200
v 0.658200 -0.034400 -1.842600
v 0.665600 -0.050700 -1.845600
v 0.658200 -0.034400 -1.842600
v 0.662600 -0.032600 -1.845000
v 0.665600 -0.050700 -1.845600
v 0.662600 -0.032600 -1.845000
v 0.667100 -0.032000 -1.847200
v 0.665600 -0.050700 -1.845600
v 0.667100 -0.032000 -1.847200
v 0.671700 -0.032600 -1.849000
v 0.665600 -0.050700 -1.845600
v 0.671700 -0.032600 -1.849000
v 0.676000 -0.034400 -1.850400
v 0.665600 -0.050700 -1.845600
v 0.676000 -0.034400 -1.850400
v 0.679600 -0.037300 -1.851100
v 0.665600 -0.050700 -1.845600
v 0.679600 -0.037300 -1.851100
v 0.682500 -0.040800 -1.851400
v 0.665600 -0.050700 -1.845600
v 0.682500 -0.040800 -1.851400
v 0.684100 -0.045100 -1.850800
v 0.665600 -0.050700 -1.845600
v 0.684300 -0.054100 -1.848200
v 0.682500 -0.058500 -1.846200
v 0.665600 -0.050700 -1.845600
v 0.684100 -0.045100 -1.850800
v 0.684900 -0.049700 -1.849800
v 0.665600 -0.050700 -1.845600
v 0.684900 -0.049700 -1.849800
v 0.684300 -0.054100 -1.848200
v 0.763400 -0.046900 -1.846600
v 0.746500 -0.054900 -1.847800
v 0.744700 -0.050500 -1.849700
v 0.763400 -0.046900 -1.846600
v 0.744700 -0.050500 -1.849700
v 0.744100 -0.046100 -1.851200
v 0.763400 -0.046900 -1.846600
v 0.744100 -0.046100 -1.851200
v 0.744700 -0.041500 -1.852000
v 0.763400 -0.046900 -1.846600
v 0.744700 -0.041500 -1.852000
v 0.746500 -0.037200 -1.852400
v 0.763400 -0.046900 -1.846600
v 0.746500 -0.037200 -1.852400
v 0.749200 -0.033700 -1.852000
v 0.763400 -0.046900 -1.846600
v 0.749200 -0.033700 -1.852000
v 0.753100 -0.030700 -1.851100
v 0.763400 -0.046900 -1.846600
v 0.753100 -0.030700 -1.851100
v 0.757100 -0.029100 -1.849600
v 0.763400 -0.046900 -1.846600
v 0.757100 -0.029100 -1.849600
v 0.761900 -0.028400 -1.847600
v 0.763400 -0.046900 -1.846600
v 0.761900 -0.028400 -1.847600
v 0.766400 -0.029000 -1.845400
v 0.763400 -0.046900 -1.846600
v 0.766400 -0.029000 -1.845400
v 0.770700 -0.030800 -1.843000
v 0.763400 -0.046900 -1.846600
v 0.770700 -0.030800 -1.843000
v 0.774400 -0.033700 -1.840600
v 0.763400 -0.046900 -1.846600
v 0.774400 -0.033700 -1.840600
v 0.777200 -0.037200 -1.838400
v 0.763400 -0.046900 -1.846600
v 0.777200 -0.037200 -1.838400
v 0.778800 -0.041500 -1.836500
v 0.763400 -0.046900 -1.846600
v 0.778800 -0.041500 -1.836500
v 0.779600 -0.046000 -1.835000
v 0.763400 -0.046900 -1.846600
v 0.779600 -0.046000 -1.835000
v 0.778900 -0.050500 -1.834200
v 0.763400 -0.046900 -1.846600
v 0.778900 -0.050500 -1.834200
v 0.777200 -0.054800 -1.833800
v 0.763400 -0.046900 -1.846600
v 0.777200 -0.054800 -1.833800
v 0.774200 -0.058500 -1.834200
v 0.763400 -0.046900 -1.846600
v 0.774200 -0.058500 -1.834200
v 0.770600 -0.061300 -1.835100
v 0.763400 -0.046900 -1.846600
v 0.770600 -0.061300 -1.835100
v 0.766400 -0.063100 -1.836700
v 0.763400 -0.046900 -1.846600
v 0.766400 -0.063100 -1.836700
v 0.761800 -0.063600 -1.838600
v 0.763400 -0.046900 -1.846600
v 0.761800 -0.063600 -1.838600
v 0.757000 -0.062900 -1.840800
v 0.763400 -0.046900 -1.846600
v 0.749200 -0.058300 -1.845600
v 0.746500 -0.054900 -1.847800
v 0.763400 -0.046900 -1.846600
v 0.757000 -0.062900 -1.840800
v 0.753000 -0.061300 -1.843200
v 0.763400 -0.046900 -1.846600
v 0.753000 -0.061300 -1.843200
v 0.749200 -0.058300 -1.845600
v 0.763700 0.029800 -1.842800
v 0.745300 0.033300 -1.845100
v 0.746900 0.037500 -1.843200
v 0.763700 0.029800 -1.842800
v 0.746900 0.037500 -1.843200
v 0.749700 0.041200 -1.841100
v 0.763700 0.029800 -1.842800
v 0.749700 0.041200 -1.841100
v 0.753200 0.044000 -1.838900
v 0.763700 0.029800 -1.842800
v 0.753200 0.044000 -1.838900
v 0.757900 0.045800 -1.836500
v 0.763700 0.029800 -1.842800
v 0.757900 0.045800 -1.836500
v 0.762300 0.046400 -1.834400
v 0.763700 0.029800 -1.842800
v 0.762300 0.046400 -1.834400
v 0.766800 0.045800 -1.832800
v 0.763700 0.029800 -1.842800
v 0.766800 0.045800 -1.832800
v 0.771200 0.044000 -1.831300
v 0.763700 0.029800 -1.842800
v 0.771200 0.044000 -1.831300
v 0.774700 0.041100 -1.830900
v 0.763700 0.029800 -1.842800
v 0.774700 0.041100 -1.830900
v 0.777700 0.037600 -1.830700
v 0.763700 0.029800 -1.842800
v 0.777700 0.037600 -1.830700
v 0.779400 0.033300 -1.831200
v 0.763700 0.029800 -1.842800
v 0.779400 0.033300 -1.831200
v 0.780100 0.028700 -1.832100
v 0.763700 0.029800 -1.842800
v 0.780100 0.028700 -1.832100
v 0.779300 0.024300 -1.833800
v 0.763700 0.029800 -1.842800
v 0.779300 0.024300 -1.833800
v 0.777600 0.019900 -1.835600
v 0.763700 0.029800 -1.842800
v 0.777600 0.019900 -1.835600
v 0.774600 0.016500 -1.837900
v 0.763700 0.029800 -1.842800
v 0.774600 0.016500 -1.837900
v 0.771100 0.013500 -1.840000
v 0.763700 0.029800 -1.842800
v 0.771100 0.013500 -1.840000
v 0.766800 0.011900 -1.842400
v 0.763700 0.029800 -1.842800
v 0.766800 0.011900 -1.842400
v 0.762000 0.011400 -1.844400
v 0.763700 0.029800 -1.842800
v 0.762000 0.011400 -1.844400
v 0.757600 0.012000 -1.846100
v 0.763700 0.029800 -1.842800
v 0.757600 0.012000 -1.846100
v 0.753400 0.013500 -1.847200
v 0.763700 0.029800 -1.842800
v 0.753400 0.013500 -1.847200
v 0.750100 0.016100 -1.847900
v 0.763700 0.029800 -1.842800
v 0.750100 0.016100 -1.847900
v 0.747200 0.019600 -1.848100
v 0.763700 0.029800 -1.842800
v 0.744700 0.028700 -1.846600
v 0.745300 0.033300 -1.845100
v 0.763700 0.029800 -1.842800
v 0.747200 0.019600 -1.848100
v 0.745300 0.024300 -1.847700
v 0.763700 0.029800 -1.842800
v 0.745300 0.024300 -1.847700
v 0.744700 0.028700 -1.846600
v 0.664900 0.025900 -1.842900
v 0.683300 0.029400 -1.845100
v 0.683700 0.024700 -1.846300
v 0.664900 0.025900 -1.842900
v 0.683700 0.024700 -1.846300
v 0.683300 0.020400 -1.847700
v 0.664900 0.025900 -1.842900
v 0.683300 0.020400 -1.847700
v 0.681700 0.016100 -1.847700
v 0.664900 0.025900 -1.842900
v 0.681700 0.016100 -1.847700
v 0.678700 0.012700 -1.848000
v 0.664900 0.025900 -1.842900
v 0.678700 0.012700 -1.848000
v 0.675500 0.010000 -1.847000
v 0.664900 0.025900 -1.842900
v 0.675500 0.010000 -1.847000
v 0.671200 0.008300 -1.846100
v 0.664900 0.025900 -1.842900
v 0.671200 0.008300 -1.846100
v 0.666400 0.007600 -1.844100
v 0.664900 0.025900 -1.842900
v 0.666400 0.007600 -1.844100
v 0.661500 0.008200 -1.842200
v 0.664900 0.025900 -1.842900
v 0.661500 0.008200 -1.842200
v 0.657500 0.009600 -1.840000
v 0.664900 0.025900 -1.842900
v 0.657500 0.009600 -1.840000
v 0.654000 0.012400 -1.837900
v 0.664900 0.025900 -1.842900
v 0.654000 0.012400 -1.837900
v 0.651200 0.016000 -1.835600
v 0.664900 0.025900 -1.842900
v 0.651200 0.016000 -1.835600
v 0.649500 0.020300 -1.833800
v 0.664900 0.025900 -1.842900
v 0.649500 0.020300 -1.833800
v 0.648700 0.024900 -1.832100
v 0.664900 0.025900 -1.842900
v 0.648700 0.024900 -1.832100
v 0.649300 0.029500 -1.831200
v 0.664900 0.025900 -1.842900
v 0.649300 0.029500 -1.831200
v 0.651000 0.033700 -1.830400
v 0.664900 0.025900 -1.842900
v 0.651000 0.033700 -1.830400
v 0.653700 0.037300 -1.830900
v 0.664900 0.025900 -1.842900
v 0.653700 0.037300 -1.830900
v 0.657700 0.040200 -1.831200
v 0.664900 0.025900 -1.842900
v 0.657700 0.040200 -1.831200
v 0.661800 0.041800 -1.832800
v 0.664900 0.025900 -1.842900
v 0.661800 0.041800 -1.832800
v 0.666700 0.042300 -1.834300
v 0.664900 0.025900 -1.842900
v 0.666700 0.042300 -1.834300
v 0.671100 0.041700 -1.836600
v 0.664900 0.025900 -1.842900
v 0.671100 0.041700 -1.836600
v 0.675400 0.040100 -1.838600
v 0.664900 0.025900 -1.842900
v 0.681400 0.033700 -1.842900
v 0.683300 0.029400 -1.845100
v 0.664900 0.025900 -1.842900
v 0.675400 0.040100 -1.838600
v 0.678800 0.037200 -1.841100
v 0.664900 0.025900 -1.842900
v 0.678800 0.037200 -1.841100
v 0.681400 0.033700 -1.842900
v -0.649500 -0.049600 -1.834300
v -0.665600 -0.050700 -1.845600
v -0.650100 -0.045200 -1.836000
v -0.650100 -0.054100 -1.833300
v -0.665600 -0.050700 -1.845600
v -0.649500 -0.049600 -1.834300
v -0.650100 -0.045200 -1.836000
v -0.665600 -0.050700 -1.845600
v -0.651800 -0.040800 -1.837900
v -0.651800 -0.058400 -1.832800
v -0.665600 -0.050700 -1.845600
v -0.650100 -0.054100 -1.833300
v -0.651800 -0.040800 -1.837900
v -0.665600 -0.050700 -1.845600
v -0.654700 -0.037300 -1.840200
v -0.654600 -0.061900 -1.833000
v -0.665600 -0.050700 -1.845600
v -0.651800 -0.058400 -1.832800
v -0.654700 -0.037300 -1.840200
v -0.665600 -0.050700 -1.845600
v -0.658200 -0.034400 -1.842600
v -0.658400 -0.064900 -1.833800
v -0.665600 -0.050700 -1.845600
v -0.654600 -0.061900 -1.833000
v -0.658200 -0.034400 -1.842600
v -0.665600 -0.050700 -1.845600
v -0.662600 -0.032600 -1.845000
v -0.662600 -0.066600 -1.835200
v -0.665600 -0.050700 -1.845600
v -0.658400 -0.064900 -1.833800
v -0.662600 -0.032600 -1.845000
v -0.665600 -0.050700 -1.845600
v -0.667100 -0.032000 -1.847200
v -0.667200 -0.067200 -1.836900
v -0.665600 -0.050700 -1.845600
v -0.662600 -0.066600 -1.835200
v -0.667100 -0.032000 -1.847200
v -0.665600 -0.050700 -1.845600
v -0.671700 -0.032600 -1.849000
v -0.671700 -0.066500 -1.839100
v -0.665600 -0.050700 -1.845600
v -0.667200 -0.067200 -1.836900
v -0.671700 -0.032600 -1.849000
v -0.665600 -0.050700 -1.845600
v -0.676000 -0.034400 -1.850400
v -0.676000 -0.064900 -1.841500
v -0.665600 -0.050700 -1.845600
v -0.671700 -0.066500 -1.839100
v -0.676000 -0.034400 -1.850400
v -0.665600 -0.050700 -1.845600
v -0.679600 -0.037300 -1.851100
v -0.679500 -0.062200 -1.843900
v -0.665600 -0.050700 -1.845600
v -0.676000 -0.064900 -1.841500
v -0.679600 -0.037300 -1.851100
v -0.665600 -0.050700 -1.845600
v -0.682500 -0.040800 -1.851400
v -0.682500 -0.058500 -1.846200
v -0.665600 -0.050700 -1.845600
v -0.679500 -0.062200 -1.843900
v -0.682500 -0.040800 -1.851400
v -0.665600 -0.050700 -1.845600
v -0.684100 -0.045100 -1.850800
v -0.684300 -0.054100 -1.848200
v -0.665600 -0.050700 -1.845600
v -0.682500 -0.058500 -1.846200
v -0.684100 -0.045100 -1.850800
v -0.665600 -0.050700 -1.845600
v -0.684900 -0.049700 -1.849800
v -0.684900 -0.049700 -1.849800
v -0.665600 -0.050700 -1.845600
v -0.684300 -0.054100 -1.848200
v -0.770700 -0.030800 -1.843000
v -0.763400 -0.046900 -1.846600
v -0.774400 -0.033700 -1.840600
v -0.766400 -0.029000 -1.845400
v -0.763400 -0.046900 -1.846600
v -0.770700 -0.030800 -1.843000
v -0.774400 -0.033700 -1.840600
v -0.763400 -0.046900 -1.846600
v -0.777200 -0.037200 -1.838400
v -0.761900 -0.028400 -1.847600
v -0.763400 -0.046900 -1.846600
v -0.766400 -0.029000 -1.845400
v -0.777200 -0.037200 -1.838400
v -0.763400 -0.046900 -1.846600
v -0.778800 -0.041500 -1.836500
v -0.757100 -0.029100 -1.849600
v -0.763400 -0.046900 -1.846600
v -0.761900 -0.028400 -1.847600
v -0.778800 -0.041500 -1.836500
v -0.763400 -0.046900 -1.846600
v -0.779600 -0.046000 -1.835000
v -0.753100 -0.030700 -1.851100
v -0.763400 -0.046900 -1.846600
v -0.757100 -0.029100 -1.849600
v -0.779600 -0.046000 -1.835000
v -0.763400 -0.046900 -1.846600
v -0.778900 -0.050500 -1.834200
v -0.749200 -0.033700 -1.852000
v -0.763400 -0.046900 -1.846600
v -0.753100 -0.030700 -1.851100
v -0.778900 -0.050500 -1.834200
v -0.763400 -0.046900 -1.846600
v -0.777200 -0.054800 -1.833800
v -0.746500 -0.037200 -1.852400
v -0.763400 -0.046900 -1.846600
v -0.749200 -0.033700 -1.852000
v -0.777200 -0.054800 -1.833800
v -0.763400 -0.046900 -1.846600
v -0.774200 -0.058500 -1.834200
v -0.744700 -0.041500 -1.852000
v -0.763400 -0.046900 -1.846600
v -0.746500 -0.037200 -1.852400
v -0.774200 -0.058500 -1.834200
v -0.763400 -0.046900 -1.846600
v -0.770600 -0.061300 -1.835100
v -0.744100 -0.046100 -1.851200
v -0.763400 -0.046900 -1.846600
v -0.744700 -0.041500 -1.852000
v -0.770600 -0.061300 -1.835100
v -0.763400 -0.046900 -1.846600
v -0.766400 -0.063100 -1.836700
v -0.744700 -0.050500 -1.849700
v -0.763400 -0.046900 -1.846600
v -0.744100 -0.046100 -1.851200
v -0.766400 -0.063100 -1.836700
v -0.763400 -0.046900 -1.846600
v -0.761800 -0.063600 -1.838600
v -0.746500 -0.054900 -1.847800
v -0.763400 -0.046900 -1.846600
v -0.744700 -0.050500 -1.849700
v -0.761800 -0.063600 -1.838600
v -0.763400 -0.046900 -1.846600
v -0.757000 -0.062900 -1.840800
v -0.749200 -0.058300 -1.845600
v -0.763400 -0.046900 -1.846600
v -0.746500 -0.054900 -1.847800
v -0.757000 -0.062900 -1.840800
v -0.763400 -0.046900 -1.846600
v -0.753000 -0.061300 -1.843200
v -0.753000 -0.061300 -1.843200
v -0.763400 -0.046900 -1.846600
v -0.749200 -0.058300 -1.845600
v -0.779400 0.033300 -1.831200
v -0.763700 0.029800 -1.842800
v -0.780100 0.028700 -1.832100
v -0.777700 0.037600 -1.830700
v -0.763700 0.029800 -1.842800
v -0.779400 0.033300 -1.831200
v -0.780100 0.028700 -1.832100
v -0.763700 0.029800 -1.842800
v -0.779300 0.024300 -1.833800
v -0.774700 0.041100 -1.830900
v -0.763700 0.029800 -1.842800
v -0.777700 0.037600 -1.830700
v -0.779300 0.024300 -1.833800
v -0.763700 0.029800 -1.842800
v -0.777600 0.019900 -1.835600
v -0.771200 0.044000 -1.831300
v -0.763700 0.029800 -1.842800
v -0.774700 0.041100 -1.830900
v -0.777600 0.019900 -1.835600
v -0.763700 0.029800 -1.842800
v -0.774600 0.016500 -1.837900
v -0.766800 0.045800 -1.832800
v -0.763700 0.029800 -1.842800
v -0.771200 0.044000 -1.831300
v -0.774600 0.016500 -1.837900
v -0.763700 0.029800 -1.842800
v -0.771100 0.013500 -1.840000
v -0.762300 0.046400 -1.834400
v -0.763700 0.029800 -1.842800
v -0.766800 0.045800 -1.832800
v -0.771100 0.013500 -1.840000
v -0.763700 0.029800 -1.842800
v -0.766800 0.011900 -1.842400
v -0.757900 0.045800 -1.836500
v -0.763700 0.029800 -1.842800
v -0.762300 0.046400 -1.834400
v -0.766800 0.011900 -1.842400
v -0.763700 0.029800 -1.842800
v -0.762000 0.011400 -1.844400
v -0.753200 0.044000 -1.838900
v -0.763700 0.029800 -1.842800
v -0.757900 0.045800 -1.836500
v -0.762000 0.011400 -1.844400
v -0.763700 0.029800 -1.842800
v -0.757600 0.012000 -1.846100
v -0.749700 0.041200 -1.841100
v -0.763700 0.029800 -1.842800
v -0.753200 0.044000 -1.838900
v -0.757600 0.012000 -1.846100
v -0.763700 0.029800 -1.842800
v -0.753400 0.013500 -1.847200
v -0.746900 0.037500 -1.843200
v -0.763700 0.029800 -1.842800
v -0.749700 0.041200 -1.841100
v -0.753400 0.013500 -1.847200
v -0.763700 0.029800 -1.842800
v -0.750100 0.016100 -1.847900
v -0.745300 0.033300 -1.845100
v -0.763700 0.029800 -1.842800
v -0.746900 0.037500 -1.843200
v -0.750100 0.016100 -1.847900
v -0.763700 0.029800 -1.842800
v -0.747200 0.019600 -1.848100
v -0.744700 0.028700 -1.846600
v -0.763700 0.029800 -1.842800
v -0.745300 0.033300 -1.845100
v -0.747200 0.019600 -1.848100
v -0.763700 0.029800 -1.842800
v -0.745300 0.024300 -1.847700
v -0.745300 0.024300 -1.847700
v -0.763700 0.029800 -1.842800
v -0.744700 0.028700 -1.846600
v -0.654000 0.012400 -1.837900
v -0.664900 0.025900 -1.842900
v -0.651200 0.016000 -1.835600
v -0.657500 0.009600 -1.840000
v -0.664900 0.025900 -1.842900
v -0.654000 0.012400 -1.837900
v -0.651200 0.016000 -1.835600
v -0.664900 0.025900 -1.842900
v -0.649500 0.020300 -1.833800
v -0.661500 0.008200 -1.842200
v -0.664900 0.025900 -1.842900
v -0.657500 0.009600 -1.840000
v -0.649500 0.020300 -1.833800
v -0.664900 0.025900 -1.842900
v -0.648700 0.024900 -1.832100
v -0.666400 0.007600 -1.844100
v -0.664900 0.025900 -1.842900
v -0.661500 0.008200 -1.842200
v -0.648700 0.024900 -1.832100
v -0.664900 0.025900 -1.842900
v -0.649300 0.029500 -1.831200
v -0.671200 0.008300 -1.846100
v -0.664900 0.025900 -1.842900
v -0.666400 0.007600 -1.844100
v -0.649300 0.029500 -1.831200
v -0.664900 0.025900 -1.842900
v -0.651000 0.033700 -1.830400
v -0.675500 0.010000 -1.847000
v -0.664900 0.025900 -1.842900
v -0.671200 0.008300 -1.846100
v -0.651000 0.033700 -1.830400
v -0.664900 0.025900 -1.842900
v -0.653700 0.037300 -1.830900
v -0.678700 0.012700 -1.848000
v -0.664900 0.025900 -1.842900
v -0.675500 0.010000 -1.847000
v -0.653700 0.037300 -1.830900
v -0.664900 0.025900 -1.842900
v -0.657700 0.040200 -1.831200
v -0.681700 0.016100 -1.847700
v -0.664900 0.025900 -1.842900
v -0.678700 0.012700 -1.848000
v -0.657700 0.040200 -1.831200
v -0.664900 0.025900 -1.842900
v -0.661800 0.041800 -1.832800
v -0.683300 0.020500 -1.847700
v -0.664900 0.025900 -1.842900
v -0.681700 0.016100 -1.847700
v -0.661800 0.041800 -1.832800
v -0.664900 0.025900 -1.842900
v -0.666700 0.042300 -1.834300
v -0.683700 0.024700 -1.846300
v -0.664900 0.025900 -1.842900
v -0.683300 0.020500 -1.847700
v -0.666700 0.042300 -1.834300
v -0.664900 0.025900 -1.842900
v -0.671100 0.041700 -1.836600
v -0.683300 0.029400 -1.845100
v -0.664900 0.025900 -1.842900
v -0.683700 0.024700 -1.846300
v -0.671100 0.041700 -1.836600
v -0.664900 0.025900 -1.842900
v -0.675400 0.040100 -1.838600
v -0.681400 0.033700 -1.842900
v -0.664900 0.025900 -1.842900
v -0.683300 0.029400 -1.845100
v -0.675400 0.040100 -1.838600
v -0.664900 0.025900 -1.842900
v -0.678800 0.037200 -1.841100
v -0.678800 0.037200 -1.841100
v -0.664900 0.025900 -1.842900
v -0.681400 0.033700 -1.842900
vn 0.173518 0.367057 -0.913658
vn 0.354707 0.246163 -0.874374
vn 0.208560 0.398378 -0.890353
vn 0.208560 0.398378 -0.890353
vn 0.354707 0.246163 -0.874374
vn 0.245316 0.442572 -0.862490
vn 0.169998 0.307416 -0.932726
vn 0.354707 0.246163 -0.874374
vn 0.173518 0.367057 -0.913658
vn 0.245316 0.442572 -0.862490
vn 0.354707 0.246163 -0.874374
vn 0.299596 0.451585 -0.837694
vn 0.153461 0.278466 -0.946839
vn 0.354707 0.246163 -0.874374
vn 0.169998 0.307416 -0.932726
vn 0.299596 0.451585 -0.837694
vn 0.354707 0.246163 -0.874374
vn 0.330906 0.466244 -0.819857
vn 0.188377 0.204273 -0.951927
vn 0.354707 0.246163 -0.874374
vn 0.153461 0.278466 -0.946839
vn 0.330906 0.466244 -0.819857
vn 0.354707 0.246163 -0.874374
vn 0.383824 0.438272 -0.807759
vn 0.188909 0.149958 -0.967354
vn 0.354707 0.246163 -0.874374
vn 0.188377 0.204273 -0.951927
vn 0.383824 0.438272 -0.807759
vn 0.354707 0.246163 -0.874374
vn 0.428394 0.432411 -0.792127
vn 0.235156 0.123387 -0.955657
vn 0.354707 0.246163 -0.874374
vn 0.188909 0.149958 -0.967354
vn 0.428394 0.432411 -0.792127
vn 0.354707 0.246163 -0.874374
vn 0.466142 0.376697 -0.792923
vn 0.279661 0.060273 -0.956773
vn 0.354707 0.246163 -0.874374
vn 0.235156 0.123387 -0.955657
vn 0.466142 0.376697 -0.792923
vn 0.354707 0.246163 -0.874374
vn 0.524165 0.325742 -0.786131
vn 0.313102 0.059575 -0.944098
vn 0.354707 0.246163 -0.874374
vn 0.279661 0.060273 -0.956773
vn 0.524165 0.325742 -0.786131
vn 0.354707 0.246163 -0.874374
vn 0.528435 0.291886 -0.794389
vn 0.372974 0.030226 -0.927205
vn 0.354707 0.246163 -0.874374
vn 0.313102 0.059575 -0.944098
vn 0.528435 0.291886 -0.794389
vn 0.354707 0.246163 -0.874374
vn 0.550757 0.215925 -0.806142
vn 0.412191 0.043268 -0.908029
vn 0.354707 0.246163 -0.874374
vn 0.372974 0.030226 -0.927205
vn 0.550757 0.215925 -0.806142
vn 0.354707 0.246163 -0.874374
vn 0.545842 0.168683 -0.819920
vn 0.471898 0.057718 -0.879733
vn 0.354707 0.246163 -0.874374
vn 0.412191 0.043268 -0.908029
vn 0.545842 0.168683 -0.819920
vn 0.354707 0.246163 -0.874374
vn 0.536527 0.127368 -0.834172
vn 0.505261 0.090542 -0.857007
vn 0.354707 0.246163 -0.874374
vn 0.471898 0.057718 -0.879733
vn 0.536527 0.127368 -0.834172
vn 0.354707 0.246163 -0.874374
vn 0.505261 0.090542 -0.857007
vn -0.173420 0.273095 -0.946144
vn -0.358144 0.245488 -0.877492
vn -0.190973 0.213479 -0.956746
vn -0.190973 0.213479 -0.956746
vn -0.358144 0.245488 -0.877492
vn -0.217307 0.149570 -0.964385
vn -0.176581 0.316157 -0.931527
vn -0.358144 0.245488 -0.877492
vn -0.173420 0.273095 -0.946144
vn -0.217307 0.149570 -0.964385
vn -0.358144 0.245488 -0.877492
vn -0.249614 0.110146 -0.961519
vn -0.186327 0.359034 -0.914427
vn -0.358144 0.245488 -0.877492
vn -0.176581 0.316157 -0.931527
vn -0.249614 0.110146 -0.961519
vn -0.358144 0.245488 -0.877492
vn -0.275740 0.084232 -0.957521
vn -0.209238 0.390576 -0.895992
vn -0.358144 0.245488 -0.877492
vn -0.186327 0.359034 -0.914427
vn -0.275740 0.084232 -0.957521
vn -0.358144 0.245488 -0.877492
vn -0.322617 0.064284 -0.943112
vn -0.249005 0.423250 -0.870655
vn -0.358144 0.245488 -0.877492
vn -0.209238 0.390576 -0.895992
vn -0.322617 0.064284 -0.943112
vn -0.358144 0.245488 -0.877492
vn -0.372893 0.046131 -0.926692
vn -0.302889 0.441965 -0.843605
vn -0.358144 0.245488 -0.877492
vn -0.249005 0.423250 -0.870655
vn -0.372893 0.046131 -0.926692
vn -0.358144 0.245488 -0.877492
vn -0.424553 0.053356 -0.902452
vn -0.343357 0.446930 -0.825997
vn -0.358144 0.245488 -0.877492
vn -0.302889 0.441965 -0.843605
vn -0.424553 0.053356 -0.902452
vn -0.358144 0.245488 -0.877492
vn -0.470822 0.062582 -0.880001
vn -0.396342 0.429451 -0.809987
vn -0.358144 0.245488 -0.877492
vn -0.343357 0.446930 -0.825997
vn -0.470822 0.062582 -0.880001
vn -0.358144 0.245488 -0.877492
vn -0.496282 0.088870 -0.862760
vn -0.438288 0.414438 -0.797580
vn -0.358144 0.245488 -0.877492
vn -0.396342 0.429451 -0.809987
vn -0.496282 0.088870 -0.862760
vn -0.358144 0.245488 -0.877492
vn -0.525311 0.125572 -0.841480
vn -0.459069 0.391972 -0.796552
vn -0.358144 0.245488 -0.877492
vn -0.438288 0.414438 -0.797580
vn -0.525311 0.125572 -0.841480
vn -0.358144 0.245488 -0.877492
vn -0.537285 0.175826 -0.823837
vn -0.502536 0.333703 -0.796563
vn -0.358144 0.245488 -0.877492
vn -0.459069 0.391972 -0.796552
vn -0.537285 0.175826 -0.823837
vn -0.358144 0.245488 -0.877492
vn -0.542718 0.227322 -0.808460
vn -0.532283 0.269778 -0.801814
vn -0.358144 0.245488 -0.877492
vn -0.502536 0.333703 -0.796563
vn -0.542718 0.227322 -0.808460
vn -0.358144 0.245488 -0.877492
vn -0.532283 0.269778 -0.801814
vn -0.247730 -0.386507 -0.888372
vn -0.394407 -0.224367 -0.866276
vn -0.289922 -0.412899 -0.861907
vn -0.289922 -0.412899 -0.861907
vn -0.394407 -0.224367 -0.866276
vn -0.325530 -0.434610 -0.839719
vn -0.228960 -0.347430 -0.908350
vn -0.394407 -0.224367 -0.866276
vn -0.247730 -0.386507 -0.888372
vn -0.325530 -0.434610 -0.839719
vn -0.394407 -0.224367 -0.866276
vn -0.353336 -0.431225 -0.829511
vn -0.212054 -0.300966 -0.929679
vn -0.394407 -0.224367 -0.866276
vn -0.228960 -0.347430 -0.908350
vn -0.353336 -0.431225 -0.829511
vn -0.394407 -0.224367 -0.866276
vn -0.427183 -0.411897 -0.803454
vn -0.215139 -0.242254 -0.944796
vn -0.394407 -0.224367 -0.866276
vn -0.212054 -0.300966 -0.929679
vn -0.427183 -0.411897 -0.803454
vn -0.394407 -0.224367 -0.866276
vn -0.480756 -0.387647 -0.786397
vn -0.221725 -0.188799 -0.956634
vn -0.394407 -0.224367 -0.866276
vn -0.215139 -0.242254 -0.944796
vn -0.480756 -0.387647 -0.786397
vn -0.394407 -0.224367 -0.866276
vn -0.508782 -0.361204 -0.781031
vn -0.247470 -0.141267 -0.957350
vn -0.394407 -0.224367 -0.866276
vn -0.221725 -0.188799 -0.956634
vn -0.508782 -0.361204 -0.781031
vn -0.394407 -0.224367 -0.866276
vn -0.540644 -0.317167 -0.778626
vn -0.278114 -0.091935 -0.956079
vn -0.394407 -0.224367 -0.866276
vn -0.247470 -0.141267 -0.957350
vn -0.540644 -0.317167 -0.778626
vn -0.394407 -0.224367 -0.866276
vn -0.565149 -0.260522 -0.782070
vn -0.323099 -0.056632 -0.943432
vn -0.394407 -0.224367 -0.866276
vn -0.278114 -0.091935 -0.956079
vn -0.565149 -0.260522 -0.782070
vn -0.394407 -0.224367 -0.866276
vn -0.577735 -0.195934 -0.791634
vn -0.374021 -0.023851 -0.926994
vn -0.394407 -0.224367 -0.866276
vn -0.323099 -0.056632 -0.943432
vn -0.577735 -0.195934 -0.791634
vn -0.394407 -0.224367 -0.866276
vn -0.578693 -0.151782 -0.801211
vn -0.412301 -0.015781 -0.910477
vn -0.394407 -0.224367 -0.866276
vn -0.374021 -0.023851 -0.926994
vn -0.578693 -0.151782 -0.801211
vn -0.394407 -0.224367 -0.866276
vn -0.563914 -0.111116 -0.817576
vn -0.459030 -0.017402 -0.887915
vn -0.394407 -0.224367 -0.866276
vn -0.412301 -0.015781 -0.910477
vn -0.563914 -0.111116 -0.817576
vn -0.394407 -0.224367 -0.866276
vn -0.534877 -0.062932 -0.842149
vn -0.499611 -0.033058 -0.865250
vn -0.394407 -0.224367 -0.866276
vn -0.459030 -0.017402 -0.887915
vn -0.534877 -0.062932 -0.842149
vn -0.394407 -0.224367 -0.866276
vn -0.499611 -0.033058 -0.865250
vn 0.188198 -0.327001 -0.925975
vn 0.378735 -0.252523 -0.864834
vn 0.190447 -0.276884 -0.941079
vn 0.190447 -0.276884 -0.941079
vn 0.378735 -0.252523 -0.864834
vn 0.199848 -0.225154 -0.953463
vn 0.200283 -0.364013 -0.909175
vn 0.378735 -0.252523 -0.864834
vn 0.188198 -0.327001 -0.925975
vn 0.199848 -0.225154 -0.953463
vn 0.378735 -0.252523 -0.864834
vn 0.229568 -0.168974 -0.957333
vn 0.232930 -0.411671 -0.880267
vn 0.378735 -0.252523 -0.864834
vn 0.200283 -0.364013 -0.909175
vn 0.229568 -0.168974 -0.957333
vn 0.378735 -0.252523 -0.864834
vn 0.263258 -0.117910 -0.957390
vn 0.275943 -0.447572 -0.850183
vn 0.378735 -0.252523 -0.864834
vn 0.232930 -0.411671 -0.880267
vn 0.263258 -0.117910 -0.957390
vn 0.378735 -0.252523 -0.864834
vn 0.302905 -0.086007 -0.948369
vn 0.312980 -0.462106 -0.829554
vn 0.378735 -0.252523 -0.864834
vn 0.275943 -0.447572 -0.850183
vn 0.302905 -0.086007 -0.948369
vn 0.378735 -0.252523 -0.864834
vn 0.351386 -0.057072 -0.934261
vn 0.344582 -0.463707 -0.816071
vn 0.378735 -0.252523 -0.864834
vn 0.312980 -0.462106 -0.829554
vn 0.351386 -0.057072 -0.934261
vn 0.378735 -0.252523 -0.864834
vn 0.401917 -0.045951 -0.913833
vn 0.398837 -0.447523 -0.799240
vn 0.378735 -0.252523 -0.864834
vn 0.344582 -0.463707 -0.816071
vn 0.401917 -0.045951 -0.913833
vn 0.378735 -0.252523 -0.864834
vn 0.448783 -0.044804 -0.892363
vn 0.459781 -0.417699 -0.783195
vn 0.378735 -0.252523 -0.864834
vn 0.398837 -0.447523 -0.799240
vn 0.448783 -0.044804 -0.892363
vn 0.378735 -0.252523 -0.864834
vn 0.490937 -0.063093 -0.868164
vn 0.497941 -0.384828 -0.776775
vn 0.378735 -0.252523 -0.864834
vn 0.459781 -0.417699 -0.783195
vn 0.490937 -0.063093 -0.868164
vn 0.378735 -0.252523 -0.864834
vn 0.529072 -0.090418 -0.843562
vn 0.531687 -0.337272 -0.776118
vn 0.378735 -0.252523 -0.864834
vn 0.497941 -0.384828 -0.776775
vn 0.529072 -0.090418 -0.843562
vn 0.378735 -0.252523 -0.864834
vn 0.548061 -0.120405 -0.827438
vn 0.558413 -0.278738 -0.780740
vn 0.378735 -0.252523 -0.864834
vn 0.531687 -0.337272 -0.776118
vn 0.548061 -0.120405 -0.827438
vn 0.378735 -0.252523 -0.864834
vn 0.563178 -0.183052 -0.804421
vn 0.568711 -0.238701 -0.787053
vn 0.378735 -0.252523 -0.864834
vn 0.558413 -0.278738 -0.780740
vn 0.563178 -0.183052 -0.804421
vn 0.378735 -0.252523 -0.864834
vn 0.568711 -0.238701 -0.787053
vn -0.173518 0.367057 -0.913658
vn -0.208560 0.398378 -0.890353
vn -0.354704 0.245948 -0.874468
vn -0.208560 0.398378 -0.890353
vn -0.245316 0.442572 -0.862490
vn -0.354704 0.245948 -0.874468
vn -0.169998 0.307416 -0.932726
vn -0.173518 0.367057 -0.913658
vn -0.354704 0.245948 -0.874468
vn -0.245316 0.442572 -0.862490
vn -0.299596 0.451585 -0.837694
vn -0.354704 0.245948 -0.874468
vn -0.299596 0.451585 -0.837694
vn -0.330906 0.466244 -0.819857
vn -0.354704 0.245948 -0.874468
vn -0.330906 0.466244 -0.819857
vn -0.383824 0.438272 -0.807759
vn -0.354704 0.245948 -0.874468
vn -0.383824 0.438272 -0.807759
vn -0.428394 0.432411 -0.792127
vn -0.354704 0.245948 -0.874468
vn -0.428394 0.432411 -0.792127
vn -0.466142 0.376697 -0.792923
vn -0.354704 0.245948 -0.874468
vn -0.466142 0.376697 -0.792923
vn -0.524165 0.325742 -0.786131
vn -0.354704 0.245948 -0.874468
vn -0.524165 0.325742 -0.786131
vn -0.528435 0.291886 -0.794389
vn -0.354704 0.245948 -0.874468
vn -0.528435 0.291886 -0.794389
vn -0.550757 0.215925 -0.806142
vn -0.354704 0.245948 -0.874468
vn -0.550757 0.215925 -0.806142
vn -0.545842 0.168683 -0.819920
vn -0.354704 0.245948 -0.874468
vn -0.545842 0.168683 -0.819920
vn -0.536527 0.127368 -0.834172
vn -0.354704 0.245948 -0.874468
vn -0.536527 0.127368 -0.834172
vn -0.505261 0.090542 -0.857007
vn -0.354704 0.245948 -0.874468
vn -0.505261 0.090542 -0.857007
vn -0.471898 0.057718 -0.879733
vn -0.354704 0.245948 -0.874468
vn -0.471898 0.057718 -0.879733
vn -0.412191 0.043268 -0.908029
vn -0.354704 0.245948 -0.874468
vn -0.412191 0.043268 -0.908029
vn -0.372974 0.030226 -0.927205
vn -0.354704 0.245948 -0.874468
vn -0.372974 0.030226 -0.927205
vn -0.313102 0.059575 -0.944098
vn -0.354704 0.245948 -0.874468
vn -0.313102 0.059575 -0.944098
vn -0.279661 0.060273 -0.956773
vn -0.354704 0.245948 -0.874468
vn -0.279661 0.060273 -0.956773
vn -0.235156 0.123387 -0.955657
vn -0.354704 0.245948 -0.874468
vn -0.235156 0.123387 -0.955657
vn -0.188455 0.150756 -0.967392
vn -0.354704 0.245948 -0.874468
vn -0.188455 0.150756 -0.967392
vn -0.188338 0.201683 -0.953066
vn -0.354704 0.245948 -0.874468
vn -0.188338 0.201683 -0.953066
vn -0.153876 0.275080 -0.947940
vn -0.354704 0.245948 -0.874468
vn -0.153876 0.275080 -0.947940
vn -0.169998 0.307416 -0.932726
vn -0.354704 0.245948 -0.874468
vn 0.173420 0.273095 -0.946144
vn 0.190973 0.213479 -0.956746
vn 0.358144 0.245488 -0.877492
vn 0.190973 0.213479 -0.956746
vn 0.217307 0.149570 -0.964385
vn 0.358144 0.245488 -0.877492
vn 0.176581 0.316157 -0.931527
vn 0.173420 0.273095 -0.946144
vn 0.358144 0.245488 -0.877492
vn 0.217307 0.149570 -0.964385
vn 0.249614 0.110146 -0.961519
vn 0.358144 0.245488 -0.877492
vn 0.249614 0.110146 -0.961519
vn 0.275740 0.084232 -0.957521
vn 0.358144 0.245488 -0.877492
vn 0.275740 0.084232 -0.957521
vn 0.322617 0.064284 -0.943112
vn 0.358144 0.245488 -0.877492
vn 0.322617 0.064284 -0.943112
vn 0.372893 0.046131 -0.926692
vn 0.358144 0.245488 -0.877492
vn 0.372893 0.046131 -0.926692
vn 0.424553 0.053356 -0.902452
vn 0.358144 0.245488 -0.877492
vn 0.424553 0.053356 -0.902452
vn 0.470822 0.062582 -0.880001
vn 0.358144 0.245488 -0.877492
vn 0.470822 0.062582 -0.880001
vn 0.496282 0.088870 -0.862760
vn 0.358144 0.245488 -0.877492
vn 0.496282 0.088870 -0.862760
vn 0.525311 0.125572 -0.841480
vn 0.358144 0.245488 -0.877492
vn 0.525311 0.125572 -0.841480
vn 0.537285 0.175826 -0.823837
vn 0.358144 0.245488 -0.877492
vn 0.537285 0.175826 -0.823837
vn 0.542718 0.227322 -0.808460
vn 0.358144 0.245488 -0.877492
vn 0.542718 0.227322 -0.808460
vn 0.532283 0.269778 -0.801814
vn 0.358144 0.245488 -0.877492
vn 0.532283 0.269778 -0.801814
vn 0.502536 0.333703 -0.796563
vn 0.358144 0.245488 -0.877492
vn 0.502536 0.333703 -0.796563
vn 0.459069 0.391972 -0.796552
vn 0.358144 0.245488 -0.877492
vn 0.459069 0.391972 -0.796552
vn 0.438288 0.414438 -0.797580
vn 0.358144 0.245488 -0.877492
vn 0.438288 0.414438 -0.797580
vn 0.396342 0.429451 -0.809987
vn 0.358144 0.245488 -0.877492
vn 0.396342 0.429451 -0.809987
vn 0.343357 0.446930 -0.825997
vn 0.358144 0.245488 -0.877492
vn 0.343357 0.446930 -0.825997
vn 0.302889 0.441965 -0.843605
vn 0.358144 0.245488 -0.877492
vn 0.302889 0.441965 -0.843605
vn 0.249005 0.423250 -0.870655
vn 0.358144 0.245488 -0.877492
vn 0.249005 0.423250 -0.870655
vn 0.209238 0.390576 -0.895992
vn 0.358144 0.245488 -0.877492
vn 0.209238 0.390576 -0.895992
vn 0.186327 0.359034 -0.914427
vn 0.358144 0.245488 -0.877492
vn 0.186327 0.359034 -0.914427
vn 0.176581 0.316157 -0.931527
vn 0.358144 0.245488 -0.877492
vn 0.247730 -0.386507 -0.888372
vn 0.289922 -0.412899 -0.861907
vn 0.394407 -0.224367 -0.866276
vn 0.289922 -0.412899 -0.861907
vn 0.325530 -0.434610 -0.839719
vn 0.394407 -0.224367 -0.866276
vn 0.228960 -0.347430 -0.908350
vn 0.247730 -0.386507 -0.888372
vn 0.394407 -0.224367 -0.866276
vn 0.325530 -0.434610 -0.839719
vn 0.353336 -0.431225 -0.829511
vn 0.394407 -0.224367 -0.866276
vn 0.353336 -0.431225 -0.829511
vn 0.427183 -0.411897 -0.803454
vn 0.394407 -0.224367 -0.866276
vn 0.427183 -0.411897 -0.803454
vn 0.480756 -0.387647 -0.786397
vn 0.394407 -0.224367 -0.866276
vn 0.480756 -0.387647 -0.786397
vn 0.508782 -0.361204 -0.781031
vn 0.394407 -0.224367 -0.866276
vn 0.508782 -0.361204 -0.781031
vn 0.540644 -0.317167 -0.778626
vn 0.394407 -0.224367 -0.866276
vn 0.540644 -0.317167 -0.778626
vn 0.565149 -0.260522 -0.782070
vn 0.394407 -0.224367 -0.866276
vn 0.565149 -0.260522 -0.782070
vn 0.577735 -0.195934 -0.791634
vn 0.394407 -0.224367 -0.866276
vn 0.577735 -0.195934 -0.791634
vn 0.578693 -0.151782 -0.801211
vn 0.394407 -0.224367 -0.866276
vn 0.578693 -0.151782 -0.801211
vn 0.563914 -0.111116 -0.817576
vn 0.394407 -0.224367 -0.866276
vn 0.563914 -0.111116 -0.817576
vn 0.534877 -0.062932 -0.842149
vn 0.394407 -0.224367 -0.866276
vn 0.534877 -0.062932 -0.842149
vn 0.499611 -0.033058 -0.865250
vn 0.394407 -0.224367 -0.866276
vn 0.499611 -0.033058 -0.865250
vn 0.459030 -0.017402 -0.887915
vn 0.394407 -0.224367 -0.866276
vn 0.459030 -0.017402 -0.887915
vn 0.412301 -0.015781 -0.910477
vn 0.394407 -0.224367 -0.866276
vn 0.412301 -0.015781 -0.910477
vn 0.374021 -0.023851 -0.926994
vn 0.394407 -0.224367 -0.866276
vn 0.374021 -0.023851 -0.926994
vn 0.323099 -0.056632 -0.943432
vn 0.394407 -0.224367 -0.866276
vn 0.323099 -0.056632 -0.943432
vn 0.278114 -0.091935 -0.956079
vn 0.394407 -0.224367 -0.866276
vn 0.278114 -0.091935 -0.956079
vn 0.247470 -0.141267 -0.957350
vn 0.394407 -0.224367 -0.866276
vn 0.247470 -0.141267 -0.957350
vn 0.221725 -0.188799 -0.956634
vn 0.394407 -0.224367 -0.866276
vn 0.221725 -0.188799 -0.956634
vn 0.215139 -0.242254 -0.944796
vn 0.394407 -0.224367 -0.866276
vn 0.215139 -0.242254 -0.944796
vn 0.212054 -0.300966 -0.929679
vn 0.394407 -0.224367 -0.866276
vn 0.212054 -0.300966 -0.929679
vn 0.228960 -0.347430 -0.908350
vn 0.394407 -0.224367 -0.866276
vn -0.188198 -0.327001 -0.925975
vn -0.190447 -0.276884 -0.941079
vn -0.378735 -0.252523 -0.864834
vn -0.190447 -0.276884 -0.941079
vn -0.199848 -0.225154 -0.953463
vn -0.378735 -0.252523 -0.864834
vn -0.200283 -0.364013 -0.909175
vn -0.188198 -0.327001 -0.925975
vn -0.378735 -0.252523 -0.864834
vn -0.199848 -0.225154 -0.953463
vn -0.229568 -0.168974 -0.957333
vn -0.378735 -0.252523 -0.864834
vn -0.229568 -0.168974 -0.957333
vn -0.263258 -0.117910 -0.957390
vn -0.378735 -0.252523 -0.864834
vn -0.263258 -0.117910 -0.957390
vn -0.302905 -0.086007 -0.948369
vn -0.378735 -0.252523 -0.864834
vn -0.302905 -0.086007 -0.948369
vn -0.351386 -0.057072 -0.934261
vn -0.378735 -0.252523 -0.864834
vn -0.351386 -0.057072 -0.934261
vn -0.401917 -0.045951 -0.913833
vn -0.378735 -0.252523 -0.864834
vn -0.401917 -0.045951 -0.913833
vn -0.448783 -0.044804 -0.892363
vn -0.378735 -0.252523 -0.864834
vn -0.448783 -0.044804 -0.892363
vn -0.490937 -0.063093 -0.868164
vn -0.378735 -0.252523 -0.864834
vn -0.490937 -0.063093 -0.868164
vn -0.529072 -0.090418 -0.843562
vn -0.378735 -0.252523 -0.864834
vn -0.529072 -0.090418 -0.843562
vn -0.548061 -0.120405 -0.827438
vn -0.378735 -0.252523 -0.864834
vn -0.548061 -0.120405 -0.827438
vn -0.563178 -0.183052 -0.804421
vn -0.378735 -0.252523 -0.864834
vn -0.563178 -0.183052 -0.804421
vn -0.568711 -0.238701 -0.787053
vn -0.378735 -0.252523 -0.864834
vn -0.568711 -0.238701 -0.787053
vn -0.558413 -0.278738 -0.780740
vn -0.378735 -0.252523 -0.864834
vn -0.558413 -0.278738 -0.780740
vn -0.531687 -0.337272 -0.776118
vn -0.378735 -0.252523 -0.864834
vn -0.531687 -0.337272 -0.776118
vn -0.497941 -0.384828 -0.776775
vn -0.378735 -0.252523 -0.864834
vn -0.497941 -0.384828 -0.776775
vn -0.459781 -0.417699 -0.783195
vn -0.378735 -0.252523 -0.864834
vn -0.459781 -0.417699 -0.783195
vn -0.398837 -0.447523 -0.799240
vn -0.378735 -0.252523 -0.864834
vn -0.398837 -0.447523 -0.799240
vn -0.344582 -0.463707 -0.816071
vn -0.378735 -0.252523 -0.864834
vn -0.344582 -0.463707 -0.816071
vn -0.312980 -0.462106 -0.829554
vn -0.378735 -0.252523 -0.864834
vn -0.312980 -0.462106 -0.829554
vn -0.275943 -0.447572 -0.850183
vn -0.378735 -0.252523 -0.864834
vn -0.275943 -0.447572 -0.850183
vn -0.232930 -0.411671 -0.880267
vn -0.378735 -0.252523 -0.864834
vn -0.232930 -0.411671 -0.880267
vn -0.200283 -0.364013 -0.909175
vn -0.378735 -0.252523 -0.864834
vn 0.737448 -0.090798 -0.663609
vn 0.636539 -0.067822 -0.704162
vn 0.690089 -0.174116 -0.702263
vn 0.690089 -0.174116 -0.702263
vn 0.598082 -0.089093 -0.726364
vn 0.585406 -0.239981 -0.764699
vn 0.784757 0.033439 -0.616403
vn 0.684293 -0.041117 -0.676532
vn 0.737448 -0.090798 -0.663609
vn 0.585406 -0.239981 -0.764699
vn 0.517995 -0.217411 -0.790939
vn 0.482365 -0.296419 -0.824234
vn 0.788821 0.174159 -0.582437
vn 0.734592 0.115745 -0.616119
vn 0.784757 0.033439 -0.616403
vn 0.482365 -0.296419 -0.824234
vn 0.455052 -0.206097 -0.816048
vn 0.364143 -0.289895 -0.876889
vn 0.779959 0.272630 -0.563228
vn 0.717866 0.173623 -0.608033
vn 0.788821 0.174159 -0.582437
vn 0.364143 -0.289895 -0.876889
vn 0.357811 -0.217181 -0.861299
vn 0.253238 -0.280998 -0.925693
vn 0.688999 0.430700 -0.556812
vn 0.717866 0.173623 -0.608033
vn 0.779959 0.272630 -0.563228
vn 0.253238 -0.280998 -0.925693
vn 0.308882 -0.224952 -0.885052
vn 0.124309 -0.194006 -0.960191
vn 0.616659 0.562540 -0.550237
vn 0.480068 0.567177 -0.595406
vn 0.688999 0.430700 -0.556812
vn 0.124309 -0.194006 -0.960191
vn 0.008421 -0.018183 -0.958186
vn 0.005553 -0.117193 -0.993005
vn 0.516611 0.623888 -0.569220
vn 0.563928 0.487957 -0.585060
vn 0.616659 0.562540 -0.550237
vn 0.005553 -0.117193 -0.993005
vn 0.100225 -0.113281 -0.945894
vn -0.061940 0.002048 -0.986746
vn 0.377657 0.709224 -0.594774
vn 0.320287 0.660307 -0.630347
vn 0.516611 0.623888 -0.569220
vn -0.061940 0.002048 -0.986746
vn -0.098414 0.207207 -0.935989
vn -0.144891 0.150869 -0.977645
vn 0.261281 0.723079 -0.631773
vn 0.269729 0.650538 -0.652642
vn 0.377657 0.709224 -0.594774
vn -0.144891 0.150869 -0.977645
vn -0.090939 0.260056 -0.915945
vn -0.160151 0.269052 -0.944113
vn 0.145996 0.724314 -0.673385
vn 0.222293 0.626432 -0.678715
vn 0.261281 0.723079 -0.631773
vn -0.160151 0.269052 -0.944113
vn -0.077240 0.365849 -0.877391
vn -0.163024 0.400474 -0.900958
vn 0.042719 0.674722 -0.729507
vn 0.133250 0.606549 -0.719335
vn 0.145996 0.724314 -0.673385
vn -0.163024 0.400474 -0.900958
vn -0.055828 0.470432 -0.836040
vn -0.120685 0.507868 -0.848003
vn -0.061395 0.606073 -0.792174
vn 0.049669 0.561212 -0.766243
vn 0.042719 0.674722 -0.729507
vn -0.120685 0.507868 -0.848003
vn -0.010223 0.497826 -0.809831
vn -0.061395 0.606073 -0.792174
vn -0.760780 0.106742 -0.637267
vn -0.641722 0.139722 -0.701455
vn -0.693229 0.204619 -0.687571
vn -0.693229 0.204619 -0.687571
vn -0.596501 0.155279 -0.726953
vn -0.613262 0.273331 -0.739436
vn -0.799574 -0.014855 -0.595734
vn -0.694966 0.054096 -0.657748
vn -0.760780 0.106742 -0.637267
vn -0.613262 0.273331 -0.739436
vn -0.570128 0.199906 -0.748531
vn -0.504177 0.311242 -0.801295
vn -0.810308 -0.143567 -0.565050
vn -0.727854 -0.046219 -0.620052
vn -0.799574 -0.014855 -0.595734
vn -0.504177 0.311242 -0.801295
vn -0.429644 0.218029 -0.820622
vn -0.382537 0.322381 -0.864067
vn -0.782884 -0.284621 -0.546392
vn -0.728975 -0.157399 -0.593782
vn -0.810308 -0.143567 -0.565050
vn -0.382537 0.322381 -0.864067
vn -0.385098 0.238322 -0.846238
vn -0.283533 0.298619 -0.909526
vn -0.727066 -0.421382 -0.538454
vn -0.703695 -0.332817 -0.564449
vn -0.782884 -0.284621 -0.546392
vn -0.283533 0.298619 -0.909526
vn -0.284216 0.210556 -0.888304
vn -0.167753 0.232209 -0.954278
vn -0.640212 -0.534741 -0.545433
vn -0.642557 -0.441417 -0.564028
vn -0.727066 -0.421382 -0.538454
vn -0.167753 0.232209 -0.954278
vn -0.135068 0.139859 -0.944231
vn -0.059454 0.138808 -0.986562
vn -0.532552 -0.627753 -0.564219
vn -0.503445 -0.550435 -0.594229
vn -0.640212 -0.534741 -0.545433
vn -0.059454 0.138808 -0.986562
vn -0.103435 0.080773 -0.943149
vn 0.026688 0.014301 -0.995434
vn -0.419285 -0.682897 -0.594386
vn -0.404247 -0.603584 -0.622307
vn -0.532552 -0.627753 -0.564219
vn 0.026688 0.014301 -0.995434
vn 0.005764 -0.061763 -0.958887
vn 0.086620 -0.111551 -0.988711
vn -0.293580 -0.708603 -0.637876
vn -0.303640 -0.627400 -0.658564
vn -0.419285 -0.682897 -0.594386
vn 0.086620 -0.111551 -0.988711
vn 0.045949 -0.181445 -0.944254
vn 0.109862 -0.245801 -0.958816
vn -0.171397 -0.699481 -0.690705
vn -0.203816 -0.622213 -0.703151
vn -0.293580 -0.708603 -0.637876
vn 0.109862 -0.245801 -0.958816
vn 0.036855 -0.345999 -0.891190
vn 0.110372 -0.383297 -0.915362
vn -0.063790 -0.656599 -0.748679
vn -0.168059 -0.590060 -0.728976
vn -0.171397 -0.699481 -0.690705
vn 0.110372 -0.383297 -0.915362
vn 0.010482 -0.446703 -0.849627
vn 0.074660 -0.495895 -0.861830
vn 0.016335 -0.592481 -0.803731
vn -0.115994 -0.589539 -0.751046
vn -0.063790 -0.656599 -0.748679
vn 0.074660 -0.495895 -0.861830
vn -0.043212 -0.526725 -0.801800
vn 0.016335 -0.592481 -0.803731
vn -0.741445 -0.076398 -0.661754
vn -0.677168 -0.033527 -0.679221
vn -0.784176 0.041773 -0.616776
vn -0.784176 0.041773 -0.616776
vn -0.703785 0.068385 -0.642929
vn -0.789024 0.170732 -0.584698
vn -0.673568 -0.181373 -0.714316
vn -0.633737 -0.061911 -0.705255
vn -0.741445 -0.076398 -0.661754
vn -0.789024 0.170732 -0.584698
vn -0.721933 0.234498 -0.594629
vn -0.768740 0.300411 -0.562023
vn -0.579650 -0.252991 -0.770868
vn -0.547448 -0.177562 -0.770535
vn -0.673568 -0.181373 -0.714316
vn -0.768740 0.300411 -0.562023
vn -0.682213 0.292603 -0.593994
vn -0.705022 0.432195 -0.554397
vn -0.482189 -0.294918 -0.823769
vn -0.547448 -0.177562 -0.770535
vn -0.579650 -0.252991 -0.770868
vn -0.705022 0.432195 -0.554397
vn -0.615356 0.459447 -0.576358
vn -0.619653 0.550505 -0.556905
vn -0.365055 -0.295847 -0.878480
vn -0.449630 -0.204524 -0.819444
vn -0.482189 -0.294918 -0.823769
vn -0.619653 0.550505 -0.556905
vn -0.478037 0.571921 -0.596343
vn -0.493362 0.643883 -0.575126
vn -0.249859 -0.275729 -0.927281
vn -0.349309 -0.213532 -0.864920
vn -0.365055 -0.295847 -0.878480
vn -0.493362 0.643883 -0.575126
vn -0.372430 0.618162 -0.623186
vn -0.368426 0.710922 -0.597804
vn -0.112369 -0.192862 -0.966674
vn -0.246078 -0.186951 -0.902383
vn -0.249859 -0.275729 -0.927281
vn -0.368426 0.710922 -0.597804
vn -0.268862 0.649615 -0.652956
vn -0.263776 0.728039 -0.628566
vn 0.008379 -0.102106 -0.994316
vn -0.094124 -0.117414 -0.950229
vn -0.112369 -0.192862 -0.966674
vn -0.263776 0.728039 -0.628566
vn -0.213448 0.669191 -0.667221
vn -0.155331 0.725848 -0.668642
vn 0.072761 -0.006105 -0.993508
vn -0.006558 -0.019627 -0.959544
vn 0.008379 -0.102106 -0.994316
vn -0.155331 0.725848 -0.668642
vn -0.129259 0.610296 -0.718788
vn -0.027559 0.668531 -0.734654
vn 0.133959 0.118241 -0.982488
vn 0.057435 0.082589 -0.956170
vn 0.072761 -0.006105 -0.993508
vn -0.027559 0.668531 -0.734654
vn -0.047814 0.563552 -0.764741
vn 0.067963 0.611185 -0.788473
vn 0.159798 0.274766 -0.941459
vn 0.093925 0.257871 -0.916137
vn 0.133959 0.118241 -0.982488
vn 0.067963 0.611185 -0.788473
vn -0.003269 0.546579 -0.786640
vn 0.118462 0.514979 -0.841882
vn 0.165400 0.404163 -0.899273
vn 0.080865 0.363042 -0.877876
vn 0.159798 0.274766 -0.941459
vn 0.118462 0.514979 -0.841882
vn 0.088409 0.426472 -0.860955
vn 0.165400 0.404163 -0.899273
vn 0.744286 0.091728 -0.657415
vn 0.687435 0.029973 -0.669616
vn 0.788429 -0.037134 -0.609760
vn 0.788429 -0.037134 -0.609760
vn 0.714270 -0.070318 -0.631860
vn 0.796090 -0.181529 -0.571922
vn 0.685603 0.181731 -0.703532
vn 0.630111 0.109375 -0.715860
vn 0.744286 0.091728 -0.657415
vn 0.796090 -0.181529 -0.571922
vn 0.719629 -0.179327 -0.601045
vn 0.775270 -0.308283 -0.548749
vn 0.601329 0.242644 -0.757668
vn 0.584136 0.124335 -0.741357
vn 0.685603 0.181731 -0.703532
vn 0.775270 -0.308283 -0.548749
vn 0.693436 -0.353403 -0.567232
vn 0.715376 -0.434117 -0.540436
vn 0.500437 0.283579 -0.816424
vn 0.505809 0.170104 -0.789072
vn 0.601329 0.242644 -0.757668
vn 0.715376 -0.434117 -0.540436
vn 0.578648 -0.494644 -0.574226
vn 0.629211 -0.553621 -0.542140
vn 0.378738 0.284655 -0.876437
vn 0.468864 0.204477 -0.814093
vn 0.500437 0.283579 -0.816424
vn 0.629211 -0.553621 -0.542140
vn 0.546831 -0.550325 -0.572129
vn 0.527813 -0.636568 -0.557648
vn 0.258737 0.260420 -0.928923
vn 0.371791 0.207887 -0.860056
vn 0.378738 0.284655 -0.876437
vn 0.527813 -0.636568 -0.557648
vn 0.390502 -0.617750 -0.614840
vn 0.399929 -0.699101 -0.588008
vn 0.151102 0.198880 -0.964851
vn 0.272142 0.178505 -0.898661
vn 0.258737 0.260420 -0.928923
vn 0.399929 -0.699101 -0.588008
vn 0.287626 -0.645971 -0.648166
vn 0.275311 -0.726364 -0.626899
vn 0.042387 0.105819 -0.991347
vn 0.174437 0.127234 -0.929814
vn 0.151102 0.198880 -0.964851
vn 0.275311 -0.726364 -0.626899
vn 0.287626 -0.645971 -0.648166
vn 0.157362 -0.717199 -0.675347
vn -0.042600 -0.012158 -0.995690
vn 0.036244 0.011037 -0.960365
vn 0.042387 0.105819 -0.991347
vn 0.157362 -0.717199 -0.675347
vn 0.096238 -0.608679 -0.738556
vn 0.043508 -0.673950 -0.734378
vn -0.103812 -0.140884 -0.982564
vn -0.025598 -0.090718 -0.957221
vn -0.042600 -0.012158 -0.995690
vn 0.043508 -0.673950 -0.734378
vn 0.071821 -0.563222 -0.764502
vn -0.035998 -0.613962 -0.787170
vn -0.132214 -0.286504 -0.944477
vn -0.058441 -0.263371 -0.916194
vn -0.103812 -0.140884 -0.982564
vn -0.035998 -0.613962 -0.787170
vn 0.022270 -0.549157 -0.788898
vn -0.097523 -0.509808 -0.849841
vn -0.136340 -0.404456 -0.903697
vn -0.057208 -0.370605 -0.881096
vn -0.132214 -0.286504 -0.944477
vn -0.097523 -0.509808 -0.849841
vn -0.065224 -0.431819 -0.864350
vn -0.136340 -0.404456 -0.903697
vn -0.737448 -0.090798 -0.663609
vn -0.690089 -0.174116 -0.702263
vn -0.636362 -0.067808 -0.704369
vn -0.690089 -0.174116 -0.702263
vn -0.585406 -0.239981 -0.764699
vn -0.597923 -0.089080 -0.726550
vn -0.784757 0.033439 -0.616403
vn -0.737448 -0.090798 -0.663609
vn -0.684094 -0.041101 -0.676764
vn -0.585406 -0.239981 -0.764699
vn -0.482365 -0.296419 -0.824234
vn -0.517995 -0.217411 -0.790939
vn -0.482365 -0.296419 -0.824234
vn -0.364143 -0.289895 -0.876889
vn -0.455052 -0.206097 -0.816048
vn -0.364143 -0.289895 -0.876889
vn -0.253238 -0.280998 -0.925693
vn -0.357811 -0.217181 -0.861299
vn -0.253238 -0.280998 -0.925693
vn -0.124309 -0.194006 -0.960191
vn -0.308882 -0.224952 -0.885052
vn -0.124309 -0.194006 -0.960191
vn -0.005553 -0.117193 -0.993005
vn -0.008421 -0.018183 -0.958186
vn -0.005553 -0.117193 -0.993005
vn 0.061940 0.002048 -0.986746
vn -0.100225 -0.113281 -0.945894
vn 0.061940 0.002048 -0.986746
vn 0.144891 0.150869 -0.977645
vn 0.098414 0.207207 -0.935989
vn 0.144891 0.150869 -0.977645
vn 0.160151 0.269052 -0.944113
vn 0.090939 0.260056 -0.915945
vn 0.160151 0.269052 -0.944113
vn 0.163024 0.400474 -0.900958
vn 0.077240 0.365849 -0.877391
vn 0.163024 0.400474 -0.900958
vn 0.120685 0.507868 -0.848003
vn 0.055828 0.470432 -0.836040
vn 0.120685 0.507868 -0.848003
vn 0.061395 0.606073 -0.792174
vn 0.010223 0.497826 -0.809831
vn 0.061395 0.606073 -0.792174
vn -0.042719 0.674722 -0.729507
vn -0.049669 0.561212 -0.766243
vn -0.042719 0.674722 -0.729507
vn -0.145996 0.724314 -0.673385
vn -0.133250 0.606549 -0.719335
vn -0.145996 0.724314 -0.673385
vn -0.261281 0.723079 -0.631773
vn -0.222293 0.626432 -0.678715
vn -0.261281 0.723079 -0.631773
vn -0.377657 0.709224 -0.594774
vn -0.269729 0.650538 -0.652642
vn -0.377657 0.709224 -0.594774
vn -0.516611 0.623888 -0.569220
vn -0.320287 0.660307 -0.630347
vn -0.516611 0.623888 -0.569220
vn -0.616659 0.562540 -0.550237
vn -0.563730 0.487972 -0.585293
vn -0.616659 0.562540 -0.550237
vn -0.687808 0.433543 -0.557013
vn -0.479869 0.567193 -0.595638
vn -0.687808 0.433543 -0.557013
vn -0.779164 0.272693 -0.564158
vn -0.717667 0.173639 -0.608265
vn -0.779164 0.272693 -0.564158
vn -0.789218 0.171380 -0.583166
vn -0.717667 0.173639 -0.608265
vn -0.789218 0.171380 -0.583166
vn -0.784757 0.033439 -0.616403
vn -0.734365 0.115763 -0.616385
vn 0.760780 0.106742 -0.637267
vn 0.693229 0.204619 -0.687571
vn 0.641722 0.139722 -0.701455
vn 0.693229 0.204619 -0.687571
vn 0.613262 0.273331 -0.739436
vn 0.596501 0.155279 -0.726953
vn 0.799574 -0.014855 -0.595734
vn 0.760780 0.106742 -0.637267
vn 0.694966 0.054096 -0.657748
vn 0.613262 0.273331 -0.739436
vn 0.504177 0.311242 -0.801295
vn 0.570128 0.199906 -0.748532
vn 0.504177 0.311242 -0.801295
vn 0.382537 0.322381 -0.864067
vn 0.429644 0.218029 -0.820622
vn 0.382537 0.322381 -0.864067
vn 0.283533 0.298619 -0.909526
vn 0.385098 0.238322 -0.846238
vn 0.283533 0.298619 -0.909526
vn 0.167753 0.232209 -0.954278
vn 0.284216 0.210556 -0.888304
vn 0.167753 0.232209 -0.954278
vn 0.059454 0.138808 -0.986562
vn 0.135068 0.139859 -0.944231
vn 0.059454 0.138808 -0.986562
vn -0.026688 0.014301 -0.995434
vn 0.103435 0.080773 -0.943149
vn -0.026688 0.014301 -0.995434
vn -0.086620 -0.111551 -0.988711
vn -0.005764 -0.061763 -0.958887
vn -0.086620 -0.111551 -0.988711
vn -0.109862 -0.245801 -0.958816
vn -0.045949 -0.181445 -0.944254
vn -0.109862 -0.245801 -0.958816
vn -0.110372 -0.383297 -0.915362
vn -0.036855 -0.345999 -0.891190
vn -0.110372 -0.383297 -0.915362
vn -0.074660 -0.495895 -0.861830
vn -0.010483 -0.446703 -0.849627
vn -0.074660 -0.495895 -0.861830
vn -0.016335 -0.592481 -0.803731
vn 0.043212 -0.526725 -0.801800
vn -0.016335 -0.592481 -0.803731
vn 0.063790 -0.656599 -0.748679
vn 0.115994 -0.589539 -0.751046
vn 0.063790 -0.656599 -0.748679
vn 0.171397 -0.699481 -0.690705
vn 0.168059 -0.590060 -0.728976
vn 0.171397 -0.699481 -0.690705
vn 0.293580 -0.708603 -0.637876
vn 0.203816 -0.622213 -0.703151
vn 0.293580 -0.708603 -0.637876
vn 0.419285 -0.682897 -0.594386
vn 0.303640 -0.627400 -0.658564
vn 0.419285 -0.682897 -0.594386
vn 0.532552 -0.627753 -0.564219
vn 0.404247 -0.603584 -0.622307
vn 0.532552 -0.627753 -0.564219
vn 0.640212 -0.534741 -0.545433
vn 0.503445 -0.550435 -0.594229
vn 0.640212 -0.534741 -0.545433
vn 0.727066 -0.421382 -0.538454
vn 0.642557 -0.441417 -0.564028
vn 0.727066 -0.421382 -0.538454
vn 0.782884 -0.284621 -0.546392
vn 0.703695 -0.332817 -0.564449
vn 0.782884 -0.284621 -0.546392
vn 0.810308 -0.143567 -0.565050
vn 0.728975 -0.157399 -0.593782
vn 0.810308 -0.143567 -0.565050
vn 0.799574 -0.014855 -0.595734
vn 0.727854 -0.046219 -0.620052
vn 0.741445 -0.076398 -0.661754
vn 0.784176 0.041773 -0.616776
vn 0.677168 -0.033527 -0.679221
vn 0.784176 0.041773 -0.616776
vn 0.789024 0.170732 -0.584698
vn 0.703785 0.068385 -0.642929
vn 0.673568 -0.181373 -0.714316
vn 0.741445 -0.076398 -0.661754
vn 0.633737 -0.061911 -0.705255
vn 0.789024 0.170732 -0.584698
vn 0.768740 0.300411 -0.562023
vn 0.721933 0.234498 -0.594629
vn 0.768740 0.300411 -0.562023
vn 0.705022 0.432195 -0.554397
vn 0.682213 0.292603 -0.593994
vn 0.705022 0.432195 -0.554397
vn 0.619653 0.550505 -0.556905
vn 0.615356 0.459447 -0.576358
vn 0.619653 0.550505 -0.556905
vn 0.493362 0.643883 -0.575126
vn 0.478037 0.571921 -0.596343
vn 0.493362 0.643883 -0.575126
vn 0.368426 0.710922 -0.597804
vn 0.372430 0.618162 -0.623186
vn 0.368426 0.710922 -0.597804
vn 0.263776 0.728039 -0.628566
vn 0.268862 0.649615 -0.652956
vn 0.263776 0.728039 -0.628566
vn 0.155331 0.725848 -0.668642
vn 0.213448 0.669191 -0.667221
vn 0.155331 0.725848 -0.668642
vn 0.027559 0.668531 -0.734654
vn 0.129259 0.610296 -0.718788
vn 0.027559 0.668531 -0.734654
vn -0.067963 0.611185 -0.788473
vn 0.047814 0.563552 -0.764741
vn -0.067963 0.611185 -0.788473
vn -0.118462 0.514979 -0.841882
vn 0.003269 0.546579 -0.786640
vn -0.118462 0.514979 -0.841882
vn -0.165400 0.404163 -0.899273
vn -0.088409 0.426472 -0.860955
vn -0.165400 0.404163 -0.899273
vn -0.159798 0.274766 -0.941459
vn -0.080865 0.363042 -0.877876
vn -0.159798 0.274766 -0.941459
vn -0.133959 0.118241 -0.982488
vn -0.093925 0.257871 -0.916138
vn -0.133959 0.118241 -0.982488
vn -0.072761 -0.006105 -0.993508
vn -0.057435 0.082589 -0.956170
vn -0.072761 -0.006105 -0.993508
vn -0.008379 -0.102106 -0.994316
vn 0.006558 -0.019627 -0.959544
vn -0.008379 -0.102106 -0.994316
vn 0.112369 -0.192862 -0.966674
vn 0.094124 -0.117414 -0.950229
vn 0.112369 -0.192862 -0.966674
vn 0.249859 -0.275729 -0.927281
vn 0.246078 -0.186951 -0.902382
vn 0.249859 -0.275729 -0.927281
vn 0.365055 -0.295847 -0.878480
vn 0.349309 -0.213532 -0.864920
vn 0.365055 -0.295847 -0.878480
vn 0.482189 -0.294918 -0.823769
vn 0.449630 -0.204524 -0.819444
vn 0.482189 -0.294918 -0.823769
vn 0.579650 -0.252991 -0.770868
vn 0.547448 -0.177562 -0.770535
vn 0.579650 -0.252991 -0.770868
vn 0.673568 -0.181373 -0.714316
vn 0.547448 -0.177562 -0.770535
vn -0.744286 0.091728 -0.657415
vn -0.788429 -0.037134 -0.609760
vn -0.687435 0.029973 -0.669616
vn -0.788429 -0.037134 -0.609760
vn -0.796090 -0.181529 -0.571922
vn -0.714270 -0.070318 -0.631860
vn -0.685603 0.181731 -0.703532
vn -0.744286 0.091728 -0.657415
vn -0.630111 0.109375 -0.715860
vn -0.796090 -0.181529 -0.571922
vn -0.775270 -0.308283 -0.548749
vn -0.719629 -0.179327 -0.601045
vn -0.775270 -0.308283 -0.548749
vn -0.715376 -0.434117 -0.540436
vn -0.693436 -0.353403 -0.567232
vn -0.715376 -0.434117 -0.540436
vn -0.629211 -0.553621 -0.542140
vn -0.578648 -0.494644 -0.574226
vn -0.629211 -0.553621 -0.542140
vn -0.527813 -0.636568 -0.557648
vn -0.546831 -0.550325 -0.572129
vn -0.527813 -0.636568 -0.557648
vn -0.399929 -0.699101 -0.588008
vn -0.390502 -0.617750 -0.614840
vn -0.399929 -0.699101 -0.588008
vn -0.275311 -0.726364 -0.626899
vn -0.287626 -0.645971 -0.648166
vn -0.275311 -0.726364 -0.626899
vn -0.157362 -0.717199 -0.675347
vn -0.287626 -0.645971 -0.648166
vn -0.157362 -0.717199 -0.675347
vn -0.043508 -0.673950 -0.734378
vn -0.096238 -0.608679 -0.738556
vn -0.043508 -0.673950 -0.734378
vn 0.035998 -0.613962 -0.787170
vn -0.071821 -0.563222 -0.764502
vn 0.035998 -0.613962 -0.787170
vn 0.097523 -0.509808 -0.849841
vn -0.022270 -0.549156 -0.788898
vn 0.097523 -0.509808 -0.849841
vn 0.136340 -0.404456 -0.903697
vn 0.065224 -0.431819 -0.864350
vn 0.136340 -0.404456 -0.903697
vn 0.132214 -0.286504 -0.944477
vn 0.057208 -0.370605 -0.881096
vn 0.132214 -0.286504 -0.944477
vn 0.103812 -0.140884 -0.982564
vn 0.058441 -0.263371 -0.916194
vn 0.103812 -0.140884 -0.982564
vn 0.042600 -0.012158 -0.995690
vn 0.025598 -0.090718 -0.957221
vn 0.042600 -0.012158 -0.995690
vn -0.042387 0.105819 -0.991347
vn -0.036244 0.011037 -0.960365
vn -0.042387 0.105819 -0.991347
vn -0.151102 0.198880 -0.964851
vn -0.174437 0.127234 -0.929814
vn -0.151102 0.198880 -0.964851
vn -0.258737 0.260420 -0.928923
vn -0.272142 0.178505 -0.898661
vn -0.258737 0.260420 -0.928923
vn -0.378738 0.284655 -0.876437
vn -0.371791 0.207887 -0.860057
vn -0.378738 0.284655 -0.876437
vn -0.500437 0.283579 -0.816424
vn -0.468864 0.204477 -0.814093
vn -0.500437 0.283579 -0.816424
vn -0.601329 0.242644 -0.757668
vn -0.505809 0.170104 -0.789072
vn -0.601329 0.242644 -0.757668
vn -0.685603 0.181731 -0.703532
vn -0.584137 0.124335 -0.741357
vn 0.584137 -0.124335 0.741357
vn 0.685603 -0.181731 0.703532
vn 0.601329 -0.242644 0.757668
vn 0.505809 -0.170104 0.789072
vn 0.601329 -0.242644 0.757668
vn 0.500437 -0.283579 0.816424
vn 0.468864 -0.204477 0.814093
vn 0.500437 -0.283579 0.816424
vn 0.378738 -0.284655 0.876437
vn 0.371791 -0.207887 0.860057
vn 0.378738 -0.284655 0.876437
vn 0.258737 -0.260420 0.928923
vn 0.272142 -0.178505 0.898661
vn 0.258737 -0.260420 0.928923
vn 0.151102 -0.198880 0.964851
vn 0.174437 -0.127234 0.929814
vn 0.151102 -0.198880 0.964851
vn 0.042387 -0.105819 0.991347
vn 0.036244 -0.011037 0.960365
vn 0.042387 -0.105819 0.991347
vn -0.042600 0.012158 0.995690
vn -0.025598 0.090718 0.957221
vn -0.042600 0.012158 0.995690
vn -0.103812 0.140884 0.982564
vn -0.058441 0.263371 0.916194
vn -0.103812 0.140884 0.982564
vn -0.132214 0.286504 0.944477
vn -0.057208 0.370605 0.881096
vn -0.132214 0.286504 0.944477
vn -0.136340 0.404456 0.903697
vn -0.065224 0.431819 0.864350
vn -0.136340 0.404456 0.903697
vn -0.097523 0.509808 0.849841
vn 0.022270 0.549156 0.788898
vn -0.097523 0.509808 0.849841
vn -0.035998 0.613962 0.787170
vn 0.071821 0.563222 0.764502
vn -0.035998 0.613962 0.787170
vn 0.043508 0.673950 0.734378
vn 0.096238 0.608679 0.738556
vn 0.043508 0.673950 0.734378
vn 0.157362 0.717199 0.675347
vn 0.287626 0.645971 0.648166
vn 0.157362 0.717199 0.675347
vn 0.275311 0.726364 0.626899
vn 0.287626 0.645971 0.648166
vn 0.275311 0.726364 0.626899
vn 0.399929 0.699101 0.588008
vn 0.390502 0.617750 0.614840
vn 0.399929 0.699101 0.588008
vn 0.527813 0.636568 0.557648
vn 0.546831 0.550325 0.572129
vn 0.527813 0.636568 0.557648
vn 0.629211 0.553621 0.542140
vn 0.578648 0.494644 0.574226
vn 0.629211 0.553621 0.542140
vn 0.715376 0.434117 0.540436
vn 0.693436 0.353403 0.567232
vn 0.715376 0.434117 0.540436
vn 0.775270 0.308283 0.548749
vn 0.719629 0.179327 0.601045
vn 0.775270 0.308283 0.548749
vn 0.796090 0.181529 0.571922
vn 0.630111 -0.109375 0.715860
vn 0.744286 -0.091728 0.657415
vn 0.685603 -0.181731 0.703532
vn 0.714270 0.070318 0.631860
vn 0.796090 0.181529 0.571922
vn 0.788429 0.037134 0.609760
vn 0.687435 -0.029973 0.669616
vn 0.788429 0.037134 0.609760
vn 0.744286 -0.091728 0.657415
vn -0.547448 0.177562 0.770535
vn -0.673568 0.181373 0.714316
vn -0.579650 0.252991 0.770868
vn -0.547448 0.177562 0.770535
vn -0.579650 0.252991 0.770868
vn -0.482189 0.294918 0.823769
vn -0.449630 0.204524 0.819444
vn -0.482189 0.294918 0.823769
vn -0.365055 0.295847 0.878480
vn -0.349309 0.213532 0.864920
vn -0.365055 0.295847 0.878480
vn -0.249859 0.275729 0.927281
vn -0.246078 0.186951 0.902382
vn -0.249859 0.275729 0.927281
vn -0.112369 0.192862 0.966674
vn -0.094124 0.117414 0.950229
vn -0.112369 0.192862 0.966674
vn 0.008379 0.102106 0.994316
vn -0.006558 0.019627 0.959544
vn 0.008379 0.102106 0.994316
vn 0.072761 0.006105 0.993508
vn 0.057435 -0.082589 0.956170
vn 0.072761 0.006105 0.993508
vn 0.133959 -0.118241 0.982488
vn 0.093925 -0.257871 0.916138
vn 0.133959 -0.118241 0.982488
vn 0.159798 -0.274766 0.941459
vn 0.080865 -0.363042 0.877876
vn 0.159798 -0.274766 0.941459
vn 0.165400 -0.404163 0.899273
vn 0.088409 -0.426472 0.860955
vn 0.165400 -0.404163 0.899273
vn 0.118462 -0.514979 0.841882
vn -0.003269 -0.546579 0.786640
vn 0.118462 -0.514979 0.841882
vn 0.067963 -0.611185 0.788473
vn -0.047814 -0.563552 0.764741
vn 0.067963 -0.611185 0.788473
vn -0.027559 -0.668531 0.734654
vn -0.129259 -0.610296 0.718788
vn -0.027559 -0.668531 0.734654
vn -0.155331 -0.725848 0.668642
vn -0.213448 -0.669191 0.667221
vn -0.155331 -0.725848 0.668642
vn -0.263776 -0.728039 0.628566
vn -0.268862 -0.649615 0.652956
vn -0.263776 -0.728039 0.628566
vn -0.368426 -0.710922 0.597804
vn -0.372430 -0.618162 0.623186
vn -0.368426 -0.710922 0.597804
vn -0.493362 -0.643883 0.575126
vn -0.478037 -0.571921 0.596343
vn -0.493362 -0.643883 0.575126
vn -0.619653 -0.550505 0.556905
vn -0.615356 -0.459447 0.576358
vn -0.619653 -0.550505 0.556905
vn -0.705022 -0.432195 0.554397
vn -0.682213 -0.292603 0.593994
vn -0.705022 -0.432195 0.554397
vn -0.768740 -0.300411 0.562023
vn -0.721933 -0.234498 0.594629
vn -0.768740 -0.300411 0.562023
vn -0.789024 -0.170732 0.584698
vn -0.633737 0.061911 0.705255
vn -0.741445 0.076398 0.661754
vn -0.673568 0.181373 0.714316
vn -0.703785 -0.068385 0.642929
vn -0.789024 -0.170732 0.584698
vn -0.784176 -0.041773 0.616776
vn -0.677168 0.033527 0.679221
vn -0.784176 -0.041773 0.616776
vn -0.741445 0.076398 0.661754
vn -0.727854 0.046219 0.620052
vn -0.799574 0.014855 0.595734
vn -0.810308 0.143567 0.565050
vn -0.728975 0.157399 0.593782
vn -0.810308 0.143567 0.565050
vn -0.782884 0.284621 0.546392
vn -0.703695 0.332817 0.564449
vn -0.782884 0.284621 0.546392
vn -0.727066 0.421382 0.538454
vn -0.642557 0.441417 0.564028
vn -0.727066 0.421382 0.538454
vn -0.640212 0.534741 0.545433
vn -0.503445 0.550435 0.594229
vn -0.640212 0.534741 0.545433
vn -0.532552 0.627753 0.564219
vn -0.404247 0.603584 0.622307
vn -0.532552 0.627753 0.564219
vn -0.419285 0.682897 0.594386
vn -0.303640 0.627400 0.658564
vn -0.419285 0.682897 0.594386
vn -0.293580 0.708603 0.637876
vn -0.203816 0.622213 0.703151
vn -0.293580 0.708603 0.637876
vn -0.171397 0.699481 0.690705
vn -0.168059 0.590060 0.728976
vn -0.171397 0.699481 0.690705
vn -0.063790 0.656599 0.748679
vn -0.115994 0.589539 0.751046
vn -0.063790 0.656599 0.748679
vn 0.016335 0.592481 0.803731
vn -0.043212 0.526725 0.801800
vn 0.016335 0.592481 0.803731
vn 0.074660 0.495895 0.861830
vn 0.010483 0.446703 0.849627
vn 0.074660 0.495895 0.861830
vn 0.110372 0.383297 0.915362
vn 0.036855 0.345999 0.891190
vn 0.110372 0.383297 0.915362
vn 0.109862 0.245801 0.958816
vn 0.045949 0.181445 0.944254
vn 0.109862 0.245801 0.958816
vn 0.086620 0.111551 0.988711
vn 0.005764 0.061763 0.958887
vn 0.086620 0.111551 0.988711
vn 0.026688 -0.014301 0.995434
vn -0.103435 -0.080773 0.943149
vn 0.026688 -0.014301 0.995434
vn -0.059454 -0.138808 0.986562
vn -0.135068 -0.139859 0.944231
vn -0.059454 -0.138808 0.986562
vn -0.167753 -0.232209 0.954278
vn -0.284216 -0.210556 0.888304
vn -0.167753 -0.232209 0.954278
vn -0.283533 -0.298619 0.909526
vn -0.385098 -0.238322 0.846238
vn -0.283533 -0.298619 0.909526
vn -0.382537 -0.322381 0.864067
vn -0.429644 -0.218029 0.820622
vn -0.382537 -0.322381 0.864067
vn -0.504177 -0.311242 0.801295
vn -0.570128 -0.199906 0.748532
vn -0.504177 -0.311242 0.801295
vn -0.613262 -0.273331 0.739436
vn -0.694966 -0.054096 0.657748
vn -0.760780 -0.106742 0.637267
vn -0.799574 0.014855 0.595734
vn -0.596501 -0.155279 0.726953
vn -0.613262 -0.273331 0.739436
vn -0.693229 -0.204619 0.687571
vn -0.641722 -0.139722 0.701455
vn -0.693229 -0.204619 0.687571
vn -0.760780 -0.106742 0.637267
vn 0.734365 -0.115763 0.616385
vn 0.784757 -0.033439 0.616403
vn 0.789218 -0.171380 0.583166
vn 0.717667 -0.173639 0.608265
vn 0.789218 -0.171380 0.583166
vn 0.779164 -0.272693 0.564158
vn 0.717667 -0.173639 0.608265
vn 0.779164 -0.272693 0.564158
vn 0.687808 -0.433543 0.557013
vn 0.479869 -0.567193 0.595638
vn 0.687808 -0.433543 0.557013
vn 0.616659 -0.562540 0.550237
vn 0.563730 -0.487972 0.585293
vn 0.616659 -0.562540 0.550237
vn 0.516611 -0.623888 0.569220
vn 0.320287 -0.660307 0.630347
vn 0.516611 -0.623888 0.569220
vn 0.377657 -0.709224 0.594774
vn 0.269729 -0.650538 0.652642
vn 0.377657 -0.709224 0.594774
vn 0.261281 -0.723079 0.631773
vn 0.222293 -0.626432 0.678715
vn 0.261281 -0.723079 0.631773
vn 0.145996 -0.724314 0.673385
vn 0.133250 -0.606549 0.719335
vn 0.145996 -0.724314 0.673385
vn 0.042719 -0.674722 0.729507
vn 0.049669 -0.561212 0.766243
vn 0.042719 -0.674722 0.729507
vn -0.061395 -0.606073 0.792174
vn -0.010223 -0.497826 0.809831
vn -0.061395 -0.606073 0.792174
vn -0.120685 -0.507868 0.848003
vn -0.055828 -0.470432 0.836040
vn -0.120685 -0.507868 0.848003
vn -0.163024 -0.400474 0.900958
vn -0.077240 -0.365849 0.877391
vn -0.163024 -0.400474 0.900958
vn -0.160151 -0.269052 0.944113
vn -0.090939 -0.260056 0.915945
vn -0.160151 -0.269052 0.944113
vn -0.144891 -0.150869 0.977645
vn -0.098414 -0.207207 0.935989
vn -0.144891 -0.150869 0.977645
vn -0.061940 -0.002048 0.986746
vn 0.100225 0.113281 0.945894
vn -0.061940 -0.002048 0.986746
vn 0.005553 0.117193 0.993005
vn 0.008421 0.018183 0.958186
vn 0.005553 0.117193 0.993005
vn 0.124309 0.194006 0.960191
vn 0.308882 0.224952 0.885052
vn 0.124309 0.194006 0.960191
vn 0.253238 0.280998 0.925693
vn 0.357811 0.217181 0.861299
vn 0.253238 0.280998 0.925693
vn 0.364143 0.289895 0.876889
vn 0.455052 0.206097 0.816048
vn 0.364143 0.289895 0.876889
vn 0.482365 0.296419 0.824234
vn 0.517995 0.217411 0.790939
vn 0.482365 0.296419 0.824234
vn 0.585406 0.239981 0.764699
vn 0.684094 0.041101 0.676764
vn 0.737448 0.090798 0.663609
vn 0.784757 -0.033439 0.616403
vn 0.597923 0.089080 0.726550
vn 0.585406 0.239981 0.764699
vn 0.690089 0.174116 0.702263
vn 0.636362 0.067808 0.704369
vn 0.690089 0.174116 0.702263
vn 0.737448 0.090798 0.663609
vn 0.136340 0.404456 0.903697
vn 0.065224 0.431819 0.864350
vn 0.097523 0.509808 0.849841
vn 0.132214 0.286504 0.944477
vn 0.057208 0.370605 0.881096
vn 0.136340 0.404456 0.903697
vn 0.097523 0.509808 0.849841
vn -0.022270 0.549157 0.788898
vn 0.035998 0.613962 0.787170
vn 0.103812 0.140884 0.982564
vn 0.058441 0.263371 0.916194
vn 0.132214 0.286504 0.944477
vn 0.035998 0.613962 0.787170
vn -0.071821 0.563222 0.764502
vn -0.043508 0.673950 0.734378
vn 0.042600 0.012158 0.995690
vn 0.025598 0.090718 0.957221
vn 0.103812 0.140884 0.982564
vn -0.043508 0.673950 0.734378
vn -0.096238 0.608679 0.738556
vn -0.157362 0.717199 0.675347
vn -0.042387 -0.105819 0.991347
vn -0.036244 -0.011037 0.960365
vn 0.042600 0.012158 0.995690
vn -0.157362 0.717199 0.675347
vn -0.287626 0.645971 0.648166
vn -0.275311 0.726364 0.626899
vn -0.151102 -0.198880 0.964851
vn -0.174437 -0.127234 0.929814
vn -0.042387 -0.105819 0.991347
vn -0.275311 0.726364 0.626899
vn -0.287626 0.645971 0.648166
vn -0.399929 0.699101 0.588008
vn -0.258737 -0.260420 0.928923
vn -0.272142 -0.178505 0.898661
vn -0.151102 -0.198880 0.964851
vn -0.399929 0.699101 0.588008
vn -0.390502 0.617750 0.614840
vn -0.527813 0.636568 0.557648
vn -0.378738 -0.284655 0.876437
vn -0.371791 -0.207887 0.860056
vn -0.258737 -0.260420 0.928923
vn -0.527813 0.636568 0.557648
vn -0.546831 0.550325 0.572129
vn -0.629211 0.553621 0.542140
vn -0.500437 -0.283579 0.816424
vn -0.468864 -0.204477 0.814093
vn -0.378738 -0.284655 0.876437
vn -0.629211 0.553621 0.542140
vn -0.578648 0.494644 0.574226
vn -0.715376 0.434117 0.540436
vn -0.601329 -0.242644 0.757668
vn -0.505809 -0.170104 0.789072
vn -0.500437 -0.283579 0.816424
vn -0.715376 0.434117 0.540436
vn -0.693436 0.353403 0.567232
vn -0.775270 0.308283 0.548749
vn -0.685603 -0.181731 0.703532
vn -0.584136 -0.124335 0.741357
vn -0.601329 -0.242644 0.757668
vn -0.775270 0.308283 0.548749
vn -0.719629 0.179327 0.601045
vn -0.796090 0.181529 0.571922
vn -0.744286 -0.091728 0.657415
vn -0.630111 -0.109375 0.715860
vn -0.685603 -0.181731 0.703532
vn -0.796090 0.181529 0.571922
vn -0.714270 0.070318 0.631860
vn -0.788429 0.037134 0.609760
vn -0.788429 0.037134 0.609760
vn -0.687435 -0.029973 0.669616
vn -0.744286 -0.091728 0.657415
vn -0.165400 -0.404163 0.899273
vn -0.088409 -0.426472 0.860955
vn -0.118462 -0.514979 0.841882
vn -0.159798 -0.274766 0.941459
vn -0.080865 -0.363042 0.877876
vn -0.165400 -0.404163 0.899273
vn -0.118462 -0.514979 0.841882
vn 0.003269 -0.546579 0.786640
vn -0.067963 -0.611185 0.788473
vn -0.133959 -0.118241 0.982488
vn -0.093925 -0.257871 0.916137
vn -0.159798 -0.274766 0.941459
vn -0.067963 -0.611185 0.788473
vn 0.047814 -0.563552 0.764741
vn 0.027559 -0.668531 0.734654
vn -0.072761 0.006105 0.993508
vn -0.057435 -0.082589 0.956170
vn -0.133959 -0.118241 0.982488
vn 0.027559 -0.668531 0.734654
vn 0.129259 -0.610296 0.718788
vn 0.155331 -0.725848 0.668642
vn -0.008379 0.102106 0.994316
vn 0.006558 0.019627 0.959544
vn -0.072761 0.006105 0.993508
vn 0.155331 -0.725848 0.668642
vn 0.213448 -0.669191 0.667221
vn 0.263776 -0.728039 0.628566
vn 0.112369 0.192862 0.966674
vn 0.094124 0.117414 0.950229
vn -0.008379 0.102106 0.994316
vn 0.263776 -0.728039 0.628566
vn 0.268862 -0.649615 0.652956
vn 0.368426 -0.710922 0.597804
vn 0.249859 0.275729 0.927281
vn 0.246078 0.186951 0.902383
vn 0.112369 0.192862 0.966674
vn 0.368426 -0.710922 0.597804
vn 0.372430 -0.618162 0.623186
vn 0.493362 -0.643883 0.575126
vn 0.365055 0.295847 0.878480
vn 0.349309 0.213532 0.864920
vn 0.249859 0.275729 0.927281
vn 0.493362 -0.643883 0.575126
vn 0.478037 -0.571921 0.596343
vn 0.619653 -0.550505 0.556905
vn 0.482189 0.294918 0.823769
vn 0.449630 0.204524 0.819444
vn 0.365055 0.295847 0.878480
vn 0.619653 -0.550505 0.556905
vn 0.615356 -0.459447 0.576358
vn 0.705022 -0.432195 0.554397
vn 0.579650 0.252991 0.770868
vn 0.547448 0.177562 0.770535
vn 0.482189 0.294918 0.823769
vn 0.705022 -0.432195 0.554397
vn 0.682213 -0.292603 0.593994
vn 0.768740 -0.300411 0.562023
vn 0.673568 0.181373 0.714316
vn 0.547448 0.177562 0.770535
vn 0.579650 0.252991 0.770868
vn 0.768740 -0.300411 0.562023
vn 0.721933 -0.234498 0.594629
vn 0.789024 -0.170732 0.584698
vn 0.741445 0.076398 0.661754
vn 0.633737 0.061911 0.705255
vn 0.673568 0.181373 0.714316
vn 0.789024 -0.170732 0.584698
vn 0.703785 -0.068385 0.642929
vn 0.784176 -0.041773 0.616776
vn 0.784176 -0.041773 0.616776
vn 0.677168 0.033527 0.679221
vn 0.741445 0.076398 0.661754
vn -0.016335 0.592481 0.803731
vn 0.043212 0.526725 0.801800
vn -0.074660 0.495895 0.861830
vn 0.063790 0.656599 0.748679
vn 0.115994 0.589539 0.751046
vn -0.016335 0.592481 0.803731
vn -0.074660 0.495895 0.861830
vn -0.010482 0.446703 0.849627
vn -0.110372 0.383297 0.915362
vn 0.171397 0.699481 0.690705
vn 0.168059 0.590060 0.728976
vn 0.063790 0.656599 0.748679
vn -0.110372 0.383297 0.915362
vn -0.036855 0.345999 0.891190
vn -0.109862 0.245801 0.958816
vn 0.293580 0.708603 0.637876
vn 0.203816 0.622213 0.703151
vn 0.171397 0.699481 0.690705
vn -0.109862 0.245801 0.958816
vn -0.045949 0.181445 0.944254
vn -0.086620 0.111551 0.988711
vn 0.419285 0.682897 0.594386
vn 0.303640 0.627400 0.658564
vn 0.293580 0.708603 0.637876
vn -0.086620 0.111551 0.988711
vn -0.005764 0.061763 0.958887
vn -0.026688 -0.014301 0.995434
vn 0.532552 0.627753 0.564219
vn 0.404247 0.603584 0.622307
vn 0.419285 0.682897 0.594386
vn -0.026688 -0.014301 0.995434
vn 0.103435 -0.080773 0.943149
vn 0.059454 -0.138808 0.986562
vn 0.640212 0.534741 0.545433
vn 0.503445 0.550435 0.594229
vn 0.532552 0.627753 0.564219
vn 0.059454 -0.138808 0.986562
vn 0.135068 -0.139859 0.944231
vn 0.167753 -0.232209 0.954278
vn 0.727066 0.421382 0.538454
vn 0.642557 0.441417 0.564028
vn 0.640212 0.534741 0.545433
vn 0.167753 -0.232209 0.954278
vn 0.284216 -0.210556 0.888304
vn 0.283533 -0.298619 0.909526
vn 0.782884 0.284621 0.546392
vn 0.703695 0.332817 0.564449
vn 0.727066 0.421382 0.538454
vn 0.283533 -0.298619 0.909526
vn 0.385098 -0.238322 0.846238
vn 0.382537 -0.322381 0.864067
vn 0.810308 0.143567 0.565050
vn 0.728975 0.157399 0.593782
vn 0.782884 0.284621 0.546392
vn 0.382537 -0.322381 0.864067
vn 0.429644 -0.218029 0.820622
vn 0.504177 -0.311242 0.801295
vn 0.799574 0.014855 0.595734
vn 0.727854 0.046219 0.620052
vn 0.810308 0.143567 0.565050
vn 0.504177 -0.311242 0.801295
vn 0.570128 -0.199906 0.748531
vn 0.613262 -0.273331 0.739436
vn 0.760780 -0.106742 0.637267
vn 0.694966 -0.054096 0.657748
vn 0.799574 0.014855 0.595734
vn 0.613262 -0.273331 0.739436
vn 0.596501 -0.155279 0.726953
vn 0.693229 -0.204619 0.687571
vn 0.693229 -0.204619 0.687571
vn 0.641722 -0.139722 0.701455
vn 0.760780 -0.106742 0.637267
vn 0.061395 -0.606073 0.792174
vn 0.010223 -0.497826 0.809831
vn 0.120685 -0.507868 0.848003
vn -0.042719 -0.674722 0.729507
vn -0.049669 -0.561212 0.766243
vn 0.061395 -0.606073 0.792174
vn 0.120685 -0.507868 0.848003
vn 0.055828 -0.470432 0.836040
vn 0.163024 -0.400474 0.900958
vn -0.145996 -0.724314 0.673385
vn -0.133250 -0.606549 0.719335
vn -0.042719 -0.674722 0.729507
vn 0.163024 -0.400474 0.900958
vn 0.077240 -0.365849 0.877391
vn 0.160151 -0.269052 0.944113
vn -0.261281 -0.723079 0.631773
vn -0.222293 -0.626432 0.678715
vn -0.145996 -0.724314 0.673385
vn 0.160151 -0.269052 0.944113
vn 0.090939 -0.260056 0.915945
vn 0.144891 -0.150869 0.977645
vn -0.377657 -0.709224 0.594774
vn -0.269729 -0.650538 0.652642
vn -0.261281 -0.723079 0.631773
vn 0.144891 -0.150869 0.977645
vn 0.098414 -0.207207 0.935989
vn 0.061940 -0.002048 0.986746
vn -0.516611 -0.623888 0.569220
vn -0.320287 -0.660307 0.630347
vn -0.377657 -0.709224 0.594774
vn 0.061940 -0.002048 0.986746
vn -0.100225 0.113281 0.945894
vn -0.005553 0.117193 0.993005
vn -0.616659 -0.562540 0.550237
vn -0.563928 -0.487957 0.585060
vn -0.516611 -0.623888 0.569220
vn -0.005553 0.117193 0.993005
vn -0.008421 0.018183 0.958186
vn -0.124309 0.194006 0.960191
vn -0.688999 -0.430700 0.556812
vn -0.480068 -0.567177 0.595406
vn -0.616659 -0.562540 0.550237
vn -0.124309 0.194006 0.960191
vn -0.308882 0.224952 0.885052
vn -0.253238 0.280998 0.925693
vn -0.779959 -0.272630 0.563228
vn -0.717866 -0.173623 0.608033
vn -0.688999 -0.430700 0.556812
vn -0.253238 0.280998 0.925693
vn -0.357811 0.217181 0.861299
vn -0.364143 0.289895 0.876889
vn -0.788821 -0.174159 0.582437
vn -0.717866 -0.173623 0.608033
vn -0.779959 -0.272630 0.563228
vn -0.364143 0.289895 0.876889
vn -0.455052 0.206097 0.816048
vn -0.482365 0.296419 0.824234
vn -0.784757 -0.033439 0.616403
vn -0.734592 -0.115745 0.616119
vn -0.788821 -0.174159 0.582437
vn -0.482365 0.296419 0.824234
vn -0.517995 0.217411 0.790939
vn -0.585406 0.239981 0.764699
vn -0.737448 0.090798 0.663609
vn -0.684293 0.041117 0.676532
vn -0.784757 -0.033439 0.616403
vn -0.585406 0.239981 0.764699
vn -0.598082 0.089093 0.726364
vn -0.690089 0.174116 0.702263
vn -0.690089 0.174116 0.702263
vn -0.636539 0.067822 0.704162
vn -0.737448 0.090798 0.663609
vn 0.378735 0.252523 0.864834
vn 0.200283 0.364013 0.909175
vn 0.232930 0.411671 0.880267
vn 0.378735 0.252523 0.864834
vn 0.232930 0.411671 0.880267
vn 0.275943 0.447572 0.850183
vn 0.378735 0.252523 0.864834
vn 0.275943 0.447572 0.850183
vn 0.312980 0.462106 0.829554
vn 0.378735 0.252523 0.864834
vn 0.312980 0.462106 0.829554
vn 0.344582 0.463707 0.816071
vn 0.378735 0.252523 0.864834
vn 0.344582 0.463707 0.816071
vn 0.398837 0.447523 0.799240
vn 0.378735 0.252523 0.864834
vn 0.398837 0.447523 0.799240
vn 0.459781 0.417699 0.783195
vn 0.378735 0.252523 0.864834
vn 0.459781 0.417699 0.783195
vn 0.497941 0.384828 0.776775
vn 0.378735 0.252523 0.864834
vn 0.497941 0.384828 0.776775
vn 0.531687 0.337272 0.776118
vn 0.378735 0.252523 0.864834
vn 0.531687 0.337272 0.776118
vn 0.558413 0.278738 0.780740
vn 0.378735 0.252523 0.864834
vn 0.558413 0.278738 0.780740
vn 0.568711 0.238701 0.787053
vn 0.378735 0.252523 0.864834
vn 0.568711 0.238701 0.787053
vn 0.563178 0.183052 0.804421
vn 0.378735 0.252523 0.864834
vn 0.563178 0.183052 0.804421
vn 0.548061 0.120405 0.827438
vn 0.378735 0.252523 0.864834
vn 0.548061 0.120405 0.827438
vn 0.529072 0.090418 0.843562
vn 0.378735 0.252523 0.864834
vn 0.529072 0.090418 0.843562
vn 0.490937 0.063093 0.868164
vn 0.378735 0.252523 0.864834
vn 0.490937 0.063093 0.868164
vn 0.448783 0.044804 0.892363
vn 0.378735 0.252523 0.864834
vn 0.448783 0.044804 0.892363
vn 0.401917 0.045951 0.913833
vn 0.378735 0.252523 0.864834
vn 0.401917 0.045951 0.913833
vn 0.351386 0.057072 0.934261
vn 0.378735 0.252523 0.864834
vn 0.351386 0.057072 0.934261
vn 0.302905 0.086007 0.948369
vn 0.378735 0.252523 0.864834
vn 0.302905 0.086007 0.948369
vn 0.263258 0.117910 0.957390
vn 0.378735 0.252523 0.864834
vn 0.263258 0.117910 0.957390
vn 0.229568 0.168974 0.957333
vn 0.378735 0.252523 0.864834
vn 0.229568 0.168974 0.957333
vn 0.199848 0.225154 0.953463
vn 0.378735 0.252523 0.864834
vn 0.188198 0.327001 0.925975
vn 0.200283 0.364013 0.909175
vn 0.378735 0.252523 0.864834
vn 0.199848 0.225154 0.953463
vn 0.190447 0.276884 0.941079
vn 0.378735 0.252523 0.864834
vn 0.190447 0.276884 0.941079
vn 0.188198 0.327001 0.925975
vn -0.394407 0.224367 0.866276
vn -0.228960 0.347430 0.908350
vn -0.212054 0.300966 0.929679
vn -0.394407 0.224367 0.866276
vn -0.212054 0.300966 0.929679
vn -0.215139 0.242254 0.944796
vn -0.394407 0.224367 0.866276
vn -0.215139 0.242254 0.944796
vn -0.221725 0.188799 0.956634
vn -0.394407 0.224367 0.866276
vn -0.221725 0.188799 0.956634
vn -0.247470 0.141267 0.957350
vn -0.394407 0.224367 0.866276
vn -0.247470 0.141267 0.957350
vn -0.278114 0.091935 0.956079
vn -0.394407 0.224367 0.866276
vn -0.278114 0.091935 0.956079
vn -0.323099 0.056632 0.943432
vn -0.394407 0.224367 0.866276
vn -0.323099 0.056632 0.943432
vn -0.374021 0.023851 0.926994
vn -0.394407 0.224367 0.866276
vn -0.374021 0.023851 0.926994
vn -0.412301 0.015781 0.910477
vn -0.394407 0.224367 0.866276
vn -0.412301 0.015781 0.910477
vn -0.459030 0.017402 0.887915
vn -0.394407 0.224367 0.866276
vn -0.459030 0.017402 0.887915
vn -0.499611 0.033058 0.865250
vn -0.394407 0.224367 0.866276
vn -0.499611 0.033058 0.865250
vn -0.534877 0.062932 0.842149
vn -0.394407 0.224367 0.866276
vn -0.534877 0.062932 0.842149
vn -0.563914 0.111116 0.817576
vn -0.394407 0.224367 0.866276
vn -0.563914 0.111116 0.817576
vn -0.578693 0.151782 0.801211
vn -0.394407 0.224367 0.866276
vn -0.578693 0.151782 0.801211
vn -0.577735 0.195934 0.791634
vn -0.394407 0.224367 0.866276
vn -0.577735 0.195934 0.791634
vn -0.565149 0.260522 0.782070
vn -0.394407 0.224367 0.866276
vn -0.565149 0.260522 0.782070
vn -0.540644 0.317167 0.778626
vn -0.394407 0.224367 0.866276
vn -0.540644 0.317167 0.778626
vn -0.508782 0.361204 0.781031
vn -0.394407 0.224367 0.866276
vn -0.508782 0.361204 0.781031
vn -0.480756 0.387647 0.786397
vn -0.394407 0.224367 0.866276
vn -0.480756 0.387647 0.786397
vn -0.427183 0.411897 0.803454
vn -0.394407 0.224367 0.866276
vn -0.427183 0.411897 0.803454
vn -0.353336 0.431225 0.829511
vn -0.394407 0.224367 0.866276
vn -0.353336 0.431225 0.829511
vn -0.325530 0.434610 0.839719
vn -0.394407 0.224367 0.866276
vn -0.247730 0.386507 0.888372
vn -0.228960 0.347430 0.908350
vn -0.394407 0.224367 0.866276
vn -0.325530 0.434610 0.839719
vn -0.289922 0.412899 0.861907
vn -0.394407 0.224367 0.866276
vn -0.289922 0.412899 0.861907
vn -0.247730 0.386507 0.888372
vn -0.358144 -0.245488 0.877492
vn -0.176581 -0.316157 0.931527
vn -0.186327 -0.359034 0.914427
vn -0.358144 -0.245488 0.877492
vn -0.186327 -0.359034 0.914427
vn -0.209238 -0.390576 0.895992
vn -0.358144 -0.245488 0.877492
vn -0.209238 -0.390576 0.895992
vn -0.249005 -0.423250 0.870655
vn -0.358144 -0.245488 0.877492
vn -0.249005 -0.423250 0.870655
vn -0.302889 -0.441965 0.843605
vn -0.358144 -0.245488 0.877492
vn -0.302889 -0.441965 0.843605
vn -0.343357 -0.446930 0.825997
vn -0.358144 -0.245488 0.877492
vn -0.343357 -0.446930 0.825997
vn -0.396342 -0.429451 0.809987
vn -0.358144 -0.245488 0.877492
vn -0.396342 -0.429451 0.809987
vn -0.438288 -0.414438 0.797580
vn -0.358144 -0.245488 0.877492
vn -0.438288 -0.414438 0.797580
vn -0.459069 -0.391972 0.796552
vn -0.358144 -0.245488 0.877492
vn -0.459069 -0.391972 0.796552
vn -0.502536 -0.333703 0.796563
vn -0.358144 -0.245488 0.877492
vn -0.502536 -0.333703 0.796563
vn -0.532283 -0.269778 0.801814
vn -0.358144 -0.245488 0.877492
vn -0.532283 -0.269778 0.801814
vn -0.542718 -0.227322 0.808460
vn -0.358144 -0.245488 0.877492
vn -0.542718 -0.227322 0.808460
vn -0.537285 -0.175826 0.823837
vn -0.358144 -0.245488 0.877492
vn -0.537285 -0.175826 0.823837
vn -0.525311 -0.125572 0.841480
vn -0.358144 -0.245488 0.877492
vn -0.525311 -0.125572 0.841480
vn -0.496282 -0.088870 0.862760
vn -0.358144 -0.245488 0.877492
vn -0.496282 -0.088870 0.862760
vn -0.470822 -0.062582 0.880001
vn -0.358144 -0.245488 0.877492
vn -0.470822 -0.062582 0.880001
vn -0.424553 -0.053356 0.902452
vn -0.358144 -0.245488 0.877492
vn -0.424553 -0.053356 0.902452
vn -0.372893 -0.046131 0.926692
vn -0.358144 -0.245488 0.877492
vn -0.372893 -0.046131 0.926692
vn -0.322617 -0.064284 0.943112
vn -0.358144 -0.245488 0.877492
vn -0.322617 -0.064284 0.943112
vn -0.275740 -0.084232 0.957521
vn -0.358144 -0.245488 0.877492
vn -0.275740 -0.084232 0.957521
vn -0.249614 -0.110146 0.961519
vn -0.358144 -0.245488 0.877492
vn -0.249614 -0.110146 0.961519
vn -0.217307 -0.149570 0.964385
vn -0.358144 -0.245488 0.877492
vn -0.173420 -0.273095 0.946144
vn -0.176581 -0.316157 0.931527
vn -0.358144 -0.245488 0.877492
vn -0.217307 -0.149570 0.964385
vn -0.190973 -0.213479 0.956746
vn -0.358144 -0.245488 0.877492
vn -0.190973 -0.213479 0.956746
vn -0.173420 -0.273095 0.946144
vn 0.354704 -0.245948 0.874468
vn 0.169998 -0.307416 0.932726
vn 0.153876 -0.275080 0.947940
vn 0.354704 -0.245948 0.874468
vn 0.153876 -0.275080 0.947940
vn 0.188338 -0.201683 0.953066
vn 0.354704 -0.245948 0.874468
vn 0.188338 -0.201683 0.953066
vn 0.188455 -0.150756 0.967392
vn 0.354704 -0.245948 0.874468
vn 0.188455 -0.150756 0.967392
vn 0.235156 -0.123387 0.955657
vn 0.354704 -0.245948 0.874468
vn 0.235156 -0.123387 0.955657
vn 0.279661 -0.060273 0.956773
vn 0.354704 -0.245948 0.874468
vn 0.279661 -0.060273 0.956773
vn 0.313102 -0.059575 0.944098
vn 0.354704 -0.245948 0.874468
vn 0.313102 -0.059575 0.944098
vn 0.372974 -0.030226 0.927205
vn 0.354704 -0.245948 0.874468
vn 0.372974 -0.030226 0.927205
vn 0.412191 -0.043268 0.908029
vn 0.354704 -0.245948 0.874468
vn 0.412191 -0.043268 0.908029
vn 0.471898 -0.057718 0.879733
vn 0.354704 -0.245948 0.874468
vn 0.471898 -0.057718 0.879733
vn 0.505261 -0.090542 0.857007
vn 0.354704 -0.245948 0.874468
vn 0.505261 -0.090542 0.857007
vn 0.536527 -0.127368 0.834172
vn 0.354704 -0.245948 0.874468
vn 0.536527 -0.127368 0.834172
vn 0.545842 -0.168683 0.819920
vn 0.354704 -0.245948 0.874468
vn 0.545842 -0.168683 0.819920
vn 0.550757 -0.215925 0.806142
vn 0.354704 -0.245948 0.874468
vn 0.550757 -0.215925 0.806142
vn 0.528435 -0.291886 0.794389
vn 0.354704 -0.245948 0.874468
vn 0.528435 -0.291886 0.794389
vn 0.524165 -0.325742 0.786131
vn 0.354704 -0.245948 0.874468
vn 0.524165 -0.325742 0.786131
vn 0.466142 -0.376697 0.792923
vn 0.354704 -0.245948 0.874468
vn 0.466142 -0.376697 0.792923
vn 0.428394 -0.432411 0.792127
vn 0.354704 -0.245948 0.874468
vn 0.428394 -0.432411 0.792127
vn 0.383824 -0.438272 0.807759
vn 0.354704 -0.245948 0.874468
vn 0.383824 -0.438272 0.807759
vn 0.330906 -0.466244 0.819857
vn 0.354704 -0.245948 0.874468
vn 0.330906 -0.466244 0.819857
vn 0.299596 -0.451585 0.837694
vn 0.354704 -0.245948 0.874468
vn 0.299596 -0.451585 0.837694
vn 0.245316 -0.442572 0.862490
vn 0.354704 -0.245948 0.874468
vn 0.173518 -0.367057 0.913658
vn 0.169998 -0.307416 0.932726
vn 0.354704 -0.245948 0.874468
vn 0.245316 -0.442572 0.862490
vn 0.208560 -0.398378 0.890353
vn 0.354704 -0.245948 0.874468
vn 0.208560 -0.398378 0.890353
vn 0.173518 -0.367057 0.913658
vn -0.568711 0.238701 0.787053
vn -0.378735 0.252523 0.864834
vn -0.563178 0.183052 0.804421
vn -0.558413 0.278738 0.780740
vn -0.378735 0.252523 0.864834
vn -0.568711 0.238701 0.787053
vn -0.563178 0.183052 0.804421
vn -0.378735 0.252523 0.864834
vn -0.548061 0.120405 0.827438
vn -0.531687 0.337272 0.776118
vn -0.378735 0.252523 0.864834
vn -0.558413 0.278738 0.780740
vn -0.548061 0.120405 0.827438
vn -0.378735 0.252523 0.864834
vn -0.529072 0.090418 0.843562
vn -0.497941 0.384828 0.776775
vn -0.378735 0.252523 0.864834
vn -0.531687 0.337272 0.776118
vn -0.529072 0.090418 0.843562
vn -0.378735 0.252523 0.864834
vn -0.490937 0.063093 0.868164
vn -0.459781 0.417699 0.783195
vn -0.378735 0.252523 0.864834
vn -0.497941 0.384828 0.776775
vn -0.490937 0.063093 0.868164
vn -0.378735 0.252523 0.864834
vn -0.448783 0.044804 0.892363
vn -0.398837 0.447523 0.799240
vn -0.378735 0.252523 0.864834
vn -0.459781 0.417699 0.783195
vn -0.448783 0.044804 0.892363
vn -0.378735 0.252523 0.864834
vn -0.401917 0.045951 0.913833
vn -0.344582 0.463707 0.816071
vn -0.378735 0.252523 0.864834
vn -0.398837 0.447523 0.799240
vn -0.401917 0.045951 0.913833
vn -0.378735 0.252523 0.864834
vn -0.351386 0.057072 0.934261
vn -0.312980 0.462106 0.829554
vn -0.378735 0.252523 0.864834
vn -0.344582 0.463707 0.816071
vn -0.351386 0.057072 0.934261
vn -0.378735 0.252523 0.864834
vn -0.302905 0.086007 0.948369
vn -0.275943 0.447572 0.850183
vn -0.378735 0.252523 0.864834
vn -0.312980 0.462106 0.829554
vn -0.302905 0.086007 0.948369
vn -0.378735 0.252523 0.864834
vn -0.263258 0.117910 0.957390
vn -0.232930 0.411671 0.880267
vn -0.378735 0.252523 0.864834
vn -0.275943 0.447572 0.850183
vn -0.263258 0.117910 0.957390
vn -0.378735 0.252523 0.864834
vn -0.229568 0.168974 0.957333
vn -0.200283 0.364013 0.909175
vn -0.378735 0.252523 0.864834
vn -0.232930 0.411671 0.880267
vn -0.229568 0.168974 0.957333
vn -0.378735 0.252523 0.864834
vn -0.199848 0.225154 0.953463
vn -0.188198 0.327001 0.925975
vn -0.378735 0.252523 0.864834
vn -0.200283 0.364013 0.909175
vn -0.199848 0.225154 0.953463
vn -0.378735 0.252523 0.864834
vn -0.190447 0.276884 0.941079
vn -0.190447 0.276884 0.941079
vn -0.378735 0.252523 0.864834
vn -0.188198 0.327001 0.925975
vn 0.499611 0.033058 0.865250
vn 0.394407 0.224367 0.866276
vn 0.534877 0.062932 0.842149
vn 0.459030 0.017402 0.887915
vn 0.394407 0.224367 0.866276
vn 0.499611 0.033058 0.865250
vn 0.534877 0.062932 0.842149
vn 0.394407 0.224367 0.866276
vn 0.563914 0.111116 0.817576
vn 0.412301 0.015781 0.910477
vn 0.394407 0.224367 0.866276
vn 0.459030 0.017402 0.887915
vn 0.563914 0.111116 0.817576
vn 0.394407 0.224367 0.866276
vn 0.578693 0.151782 0.801211
vn 0.374021 0.023851 0.926994
vn 0.394407 0.224367 0.866276
vn 0.412301 0.015781 0.910477
vn 0.578693 0.151782 0.801211
vn 0.394407 0.224367 0.866276
vn 0.577735 0.195934 0.791634
vn 0.323099 0.056632 0.943432
vn 0.394407 0.224367 0.866276
vn 0.374021 0.023851 0.926994
vn 0.577735 0.195934 0.791634
vn 0.394407 0.224367 0.866276
vn 0.565149 0.260522 0.782070
vn 0.278114 0.091935 0.956079
vn 0.394407 0.224367 0.866276
vn 0.323099 0.056632 0.943432
vn 0.565149 0.260522 0.782070
vn 0.394407 0.224367 0.866276
vn 0.540644 0.317167 0.778626
vn 0.247470 0.141267 0.957350
vn 0.394407 0.224367 0.866276
vn 0.278114 0.091935 0.956079
vn 0.540644 0.317167 0.778626
vn 0.394407 0.224367 0.866276
vn 0.508782 0.361204 0.781031
vn 0.221725 0.188799 0.956634
vn 0.394407 0.224367 0.866276
vn 0.247470 0.141267 0.957350
vn 0.508782 0.361204 0.781031
vn 0.394407 0.224367 0.866276
vn 0.480756 0.387647 0.786397
vn 0.215139 0.242254 0.944796
vn 0.394407 0.224367 0.866276
vn 0.221725 0.188799 0.956634
vn 0.480756 0.387647 0.786397
vn 0.394407 0.224367 0.866276
vn 0.427183 0.411897 0.803454
vn 0.212054 0.300966 0.929679
vn 0.394407 0.224367 0.866276
vn 0.215139 0.242254 0.944796
vn 0.427183 0.411897 0.803454
vn 0.394407 0.224367 0.866276
vn 0.353336 0.431225 0.829511
vn 0.228960 0.347430 0.908350
vn 0.394407 0.224367 0.866276
vn 0.212054 0.300966 0.929679
vn 0.353336 0.431225 0.829511
vn 0.394407 0.224367 0.866276
vn 0.325530 0.434610 0.839719
vn 0.247730 0.386507 0.888372
vn 0.394407 0.224367 0.866276
vn 0.228960 0.347430 0.908350
vn 0.325530 0.434610 0.839719
vn 0.394407 0.224367 0.866276
vn 0.289922 0.412899 0.861907
vn 0.289922 0.412899 0.861907
vn 0.394407 0.224367 0.866276
vn 0.247730 0.386507 0.888372
vn 0.532283 -0.269778 0.801814
vn 0.358144 -0.245488 0.877492
vn 0.542718 -0.227322 0.808460
vn 0.502536 -0.333703 0.796563
vn 0.358144 -0.245488 0.877492
vn 0.532283 -0.269778 0.801814
vn 0.542718 -0.227322 0.808460
vn 0.358144 -0.245488 0.877492
vn 0.537285 -0.175826 0.823837
vn 0.459069 -0.391972 0.796552
vn 0.358144 -0.245488 0.877492
vn 0.502536 -0.333703 0.796563
vn 0.537285 -0.175826 0.823837
vn 0.358144 -0.245488 0.877492
vn 0.525311 -0.125572 0.841480
vn 0.438288 -0.414438 0.797580
vn 0.358144 -0.245488 0.877492
vn 0.459069 -0.391972 0.796552
vn 0.525311 -0.125572 0.841480
vn 0.358144 -0.245488 0.877492
vn 0.496282 -0.088870 0.862760
vn 0.396342 -0.429451 0.809987
vn 0.358144 -0.245488 0.877492
vn 0.438288 -0.414438 0.797580
vn 0.496282 -0.088870 0.862760
vn 0.358144 -0.245488 0.877492
vn 0.470822 -0.062582 0.880001
vn 0.343357 -0.446930 0.825997
vn 0.358144 -0.245488 0.877492
vn 0.396342 -0.429451 0.809987
vn 0.470822 -0.062582 0.880001
vn 0.358144 -0.245488 0.877492
vn 0.424553 -0.053356 0.902452
vn 0.302889 -0.441965 0.843605
vn 0.358144 -0.245488 0.877492
vn 0.343357 -0.446930 0.825997
vn 0.424553 -0.053356 0.902452
vn 0.358144 -0.245488 0.877492
vn 0.372893 -0.046131 0.926692
vn 0.249005 -0.423250 0.870655
vn 0.358144 -0.245488 0.877492
vn 0.302889 -0.441965 0.843605
vn 0.372893 -0.046131 0.926692
vn 0.358144 -0.245488 0.877492
vn 0.322617 -0.064284 0.943112
vn 0.209238 -0.390576 0.895992
vn 0.358144 -0.245488 0.877492
vn 0.249005 -0.423250 0.870655
vn 0.322617 -0.064284 0.943112
vn 0.358144 -0.245488 0.877492
vn 0.275740 -0.084232 0.957521
vn 0.186327 -0.359034 0.914427
vn 0.358144 -0.245488 0.877492
vn 0.209238 -0.390576 0.895992
vn 0.275740 -0.084232 0.957521
vn 0.358144 -0.245488 0.877492
vn 0.249614 -0.110146 0.961519
vn 0.176581 -0.316157 0.931527
vn 0.358144 -0.245488 0.877492
vn 0.186327 -0.359034 0.914427
vn 0.249614 -0.110146 0.961519
vn 0.358144 -0.245488 0.877492
vn 0.217307 -0.149570 0.964385
vn 0.173420 -0.273095 0.946144
vn 0.358144 -0.245488 0.877492
vn 0.176581 -0.316157 0.931527
vn 0.217307 -0.149570 0.964385
vn 0.358144 -0.245488 0.877492
vn 0.190973 -0.213479 0.956746
vn 0.190973 -0.213479 0.956746
vn 0.358144 -0.245488 0.877492
vn 0.173420 -0.273095 0.946144
vn -0.505261 -0.090542 0.857007
vn -0.354707 -0.246163 0.874374
vn -0.536527 -0.127368 0.834172
vn -0.471898 -0.057718 0.879733
vn -0.354707 -0.246163 0.874374
vn -0.505261 -0.090542 0.857007
vn -0.536527 -0.127368 0.834172
vn -0.354707 -0.246163 0.874374
vn -0.545842 -0.168683 0.819920
vn -0.412191 -0.043268 0.908029
vn -0.354707 -0.246163 0.874374
vn -0.471898 -0.057718 0.879733
vn -0.545842 -0.168683 0.819920
vn -0.354707 -0.246163 0.874374
vn -0.550757 -0.215925 0.806142
vn -0.372974 -0.030226 0.927205
vn -0.354707 -0.246163 0.874374
vn -0.412191 -0.043268 0.908029
vn -0.550757 -0.215925 0.806142
vn -0.354707 -0.246163 0.874374
vn -0.528435 -0.291886 0.794389
vn -0.313102 -0.059575 0.944098
vn -0.354707 -0.246163 0.874374
vn -0.372974 -0.030226 0.927205
vn -0.528435 -0.291886 0.794389
vn -0.354707 -0.246163 0.874374
vn -0.524165 -0.325742 0.786131
vn -0.279661 -0.060273 0.956773
vn -0.354707 -0.246163 0.874374
vn -0.313102 -0.059575 0.944098
vn -0.524165 -0.325742 0.786131
vn -0.354707 -0.246163 0.874374
vn -0.466142 -0.376697 0.792923
vn -0.235156 -0.123387 0.955657
vn -0.354707 -0.246163 0.874374
vn -0.279661 -0.060273 0.956773
vn -0.466142 -0.376697 0.792923
vn -0.354707 -0.246163 0.874374
vn -0.428394 -0.432411 0.792127
vn -0.188909 -0.149958 0.967354
vn -0.354707 -0.246163 0.874374
vn -0.235156 -0.123387 0.955657
vn -0.428394 -0.432411 0.792127
vn -0.354707 -0.246163 0.874374
vn -0.383824 -0.438272 0.807759
vn -0.188377 -0.204273 0.951927
vn -0.354707 -0.246163 0.874374
vn -0.188909 -0.149958 0.967354
vn -0.383824 -0.438272 0.807759
vn -0.354707 -0.246163 0.874374
vn -0.330906 -0.466244 0.819857
vn -0.153461 -0.278466 0.946839
vn -0.354707 -0.246163 0.874374
vn -0.188377 -0.204273 0.951927
vn -0.330906 -0.466244 0.819857
vn -0.354707 -0.246163 0.874374
vn -0.299596 -0.451585 0.837694
vn -0.169998 -0.307416 0.932726
vn -0.354707 -0.246163 0.874374
vn -0.153461 -0.278466 0.946839
vn -0.299596 -0.451585 0.837694
vn -0.354707 -0.246163 0.874374
vn -0.245316 -0.442572 0.862490
vn -0.173518 -0.367057 0.913658
vn -0.354707 -0.246163 0.874374
vn -0.169998 -0.307416 0.932726
vn -0.245316 -0.442572 0.862490
vn -0.354707 -0.246163 0.874374
vn -0.208560 -0.398378 0.890353
vn -0.208560 -0.398378 0.890353
vn -0.354707 -0.246163 0.874374
vn -0.173518 -0.367057 0.913658
vt -0.681400 0.033700
vt -0.664900 0.025900
vt -0.678800 0.037200
vt -0.678800 0.037200
vt -0.664900 0.025900
vt -0.675400 0.040100
vt -0.683300 0.029400
vt -0.664900 0.025900
vt -0.681400 0.033700
vt -0.675400 0.040100
vt -0.664900 0.025900
vt -0.671100 0.041700
vt -0.683700 0.024700
vt -0.664900 0.025900
vt -0.683300 0.029400
vt -0.671100 0.041700
vt -0.664900 0.025900
vt -0.666700 0.042300
vt -0.683300 0.020500
vt -0.664900 0.025900
vt -0.683700 0.024700
vt -0.666700 0.042300
vt -0.664900 0.025900
vt -0.661800 0.041800
vt -0.681700 0.016100
vt -0.664900 0.025900
vt -0.683300 0.020500
vt -0.661800 0.041800
vt -0.664900 0.025900
vt -0.657700 0.040200
vt -0.678700 0.012700
vt -0.664900 0.025900
vt -0.681700 0.016100
vt -0.657700 0.040200
vt -0.664900 0.025900
vt -0.653700 0.037300
vt -0.675500 0.010000
vt -0.664900 0.025900
vt -0.678700 0.012700
vt -0.653700 0.037300
vt -0.664900 0.025900
vt -0.651000 0.033700
vt -0.671200 0.008300
vt -0.664900 0.025900
vt -0.675500 0.010000
vt -0.651000 0.033700
vt -0.664900 0.025900
vt -0.649300 0.029500
vt -0.666400 0.007600
vt -0.664900 0.025900
vt -0.671200 0.008300
vt -0.649300 0.029500
vt -0.664900 0.025900
vt -0.648700 0.024900
vt -0.661500 0.008200
vt -0.664900 0.025900
vt -0.666400 0.007600
vt -0.648700 0.024900
vt -0.664900 0.025900
vt -0.649500 0.020300
vt -0.657500 0.009600
vt -0.664900 0.025900
vt -0.661500 0.008200
vt -0.649500 0.020300
vt -0.664900 0.025900
vt -0.651200 0.016000
vt -0.654000 0.012400
vt -0.664900 0.025900
vt -0.657500 0.009600
vt -0.651200 0.016000
vt -0.664900 0.025900
vt -0.654000 0.012400
vt -0.744700 0.028700
vt -0.763700 0.029800
vt -0.745300 0.024300
vt -0.745300 0.024300
vt -0.763700 0.029800
vt -0.747200 0.019600
vt -0.745300 0.033300
vt -0.763700 0.029800
vt -0.744700 0.028700
vt -0.747200 0.019600
vt -0.763700 0.029800
vt -0.750100 0.016100
vt -0.746900 0.037500
vt -0.763700 0.029800
vt -0.745300 0.033300
vt -0.750100 0.016100
vt -0.763700 0.029800
vt -0.753400 0.013500
vt -0.749700 0.041200
vt -0.763700 0.029800
vt -0.746900 0.037500
vt -0.753400 0.013500
vt -0.763700 0.029800
vt -0.757600 0.012000
vt -0.753200 0.044000
vt -0.763700 0.029800
vt -0.749700 0.041200
vt -0.757600 0.012000
vt -0.763700 0.029800
vt -0.762000 0.011400
vt -0.757900 0.045800
vt -0.763700 0.029800
vt -0.753200 0.044000
vt -0.762000 0.011400
vt -0.763700 0.029800
vt -0.766800 0.011900
vt -0.762300 0.046400
vt -0.763700 0.029800
vt -0.757900 0.045800
vt -0.766800 0.011900
vt -0.763700 0.029800
vt -0.771100 0.013500
vt -0.766800 0.045800
vt -0.763700 0.029800
vt -0.762300 0.046400
vt -0.771100 0.013500
vt -0.763700 0.029800
vt -0.774600 0.016500
vt -0.771200 0.044000
vt -0.763700 0.029800
vt -0.766800 0.045800
vt -0.774600 0.016500
vt -0.763700 0.029800
vt -0.777600 0.019900
vt -0.774700 0.041100
vt -0.763700 0.029800
vt -0.771200 0.044000
vt -0.777600 0.019900
vt -0.763700 0.029800
vt -0.779300 0.024300
vt -0.777700 0.037600
vt -0.763700 0.029800
vt -0.774700 0.041100
vt -0.779300 0.024300
vt -0.763700 0.029800
vt -0.780100 0.028700
vt -0.779400 0.033300
vt -0.763700 0.029800
vt -0.777700 0.037600
vt -0.780100 0.028700
vt -0.763700 0.029800
vt -0.779400 0.033300
vt -0.749200 -0.058300
vt -0.763400 -0.046900
vt -0.753000 -0.061300
vt -0.753000 -0.061300
vt -0.763400 -0.046900
vt -0.757000 -0.062900
vt -0.746500 -0.054900
vt -0.763400 -0.046900
vt -0.749200 -0.058300
vt -0.757000 -0.062900
vt -0.763400 -0.046900
vt -0.761800 -0.063600
vt -0.744700 -0.050500
vt -0.763400 -0.046900
vt -0.746500 -0.054900
vt -0.761800 -0.063600
vt -0.763400 -0.046900
vt -0.766400 -0.063100
vt -0.744100 -0.046100
vt -0.763400 -0.046900
vt -0.744700 -0.050500
vt -0.766400 -0.063100
vt -0.763400 -0.046900
vt -0.770600 -0.061300
vt -0.744700 -0.041500
vt -0.763400 -0.046900
vt -0.744100 -0.046100
vt -0.770600 -0.061300
vt -0.763400 -0.046900
vt -0.774200 -0.058500
vt -0.746500 -0.037200
vt -0.763400 -0.046900
vt -0.744700 -0.041500
vt -0.774200 -0.058500
vt -0.763400 -0.046900
vt -0.777200 -0.054800
vt -0.749200 -0.033700
vt -0.763400 -0.046900
vt -0.746500 -0.037200
vt -0.777200 -0.054800
vt -0.763400 -0.046900
vt -0.778900 -0.050500
vt -0.753100 -0.030700
vt -0.763400 -0.046900
vt -0.749200 -0.033700
vt -0.778900 -0.050500
vt -0.763400 -0.046900
vt -0.779600 -0.046000
vt -0.757100 -0.029100
vt -0.763400 -0.046900
vt -0.753100 -0.030700
vt -0.779600 -0.046000
vt -0.763400 -0.046900
vt -0.778800 -0.041500
vt -0.761900 -0.028400
vt -0.763400 -0.046900
vt -0.757100 -0.029100
vt -0.778800 -0.041500
vt -0.763400 -0.046900
vt -0.777200 -0.037200
vt -0.766400 -0.029000
vt -0.763400 -0.046900
vt -0.761900 -0.028400
vt -0.777200 -0.037200
vt -0.763400 -0.046900
vt -0.774400 -0.033700
vt -0.770700 -0.030800
vt -0.763400 -0.046900
vt -0.766400 -0.029000
vt -0.774400 -0.033700
vt -0.763400 -0.046900
vt -0.770700 -0.030800
vt -0.684300 -0.054100
vt -0.665600 -0.050700
vt -0.684900 -0.049700
vt -0.684900 -0.049700
vt -0.665600 -0.050700
vt -0.684100 -0.045100
vt -0.682500 -0.058500
vt -0.665600 -0.050700
vt -0.684300 -0.054100
vt -0.684100 -0.045100
vt -0.665600 -0.050700
vt -0.682500 -0.040800
vt -0.679500 -0.062200
vt -0.665600 -0.050700
vt -0.682500 -0.058500
vt -0.682500 -0.040800
vt -0.665600 -0.050700
vt -0.679600 -0.037300
vt -0.676000 -0.064900
vt -0.665600 -0.050700
vt -0.679500 -0.062200
vt -0.679600 -0.037300
vt -0.665600 -0.050700
vt -0.676000 -0.034400
vt -0.671700 -0.066500
vt -0.665600 -0.050700
vt -0.676000 -0.064900
vt -0.676000 -0.034400
vt -0.665600 -0.050700
vt -0.671700 -0.032600
vt -0.667200 -0.067200
vt -0.665600 -0.050700
vt -0.671700 -0.066500
vt -0.671700 -0.032600
vt -0.665600 -0.050700
vt -0.667100 -0.032000
vt -0.662600 -0.066600
vt -0.665600 -0.050700
vt -0.667200 -0.067200
vt -0.667100 -0.032000
vt -0.665600 -0.050700
vt -0.662600 -0.032600
vt -0.658400 -0.064900
vt -0.665600 -0.050700
vt -0.662600 -0.066600
vt -0.662600 -0.032600
vt -0.665600 -0.050700
vt -0.658200 -0.034400
vt -0.654600 -0.061900
vt -0.665600 -0.050700
vt -0.658400 -0.064900
vt -0.658200 -0.034400
vt -0.665600 -0.050700
vt -0.654700 -0.037300
vt -0.651800 -0.058400
vt -0.665600 -0.050700
vt -0.654600 -0.061900
vt -0.654700 -0.037300
vt -0.665600 -0.050700
vt -0.651800 -0.040800
vt -0.650100 -0.054100
vt -0.665600 -0.050700
vt -0.651800 -0.058400
vt -0.651800 -0.040800
vt -0.665600 -0.050700
vt -0.650100 -0.045200
vt -0.649500 -0.049600
vt -0.665600 -0.050700
vt -0.650100 -0.054100
vt -0.650100 -0.045200
vt -0.665600 -0.050700
vt -0.649500 -0.049600
vt 0.681400 0.033700
vt 0.678800 0.037200
vt 0.664900 0.025900
vt 0.678800 0.037200
vt 0.675400 0.040100
vt 0.664900 0.025900
vt 0.683300 0.029400
vt 0.681400 0.033700
vt 0.664900 0.025900
vt 0.675400 0.040100
vt 0.671100 0.041700
vt 0.664900 0.025900
vt 0.671100 0.041700
vt 0.666700 0.042300
vt 0.664900 0.025900
vt 0.666700 0.042300
vt 0.661800 0.041800
vt 0.664900 0.025900
vt 0.661800 0.041800
vt 0.657700 0.040200
vt 0.664900 0.025900
vt 0.657700 0.040200
vt 0.653700 0.037300
vt 0.664900 0.025900
vt 0.653700 0.037300
vt 0.651000 0.033700
vt 0.664900 0.025900
vt 0.651000 0.033700
vt 0.649300 0.029500
vt 0.664900 0.025900
vt 0.649300 0.029500
vt 0.648700 0.024900
vt 0.664900 0.025900
vt 0.648700 0.024900
vt 0.649500 0.020300
vt 0.664900 0.025900
vt 0.649500 0.020300
vt 0.651200 0.016000
vt 0.664900 0.025900
vt 0.651200 0.016000
vt 0.654000 0.012400
vt 0.664900 0.025900
vt 0.654000 0.012400
vt 0.657500 0.009600
vt 0.664900 0.025900
vt 0.657500 0.009600
vt 0.661500 0.008200
vt 0.664900 0.025900
vt 0.661500 0.008200
vt 0.666400 0.007600
vt 0.664900 0.025900
vt 0.666400 0.007600
vt 0.671200 0.008300
vt 0.664900 0.025900
vt 0.671200 0.008300
vt 0.675500 0.010000
vt 0.664900 0.025900
vt 0.675500 0.010000
vt 0.678700 0.012700
vt 0.664900 0.025900
vt 0.678700 0.012700
vt 0.681700 0.016100
vt 0.664900 0.025900
vt 0.681700 0.016100
vt 0.683300 0.020400
vt 0.664900 0.025900
vt 0.683300 0.020400
vt 0.683700 0.024700
vt 0.664900 0.025900
vt 0.683700 0.024700
vt 0.683300 0.029400
vt 0.664900 0.025900
vt 0.744700 0.028700
vt 0.745300 0.024300
vt 0.763700 0.029800
vt 0.745300 0.024300
vt 0.747200 0.019600
vt 0.763700 0.029800
vt 0.745300 0.033300
vt 0.744700 0.028700
vt 0.763700 0.029800
vt 0.747200 0.019600
vt 0.750100 0.016100
vt 0.763700 0.029800
vt 0.750100 0.016100
vt 0.753400 0.013500
vt 0.763700 0.029800
vt 0.753400 0.013500
vt 0.757600 0.012000
vt 0.763700 0.029800
vt 0.757600 0.012000
vt 0.762000 0.011400
vt 0.763700 0.029800
vt 0.762000 0.011400
vt 0.766800 0.011900
vt 0.763700 0.029800
vt 0.766800 0.011900
vt 0.771100 0.013500
vt 0.763700 0.029800
vt 0.771100 0.013500
vt 0.774600 0.016500
vt 0.763700 0.029800
vt 0.774600 0.016500
vt 0.777600 0.019900
vt 0.763700 0.029800
vt 0.777600 0.019900
vt 0.779300 0.024300
vt 0.763700 0.029800
vt 0.779300 0.024300
vt 0.780100 0.028700
vt 0.763700 0.029800
vt 0.780100 0.028700
vt 0.779400 0.033300
vt 0.763700 0.029800
vt 0.779400 0.033300
vt 0.777700 0.037600
vt 0.763700 0.029800
vt 0.777700 0.037600
vt 0.774700 0.041100
vt 0.763700 0.029800
vt 0.774700 0.041100
vt 0.771200 0.044000
vt 0.763700 0.029800
vt 0.771200 0.044000
vt 0.766800 0.045800
vt 0.763700 0.029800
vt 0.766800 0.045800
vt 0.762300 0.046400
vt 0.763700 0.029800
vt 0.762300 0.046400
vt 0.757900 0.045800
vt 0.763700 0.029800
vt 0.757900 0.045800
vt 0.753200 0.044000
vt 0.763700 0.029800
vt 0.753200 0.044000
vt 0.749700 0.041200
vt 0.763700 0.029800
vt 0.749700 0.041200
vt 0.746900 0.037500
vt 0.763700 0.029800
vt 0.746900 0.037500
vt 0.745300 0.033300
vt 0.763700 0.029800
vt 0.749200 -0.058300
vt 0.753000 -0.061300
vt 0.763400 -0.046900
vt 0.753000 -0.061300
vt 0.757000 -0.062900
vt 0.763400 -0.046900
vt 0.746500 -0.054900
vt 0.749200 -0.058300
vt 0.763400 -0.046900
vt 0.757000 -0.062900
vt 0.761800 -0.063600
vt 0.763400 -0.046900
vt 0.761800 -0.063600
vt 0.766400 -0.063100
vt 0.763400 -0.046900
vt 0.766400 -0.063100
vt 0.770600 -0.061300
vt 0.763400 -0.046900
vt 0.770600 -0.061300
vt 0.774200 -0.058500
vt 0.763400 -0.046900
vt 0.774200 -0.058500
vt 0.777200 -0.054800
vt 0.763400 -0.046900
vt 0.777200 -0.054800
vt 0.778900 -0.050500
vt 0.763400 -0.046900
vt 0.778900 -0.050500
vt 0.779600 -0.046000
vt 0.763400 -0.046900
vt 0.779600 -0.046000
vt 0.778800 -0.041500
vt 0.763400 -0.046900
vt 0.778800 -0.041500
vt 0.777200 -0.037200
vt 0.763400 -0.046900
vt 0.777200 -0.037200
vt 0.774400 -0.033700
vt 0.763400 -0.046900
vt 0.774400 -0.033700
vt 0.770700 -0.030800
vt 0.763400 -0.046900
vt 0.770700 -0.030800
vt 0.766400 -0.029000
vt 0.763400 -0.046900
vt 0.766400 -0.029000
vt 0.761900 -0.028400
vt 0.763400 -0.046900
vt 0.761900 -0.028400
vt 0.757100 -0.029100
vt 0.763400 -0.046900
vt 0.757100 -0.029100
vt 0.753100 -0.030700
vt 0.763400 -0.046900
vt 0.753100 -0.030700
vt 0.749200 -0.033700
vt 0.763400 -0.046900
vt 0.749200 -0.033700
vt 0.746500 -0.037200
vt 0.763400 -0.046900
vt 0.746500 -0.037200
vt 0.744700 -0.041500
vt 0.763400 -0.046900
vt 0.744700 -0.041500
vt 0.744100 -0.046100
vt 0.763400 -0.046900
vt 0.744100 -0.046100
vt 0.744700 -0.050500
vt 0.763400 -0.046900
vt 0.744700 -0.050500
vt 0.746500 -0.054900
vt 0.763400 -0.046900
vt 0.684300 -0.054100
vt 0.684900 -0.049700
vt 0.665600 -0.050700
vt 0.684900 -0.049700
vt 0.684100 -0.045100
vt 0.665600 -0.050700
vt 0.682500 -0.058500
vt 0.684300 -0.054100
vt 0.665600 -0.050700
vt 0.684100 -0.045100
vt 0.682500 -0.040800
vt 0.665600 -0.050700
vt 0.682500 -0.040800
vt 0.679600 -0.037300
vt 0.665600 -0.050700
vt 0.679600 -0.037300
vt 0.676000 -0.034400
vt 0.665600 -0.050700
vt 0.676000 -0.034400
vt 0.671700 -0.032600
vt 0.665600 -0.050700
vt 0.671700 -0.032600
vt 0.667100 -0.032000
vt 0.665600 -0.050700
vt 0.667100 -0.032000
vt 0.662600 -0.032600
vt 0.665600 -0.050700
vt 0.662600 -0.032600
vt 0.658200 -0.034400
vt 0.665600 -0.050700
vt 0.658200 -0.034400
vt 0.654700 -0.037300
vt 0.665600 -0.050700
vt 0.654700 -0.037300
vt 0.651800 -0.040800
vt 0.665600 -0.050700
vt 0.651800 -0.040800
vt 0.650100 -0.045200
vt 0.665600 -0.050700
vt 0.650100 -0.045200
vt 0.649500 -0.049600
vt 0.665600 -0.050700
vt 0.649500 -0.049600
vt 0.650100 -0.054100
vt 0.665600 -0.050700
vt 0.650100 -0.054100
vt 0.651800 -0.058400
vt 0.665600 -0.050700
vt 0.651800 -0.058400
vt 0.654600 -0.061900
vt 0.665600 -0.050700
vt 0.654600 -0.061900
vt 0.658400 -0.064900
vt 0.665600 -0.050700
vt 0.658400 -0.064900
vt 0.662600 -0.066600
vt 0.665600 -0.050700
vt 0.662600 -0.066600
vt 0.667200 -0.067200
vt 0.665600 -0.050700
vt 0.667200 -0.067200
vt 0.671700 -0.066500
vt 0.665600 -0.050700
vt 0.671700 -0.066500
vt 0.676000 -0.064900
vt 0.665600 -0.050700
vt 0.676000 -0.064900
vt 0.679500 -0.062200
vt 0.665600 -0.050700
vt 0.679500 -0.062200
vt 0.682500 -0.058500
vt 0.665600 -0.050700
vt -1.842900 0.033700
vt -1.829200 0.022100
vt -1.841100 0.037200
vt -0.678800 0.037200
vt -0.670500 0.022100
vt -0.675400 0.040100
vt -1.845100 0.029400
vt -1.829200 0.022100
vt -1.842900 0.033700
vt -0.675400 0.040100
vt -0.670500 0.022100
vt -0.671100 0.041700
vt -1.846300 0.024700
vt -1.829200 0.022100
vt -1.845100 0.029400
vt -0.671100 0.041700
vt -0.670500 0.022100
vt -0.666700 0.042300
vt -1.847700 0.020500
vt -1.829200 0.022100
vt -1.846300 0.024700
vt -0.666700 0.042300
vt -0.670500 0.022100
vt -0.661800 0.041800
vt -1.847700 0.016100
vt -1.829200 0.022100
vt -1.847700 0.020500
vt -0.661800 0.041800
vt -0.670500 0.022100
vt -0.657700 0.040200
vt -1.848000 0.012700
vt -1.829200 0.022100
vt -1.847700 0.016100
vt -0.657700 0.040200
vt -0.670500 0.022100
vt -0.653700 0.037300
vt -1.847000 0.010000
vt -1.829200 0.022100
vt -1.848000 0.012700
vt -0.653700 0.037300
vt -0.670500 0.022100
vt -0.651000 0.033700
vt -0.671200 -1.846100
vt -0.670500 -1.829200
vt -0.675500 -1.847000
vt -0.651000 0.033700
vt -0.670500 0.022100
vt -0.649300 0.029500
vt -0.666400 -1.844100
vt -0.670500 -1.829200
vt -0.671200 -1.846100
vt -0.649300 0.029500
vt -0.670500 0.022100
vt -0.648700 0.024900
vt -0.661500 -1.842200
vt -0.670500 -1.829200
vt -0.666400 -1.844100
vt -0.648700 0.024900
vt -0.670500 0.022100
vt -0.649500 0.020300
vt -0.657500 -1.840000
vt -0.670500 -1.829200
vt -0.661500 -1.842200
vt -0.649500 0.020300
vt -0.670500 0.022100
vt -0.651200 0.016000
vt -0.654000 0.012400
vt -0.670500 0.022100
vt -0.657500 0.009600
vt -0.651200 0.016000
vt -0.670500 0.022100
vt -0.654000 0.012400
vt 1.847800 -0.054900
vt 1.833100 -0.043400
vt 1.845600 -0.058300
vt -0.749200 -0.058300
vt -0.757200 -0.043400
vt -0.753000 -0.061300
vt 1.849700 -0.050500
vt 1.833100 -0.043400
vt 1.847800 -0.054900
vt -0.753000 -0.061300
vt -0.757200 -0.043400
vt -0.757000 -0.062900
vt 1.851200 -0.046100
vt 1.833100 -0.043400
vt 1.849700 -0.050500
vt -0.757000 -0.062900
vt -0.757200 -0.043400
vt -0.761800 -0.063600
vt 1.852000 -0.041500
vt 1.833100 -0.043400
vt 1.851200 -0.046100
vt -0.761800 -0.063600
vt -0.757200 -0.043400
vt -0.766400 -0.063100
vt 1.852400 -0.037200
vt 1.833100 -0.043400
vt 1.852000 -0.041500
vt -0.766400 -0.063100
vt -0.757200 -0.043400
vt -0.770600 -0.061300
vt 1.852000 -0.033700
vt 1.833100 -0.043400
vt 1.852400 -0.037200
vt -0.770600 -0.061300
vt -0.757200 -0.043400
vt -0.774200 -0.058500
vt -0.753100 1.851100
vt -0.757200 1.833100
vt -0.749200 1.852000
vt -0.774200 -0.058500
vt -0.757200 -0.043400
vt -0.777200 -0.054800
vt -0.757100 1.849600
vt -0.757200 1.833100
vt -0.753100 1.851100
vt -0.777200 -0.054800
vt -0.757200 -0.043400
vt -0.778900 -0.050500
vt -0.761900 1.847600
vt -0.757200 1.833100
vt -0.757100 1.849600
vt -0.778900 -0.050500
vt -0.757200 -0.043400
vt -0.779600 -0.046000
vt -0.766400 1.845400
vt -0.757200 1.833100
vt -0.761900 1.847600
vt -0.779600 -0.046000
vt -0.757200 -0.043400
vt -0.778800 -0.041500
vt -0.770700 -0.030800
vt -0.757200 -0.043400
vt -0.766400 -0.029000
vt -0.778800 -0.041500
vt -0.757200 -0.043400
vt -0.777200 -0.037200
vt -0.774400 -0.033700
vt -0.757200 -0.043400
vt -0.770700 -0.030800
vt -0.777200 -0.037200
vt -0.757200 -0.043400
vt -0.774400 -0.033700
vt 1.843200 0.037500
vt 1.829200 0.025900
vt 1.845100 0.033300
vt 1.845100 0.033300
vt 1.829200 0.025900
vt 1.846600 0.028700
vt 1.841100 0.041200
vt 1.829200 0.025900
vt 1.843200 0.037500
vt 1.846600 0.028700
vt 1.829200 0.025900
vt 1.847700 0.024300
vt -0.753200 0.044000
vt -0.758200 0.025900
vt -0.749700 0.041200
vt 1.847700 0.024300
vt 1.829200 0.025900
vt 1.848100 0.019600
vt -0.757900 0.045800
vt -0.758200 0.025900
vt -0.753200 0.044000
vt 1.848100 0.019600
vt 1.829200 0.025900
vt 1.847900 0.016100
vt -0.762300 0.046400
vt -0.758200 0.025900
vt -0.757900 0.045800
vt -0.750100 -1.847900
vt -0.758200 -1.829200
vt -0.753400 -1.847200
vt -0.766800 0.045800
vt -0.758200 0.025900
vt -0.762300 0.046400
vt -0.753400 -1.847200
vt -0.758200 -1.829200
vt -0.757600 -1.846100
vt -0.771200 0.044000
vt -0.758200 0.025900
vt -0.766800 0.045800
vt -0.757600 -1.846100
vt -0.758200 -1.829200
vt -0.762000 -1.844400
vt -0.774700 0.041100
vt -0.758200 0.025900
vt -0.771200 0.044000
vt -0.762000 -1.844400
vt -0.758200 -1.829200
vt -0.766800 -1.842400
vt -0.777700 0.037600
vt -0.758200 0.025900
vt -0.774700 0.041100
vt -0.766800 -1.842400
vt -0.758200 -1.829200
vt -0.771100 -1.840000
vt -0.779400 0.033300
vt -0.758200 0.025900
vt -0.777700 0.037600
vt -0.771100 0.013500
vt -0.758200 0.025900
vt -0.774600 0.016500
vt -0.780100 0.028700
vt -0.758200 0.025900
vt -0.779400 0.033300
vt -0.774600 0.016500
vt -0.758200 0.025900
vt -0.777600 0.019900
vt -0.779300 0.024300
vt -0.758200 0.025900
vt -0.780100 0.028700
vt -0.777600 0.019900
vt -0.758200 0.025900
vt -0.779300 0.024300
vt -1.846200 -0.058500
vt -1.832100 -0.046700
vt -1.848200 -0.054100
vt -1.848200 -0.054100
vt -1.832100 -0.046700
vt -1.849800 -0.049700
vt -1.843900 -0.062200
vt -1.832100 -0.046700
vt -1.846200 -0.058500
vt -1.849800 -0.049700
vt -1.832100 -0.046700
vt -1.850800 -0.045100
vt -0.676000 -0.064900
vt -0.671500 -0.046700
vt -0.679500 -0.062200
vt -1.850800 -0.045100
vt -1.832100 -0.046700
vt -1.851400 -0.040800
vt -0.671700 -0.066500
vt -0.671500 -0.046700
vt -0.676000 -0.064900
vt -1.851400 -0.040800
vt -1.832100 -0.046700
vt -1.851100 -0.037300
vt -0.667200 -0.067200
vt -0.671500 -0.046700
vt -0.671700 -0.066500
vt -0.679600 1.851100
vt -0.671500 1.832100
vt -0.676000 1.850400
vt -0.662600 -0.066600
vt -0.671500 -0.046700
vt -0.667200 -0.067200
vt -0.676000 1.850400
vt -0.671500 1.832100
vt -0.671700 1.849000
vt -0.658400 -0.064900
vt -0.671500 -0.046700
vt -0.662600 -0.066600
vt -0.671700 1.849000
vt -0.671500 1.832100
vt -0.667100 1.847200
vt -0.654600 -0.061900
vt -0.671500 -0.046700
vt -0.658400 -0.064900
vt -0.667100 1.847200
vt -0.671500 1.832100
vt -0.662600 1.845000
vt -0.651800 -0.058400
vt -0.671500 -0.046700
vt -0.654600 -0.061900
vt -0.662600 1.845000
vt -0.671500 1.832100
vt -0.658200 1.842600
vt -0.650100 -0.054100
vt -0.671500 -0.046700
vt -0.651800 -0.058400
vt -0.658200 -0.034400
vt -0.671500 -0.046700
vt -0.654700 -0.037300
vt -0.649500 -0.049600
vt -0.671500 -0.046700
vt -0.650100 -0.054100
vt -0.654700 -0.037300
vt -0.671500 -0.046700
vt -0.651800 -0.040800
vt -0.650100 -0.045200
vt -0.671500 -0.046700
vt -0.649500 -0.049600
vt -0.651800 -0.040800
vt -0.671500 -0.046700
vt -0.650100 -0.045200
vt 1.842900 0.033700
vt 1.841100 0.037200
vt 1.829200 0.022100
vt 0.678800 0.037200
vt 0.675400 0.040100
vt 0.670500 0.022100
vt 1.845100 0.029400
vt 1.842900 0.033700
vt 1.829200 0.022100
vt 0.675400 0.040100
vt 0.671100 0.041700
vt 0.670500 0.022100
vt 0.671100 0.041700
vt 0.666700 0.042300
vt 0.670500 0.022100
vt 0.666700 0.042300
vt 0.661800 0.041800
vt 0.670500 0.022100
vt 0.661800 0.041800
vt 0.657700 0.040200
vt 0.670500 0.022100
vt 0.657700 0.040200
vt 0.653700 0.037300
vt 0.670500 0.022100
vt 0.653700 0.037300
vt 0.651000 0.033700
vt 0.670500 0.022100
vt 0.651000 0.033700
vt 0.649300 0.029500
vt 0.670500 0.022100
vt 0.649300 0.029500
vt 0.648700 0.024900
vt 0.670500 0.022100
vt 0.648700 0.024900
vt 0.649500 0.020300
vt 0.670500 0.022100
vt 0.649500 0.020300
vt 0.651200 0.016000
vt 0.670500 0.022100
vt 0.651200 0.016000
vt 0.654000 0.012400
vt 0.670500 0.022100
vt 0.654000 0.012400
vt 0.657500 0.009600
vt 0.670500 0.022100
vt 0.657500 -1.840000
vt 0.661500 -1.842200
vt 0.670500 -1.829200
vt 0.661500 -1.842200
vt 0.666400 -1.844100
vt 0.670500 -1.829200
vt 0.666400 -1.844100
vt 0.671200 -1.846100
vt 0.670500 -1.829200
vt 0.671200 -1.846100
vt 0.675500 -1.847000
vt 0.670500 -1.829200
vt 1.847000 0.010000
vt 1.848000 0.012700
vt 1.829200 0.022100
vt 1.848000 0.012700
vt 1.847700 0.016100
vt 1.829200 0.022100
vt 1.847700 0.016100
vt 1.847700 0.020400
vt 1.829200 0.022100
vt 1.847700 0.020400
vt 1.846300 0.024700
vt 1.829200 0.022100
vt 1.846300 0.024700
vt 1.845100 0.029400
vt 1.829200 0.022100
vt -1.847800 -0.054900
vt -1.845600 -0.058300
vt -1.833100 -0.043400
vt 0.749200 -0.058300
vt 0.753000 -0.061300
vt 0.757200 -0.043400
vt -1.849700 -0.050500
vt -1.847800 -0.054900
vt -1.833100 -0.043400
vt 0.753000 -0.061300
vt 0.757000 -0.062900
vt 0.757200 -0.043400
vt 0.757000 -0.062900
vt 0.761800 -0.063600
vt 0.757200 -0.043400
vt 0.761800 -0.063600
vt 0.766400 -0.063100
vt 0.757200 -0.043400
vt 0.766400 -0.063100
vt 0.770600 -0.061300
vt 0.757200 -0.043400
vt 0.770600 -0.061300
vt 0.774200 -0.058500
vt 0.757200 -0.043400
vt 0.774200 -0.058500
vt 0.777200 -0.054800
vt 0.757200 -0.043400
vt 0.777200 -0.054800
vt 0.778900 -0.050500
vt 0.757200 -0.043400
vt 0.778900 -0.050500
vt 0.779600 -0.046000
vt 0.757200 -0.043400
vt 0.779600 -0.046000
vt 0.778800 -0.041500
vt 0.757200 -0.043400
vt 0.778800 -0.041500
vt 0.777200 -0.037200
vt 0.757200 -0.043400
vt 0.777200 -0.037200
vt 0.774400 -0.033700
vt 0.757200 -0.043400
vt 0.774400 -0.033700
vt 0.770700 -0.030800
vt 0.757200 -0.043400
vt 0.770700 -0.030800
vt 0.766400 -0.029000
vt 0.757200 -0.043400
vt 0.766400 1.845400
vt 0.761900 1.847600
vt 0.757200 1.833100
vt 0.761900 1.847600
vt 0.757100 1.849600
vt 0.757200 1.833100
vt 0.757100 1.849600
vt 0.753100 1.851100
vt 0.757200 1.833100
vt 0.753100 1.851100
vt 0.749200 1.852000
vt 0.757200 1.833100
vt -1.852000 -0.033700
vt -1.852400 -0.037200
vt -1.833100 -0.043400
vt -1.852400 -0.037200
vt -1.852000 -0.041500
vt -1.833100 -0.043400
vt -1.852000 -0.041500
vt -1.851200 -0.046100
vt -1.833100 -0.043400
vt -1.851200 -0.046100
vt -1.849700 -0.050500
vt -1.833100 -0.043400
vt -1.843200 0.037500
vt -1.845100 0.033300
vt -1.829200 0.025900
vt -1.845100 0.033300
vt -1.846600 0.028700
vt -1.829200 0.025900
vt -1.841100 0.041200
vt -1.843200 0.037500
vt -1.829200 0.025900
vt -1.846600 0.028700
vt -1.847700 0.024300
vt -1.829200 0.025900
vt -1.847700 0.024300
vt -1.848100 0.019600
vt -1.829200 0.025900
vt -1.848100 0.019600
vt -1.847900 0.016100
vt -1.829200 0.025900
vt 0.750100 -1.847900
vt 0.753400 -1.847200
vt 0.758200 -1.829200
vt 0.753400 -1.847200
vt 0.757600 -1.846100
vt 0.758200 -1.829200
vt 0.757600 -1.846100
vt 0.762000 -1.844400
vt 0.758200 -1.829200
vt 0.762000 -1.844400
vt 0.766800 -1.842400
vt 0.758200 -1.829200
vt 0.766800 -1.842400
vt 0.771100 -1.840000
vt 0.758200 -1.829200
vt 0.771100 0.013500
vt 0.774600 0.016500
vt 0.758200 0.025900
vt 0.774600 0.016500
vt 0.777600 0.019900
vt 0.758200 0.025900
vt 0.777600 0.019900
vt 0.779300 0.024300
vt 0.758200 0.025900
vt 0.779300 0.024300
vt 0.780100 0.028700
vt 0.758200 0.025900
vt 0.780100 0.028700
vt 0.779400 0.033300
vt 0.758200 0.025900
vt 0.779400 0.033300
vt 0.777700 0.037600
vt 0.758200 0.025900
vt 0.777700 0.037600
vt 0.774700 0.041100
vt 0.758200 0.025900
vt 0.774700 0.041100
vt 0.771200 0.044000
vt 0.758200 0.025900
vt 0.771200 0.044000
vt 0.766800 0.045800
vt 0.758200 0.025900
vt 0.766800 0.045800
vt 0.762300 0.046400
vt 0.758200 0.025900
vt 0.762300 0.046400
vt 0.757900 0.045800
vt 0.758200 0.025900
vt 0.757900 0.045800
vt 0.753200 0.044000
vt 0.758200 0.025900
vt 0.753200 0.044000
vt 0.749700 0.041200
vt 0.758200 0.025900
vt 1.846200 -0.058500
vt 1.848200 -0.054100
vt 1.832100 -0.046700
vt 1.848200 -0.054100
vt 1.849800 -0.049700
vt 1.832100 -0.046700
vt 1.843900 -0.062200
vt 1.846200 -0.058500
vt 1.832100 -0.046700
vt 1.849800 -0.049700
vt 1.850800 -0.045100
vt 1.832100 -0.046700
vt 1.850800 -0.045100
vt 1.851400 -0.040800
vt 1.832100 -0.046700
vt 1.851400 -0.040800
vt 1.851100 -0.037300
vt 1.832100 -0.046700
vt 0.679600 1.851100
vt 0.676000 1.850400
vt 0.671500 1.832100
vt 0.676000 1.850400
vt 0.671700 1.849000
vt 0.671500 1.832100
vt 0.671700 1.849000
vt 0.667100 1.847200
vt 0.671500 1.832100
vt 0.667100 1.847200
vt 0.662600 1.845000
vt 0.671500 1.832100
vt 0.662600 1.845000
vt 0.658200 1.842600
vt 0.671500 1.832100
vt 0.658200 -0.034400
vt 0.654700 -0.037300
vt 0.671500 -0.046700
vt 0.654700 -0.037300
vt 0.651800 -0.040800
vt 0.671500 -0.046700
vt 0.651800 -0.040800
vt 0.650100 -0.045200
vt 0.671500 -0.046700
vt 0.650100 -0.045200
vt 0.649500 -0.049600
vt 0.671500 -0.046700
vt 0.649500 -0.049600
vt 0.650100 -0.054100
vt 0.671500 -0.046700
vt 0.650100 -0.054100
vt 0.651800 -0.058400
vt 0.671500 -0.046700
vt 0.651800 -0.058400
vt 0.654600 -0.061900
vt 0.671500 -0.046700
vt 0.654600 -0.061900
vt 0.658400 -0.064900
vt 0.671500 -0.046700
vt 0.658400 -0.064900
vt 0.662600 -0.066600
vt 0.671500 -0.046700
vt 0.662600 -0.066600
vt 0.667200 -0.067200
vt 0.671500 -0.046700
vt 0.667200 -0.067200
vt 0.671700 -0.066500
vt 0.671500 -0.046700
vt 0.671700 -0.066500
vt 0.676000 -0.064900
vt 0.671500 -0.046700
vt 0.676000 -0.064900
vt 0.679500 -0.062200
vt 0.671500 -0.046700
vt 0.671500 -0.046700
vt 0.679500 -0.062200
vt 0.676000 -0.064900
vt 0.671500 -0.046700
vt 0.676000 -0.064900
vt 0.671700 -0.066500
vt 0.671500 -0.046700
vt 0.671700 -0.066500
vt 0.667200 -0.067200
vt 0.671500 -0.046700
vt 0.667200 -0.067200
vt 0.662600 -0.066600
vt 0.671500 -0.046700
vt 0.662600 -0.066600
vt 0.658400 -0.064900
vt 0.671500 -0.046700
vt 0.658400 -0.064900
vt 0.654600 -0.061900
vt 0.671500 -0.046700
vt 0.654600 -0.061900
vt 0.651800 -0.058400
vt 0.671500 -0.046700
vt 0.651800 -0.058400
vt 0.650100 -0.054100
vt 0.671500 -0.046700
vt 0.650100 -0.054100
vt 0.649500 -0.049600
vt 0.671500 -0.046700
vt 0.649500 -0.049600
vt 0.650100 -0.045200
vt 0.671500 -0.046700
vt 0.650100 -0.045200
vt 0.651800 -0.040800
vt 0.671500 -0.046700
vt 0.651800 -0.040800
vt 0.654700 -0.037300
vt 0.671500 -0.046700
vt 0.654700 -0.037300
vt 0.658200 -0.034400
vt 0.671500 1.832100
vt 0.658200 1.842600
vt 0.662600 1.845000
vt 0.671500 1.832100
vt 0.662600 1.845000
vt 0.667100 1.847200
vt 0.671500 1.832100
vt 0.667100 1.847200
vt 0.671700 1.849000
vt 0.671500 1.832100
vt 0.671700 1.849000
vt 0.676000 1.850400
vt 0.671500 1.832100
vt 0.676000 1.850400
vt 0.679600 1.851100
vt 1.832100 -0.046700
vt 1.851100 -0.037300
vt 1.851400 -0.040800
vt 1.832100 -0.046700
vt 1.851400 -0.040800
vt 1.850800 -0.045100
vt 1.832100 -0.046700
vt 1.850800 -0.045100
vt 1.849800 -0.049700
vt 1.832100 -0.046700
vt 1.846200 -0.058500
vt 1.843900 -0.062200
vt 1.832100 -0.046700
vt 1.849800 -0.049700
vt 1.848200 -0.054100
vt 1.832100 -0.046700
vt 1.848200 -0.054100
vt 1.846200 -0.058500
vt 0.758200 0.025900
vt 0.749700 0.041200
vt 0.753200 0.044000
vt 0.758200 0.025900
vt 0.753200 0.044000
vt 0.757900 0.045800
vt 0.758200 0.025900
vt 0.757900 0.045800
vt 0.762300 0.046400
vt 0.758200 0.025900
vt 0.762300 0.046400
vt 0.766800 0.045800
vt 0.758200 0.025900
vt 0.766800 0.045800
vt 0.771200 0.044000
vt 0.758200 0.025900
vt 0.771200 0.044000
vt 0.774700 0.041100
vt 0.758200 0.025900
vt 0.774700 0.041100
vt 0.777700 0.037600
vt 0.758200 0.025900
vt 0.777700 0.037600
vt 0.779400 0.033300
vt 0.758200 0.025900
vt 0.779400 0.033300
vt 0.780100 0.028700
vt 0.758200 0.025900
vt 0.780100 0.028700
vt 0.779300 0.024300
vt 0.758200 0.025900
vt 0.779300 0.024300
vt 0.777600 0.019900
vt 0.758200 0.025900
vt 0.777600 0.019900
vt 0.774600 0.016500
vt 0.758200 0.025900
vt 0.774600 0.016500
vt 0.771100 0.013500
vt 0.758200 -1.829200
vt 0.771100 -1.840000
vt 0.766800 -1.842400
vt 0.758200 -1.829200
vt 0.766800 -1.842400
vt 0.762000 -1.844400
vt 0.758200 -1.829200
vt 0.762000 -1.844400
vt 0.757600 -1.846100
vt 0.758200 -1.829200
vt 0.757600 -1.846100
vt 0.753400 -1.847200
vt 0.758200 -1.829200
vt 0.753400 -1.847200
vt 0.750100 -1.847900
vt -1.829200 0.025900
vt -1.847900 0.016100
vt -1.848100 0.019600
vt -1.829200 0.025900
vt -1.848100 0.019600
vt -1.847700 0.024300
vt -1.829200 0.025900
vt -1.847700 0.024300
vt -1.846600 0.028700
vt -1.829200 0.025900
vt -1.843200 0.037500
vt -1.841100 0.041200
vt -1.829200 0.025900
vt -1.846600 0.028700
vt -1.845100 0.033300
vt -1.829200 0.025900
vt -1.845100 0.033300
vt -1.843200 0.037500
vt -1.833100 -0.043400
vt -1.849700 -0.050500
vt -1.851200 -0.046100
vt -1.833100 -0.043400
vt -1.851200 -0.046100
vt -1.852000 -0.041500
vt -1.833100 -0.043400
vt -1.852000 -0.041500
vt -1.852400 -0.037200
vt -1.833100 -0.043400
vt -1.852400 -0.037200
vt -1.852000 -0.033700
vt 0.757200 1.833100
vt 0.749200 1.852000
vt 0.753100 1.851100
vt 0.757200 1.833100
vt 0.753100 1.851100
vt 0.757100 1.849600
vt 0.757200 1.833100
vt 0.757100 1.849600
vt 0.761900 1.847600
vt 0.757200 1.833100
vt 0.761900 1.847600
vt 0.766400 1.845400
vt 0.757200 -0.043400
vt 0.766400 -0.029000
vt 0.770700 -0.030800
vt 0.757200 -0.043400
vt 0.770700 -0.030800
vt 0.774400 -0.033700
vt 0.757200 -0.043400
vt 0.774400 -0.033700
vt 0.777200 -0.037200
vt 0.757200 -0.043400
vt 0.777200 -0.037200
vt 0.778800 -0.041500
vt 0.757200 -0.043400
vt 0.778800 -0.041500
vt 0.779600 -0.046000
vt 0.757200 -0.043400
vt 0.779600 -0.046000
vt 0.778900 -0.050500
vt 0.757200 -0.043400
vt 0.778900 -0.050500
vt 0.777200 -0.054800
vt 0.757200 -0.043400
vt 0.777200 -0.054800
vt 0.774200 -0.058500
vt 0.757200 -0.043400
vt 0.774200 -0.058500
vt 0.770600 -0.061300
vt 0.757200 -0.043400
vt 0.770600 -0.061300
vt 0.766400 -0.063100
vt 0.757200 -0.043400
vt 0.766400 -0.063100
vt 0.761800 -0.063600
vt 0.757200 -0.043400
vt 0.761800 -0.063600
vt 0.757000 -0.062900
vt 0.757200 -0.043400
vt 0.757000 -0.062900
vt 0.753000 -0.061300
vt -1.833100 -0.043400
vt -1.847800 -0.054900
vt -1.849700 -0.050500
vt 0.757200 -0.043400
vt 0.753000 -0.061300
vt 0.749200 -0.058300
vt -1.833100 -0.043400
vt -1.845600 -0.058300
vt -1.847800 -0.054900
vt 1.829200 0.022100
vt 1.845100 0.029400
vt 1.846300 0.024700
vt 1.829200 0.022100
vt 1.846300 0.024700
vt 1.847700 0.020400
vt 1.829200 0.022100
vt 1.847700 0.020400
vt 1.847700 0.016100
vt 1.829200 0.022100
vt 1.847700 0.016100
vt 1.848000 0.012700
vt 1.829200 0.022100
vt 1.848000 0.012700
vt 1.847000 0.010000
vt 0.670500 -1.829200
vt 0.675500 -1.847000
vt 0.671200 -1.846100
vt 0.670500 -1.829200
vt 0.671200 -1.846100
vt 0.666400 -1.844100
vt 0.670500 -1.829200
vt 0.666400 -1.844100
vt 0.661500 -1.842200
vt 0.670500 -1.829200
vt 0.661500 -1.842200
vt 0.657500 -1.840000
vt 0.670500 0.022100
vt 0.657500 0.009600
vt 0.654000 0.012400
vt 0.670500 0.022100
vt 0.654000 0.012400
vt 0.651200 0.016000
vt 0.670500 0.022100
vt 0.651200 0.016000
vt 0.649500 0.020300
vt 0.670500 0.022100
vt 0.649500 0.020300
vt 0.648700 0.024900
vt 0.670500 0.022100
vt 0.648700 0.024900
vt 0.649300 0.029500
vt 0.670500 0.022100
vt 0.649300 0.029500
vt 0.651000 0.033700
vt 0.670500 0.022100
vt 0.651000 0.033700
vt 0.653700 0.037300
vt 0.670500 0.022100
vt 0.653700 0.037300
vt 0.657700 0.040200
vt 0.670500 0.022100
vt 0.657700 0.040200
vt 0.661800 0.041800
vt 0.670500 0.022100
vt 0.661800 0.041800
vt 0.666700 0.042300
vt 0.670500 0.022100
vt 0.666700 0.042300
vt 0.671100 0.041700
vt 0.670500 0.022100
vt 0.671100 0.041700
vt 0.675400 0.040100
vt 1.829200 0.022100
vt 1.842900 0.033700
vt 1.845100 0.029400
vt 0.670500 0.022100
vt 0.675400 0.040100
vt 0.678800 0.037200
vt 1.829200 0.022100
vt 1.841100 0.037200
vt 1.842900 0.033700
vt -0.650100 -0.045200
vt -0.671500 -0.046700
vt -0.651800 -0.040800
vt -0.649500 -0.049600
vt -0.671500 -0.046700
vt -0.650100 -0.045200
vt -0.651800 -0.040800
vt -0.671500 -0.046700
vt -0.654700 -0.037300
vt -0.650100 -0.054100
vt -0.671500 -0.046700
vt -0.649500 -0.049600
vt -0.654700 -0.037300
vt -0.671500 -0.046700
vt -0.658200 -0.034400
vt -0.651800 -0.058400
vt -0.671500 -0.046700
vt -0.650100 -0.054100
vt -0.658200 1.842600
vt -0.671500 1.832100
vt -0.662600 1.845000
vt -0.654600 -0.061900
vt -0.671500 -0.046700
vt -0.651800 -0.058400
vt -0.662600 1.845000
vt -0.671500 1.832100
vt -0.667100 1.847200
vt -0.658400 -0.064900
vt -0.671500 -0.046700
vt -0.654600 -0.061900
vt -0.667100 1.847200
vt -0.671500 1.832100
vt -0.671700 1.849000
vt -0.662600 -0.066600
vt -0.671500 -0.046700
vt -0.658400 -0.064900
vt -0.671700 1.849000
vt -0.671500 1.832100
vt -0.676000 1.850400
vt -0.667200 -0.067200
vt -0.671500 -0.046700
vt -0.662600 -0.066600
vt -0.676000 1.850400
vt -0.671500 1.832100
vt -0.679600 1.851100
vt -0.671700 -0.066500
vt -0.671500 -0.046700
vt -0.667200 -0.067200
vt -1.851100 -0.037300
vt -1.832100 -0.046700
vt -1.851400 -0.040800
vt -0.676000 -0.064900
vt -0.671500 -0.046700
vt -0.671700 -0.066500
vt -1.851400 -0.040800
vt -1.832100 -0.046700
vt -1.850800 -0.045100
vt -0.679500 -0.062200
vt -0.671500 -0.046700
vt -0.676000 -0.064900
vt -1.850800 -0.045100
vt -1.832100 -0.046700
vt -1.849800 -0.049700
vt -1.846200 -0.058500
vt -1.832100 -0.046700
vt -1.843900 -0.062200
vt -1.849800 -0.049700
vt -1.832100 -0.046700
vt -1.848200 -0.054100
vt -1.848200 -0.054100
vt -1.832100 -0.046700
vt -1.846200 -0.058500
vt -0.779300 0.024300
vt -0.758200 0.025900
vt -0.777600 0.019900
vt -0.780100 0.028700
vt -0.758200 0.025900
vt -0.779300 0.024300
vt -0.777600 0.019900
vt -0.758200 0.025900
vt -0.774600 0.016500
vt -0.779400 0.033300
vt -0.758200 0.025900
vt -0.780100 0.028700
vt -0.774600 0.016500
vt -0.758200 0.025900
vt -0.771100 0.013500
vt -0.777700 0.037600
vt -0.758200 0.025900
vt -0.779400 0.033300
vt -0.771100 -1.840000
vt -0.758200 -1.829200
vt -0.766800 -1.842400
vt -0.774700 0.041100
vt -0.758200 0.025900
vt -0.777700 0.037600
vt -0.766800 -1.842400
vt -0.758200 -1.829200
vt -0.762000 -1.844400
vt -0.771200 0.044000
vt -0.758200 0.025900
vt -0.774700 0.041100
vt -0.762000 -1.844400
vt -0.758200 -1.829200
vt -0.757600 -1.846100
vt -0.766800 0.045800
vt -0.758200 0.025900
vt -0.771200 0.044000
vt -0.757600 -1.846100
vt -0.758200 -1.829200
vt -0.753400 -1.847200
vt -0.762300 0.046400
vt -0.758200 0.025900
vt -0.766800 0.045800
vt -0.753400 -1.847200
vt -0.758200 -1.829200
vt -0.750100 -1.847900
vt -0.757900 0.045800
vt -0.758200 0.025900
vt -0.762300 0.046400
vt 1.847900 0.016100
vt 1.829200 0.025900
vt 1.848100 0.019600
vt -0.753200 0.044000
vt -0.758200 0.025900
vt -0.757900 0.045800
vt 1.848100 0.019600
vt 1.829200 0.025900
vt 1.847700 0.024300
vt -0.749700 0.041200
vt -0.758200 0.025900
vt -0.753200 0.044000
vt 1.847700 0.024300
vt 1.829200 0.025900
vt 1.846600 0.028700
vt 1.843200 0.037500
vt 1.829200 0.025900
vt 1.841100 0.041200
vt 1.846600 0.028700
vt 1.829200 0.025900
vt 1.845100 0.033300
vt 1.845100 0.033300
vt 1.829200 0.025900
vt 1.843200 0.037500
vt -0.774400 -0.033700
vt -0.757200 -0.043400
vt -0.777200 -0.037200
vt -0.770700 -0.030800
vt -0.757200 -0.043400
vt -0.774400 -0.033700
vt -0.777200 -0.037200
vt -0.757200 -0.043400
vt -0.778800 -0.041500
vt -0.766400 -0.029000
vt -0.757200 -0.043400
vt -0.770700 -0.030800
vt -0.778800 -0.041500
vt -0.757200 -0.043400
vt -0.779600 -0.046000
vt -0.761900 1.847600
vt -0.757200 1.833100
vt -0.766400 1.845400
vt -0.779600 -0.046000
vt -0.757200 -0.043400
vt -0.778900 -0.050500
vt -0.757100 1.849600
vt -0.757200 1.833100
vt -0.761900 1.847600
vt -0.778900 -0.050500
vt -0.757200 -0.043400
vt -0.777200 -0.054800
vt -0.753100 1.851100
vt -0.757200 1.833100
vt -0.757100 1.849600
vt -0.777200 -0.054800
vt -0.757200 -0.043400
vt -0.774200 -0.058500
vt -0.749200 1.852000
vt -0.757200 1.833100
vt -0.753100 1.851100
vt -0.774200 -0.058500
vt -0.757200 -0.043400
vt -0.770600 -0.061300
vt 1.852400 -0.037200
vt 1.833100 -0.043400
vt 1.852000 -0.033700
vt -0.770600 -0.061300
vt -0.757200 -0.043400
vt -0.766400 -0.063100
vt 1.852000 -0.041500
vt 1.833100 -0.043400
vt 1.852400 -0.037200
vt -0.766400 -0.063100
vt -0.757200 -0.043400
vt -0.761800 -0.063600
vt 1.851200 -0.046100
vt 1.833100 -0.043400
vt 1.852000 -0.041500
vt -0.761800 -0.063600
vt -0.757200 -0.043400
vt -0.757000 -0.062900
vt 1.849700 -0.050500
vt 1.833100 -0.043400
vt 1.851200 -0.046100
vt -0.757000 -0.062900
vt -0.757200 -0.043400
vt -0.753000 -0.061300
vt 1.847800 -0.054900
vt 1.833100 -0.043400
vt 1.849700 -0.050500
vt -0.753000 -0.061300
vt -0.757200 -0.043400
vt -0.749200 -0.058300
vt 1.845600 -0.058300
vt 1.833100 -0.043400
vt 1.847800 -0.054900
vt -0.654000 0.012400
vt -0.670500 0.022100
vt -0.651200 0.016000
vt -0.657500 0.009600
vt -0.670500 0.022100
vt -0.654000 0.012400
vt -0.651200 0.016000
vt -0.670500 0.022100
vt -0.649500 0.020300
vt -0.661500 -1.842200
vt -0.670500 -1.829200
vt -0.657500 -1.840000
vt -0.649500 0.020300
vt -0.670500 0.022100
vt -0.648700 0.024900
vt -0.666400 -1.844100
vt -0.670500 -1.829200
vt -0.661500 -1.842200
vt -0.648700 0.024900
vt -0.670500 0.022100
vt -0.649300 0.029500
vt -0.671200 -1.846100
vt -0.670500 -1.829200
vt -0.666400 -1.844100
vt -0.649300 0.029500
vt -0.670500 0.022100
vt -0.651000 0.033700
vt -0.675500 -1.847000
vt -0.670500 -1.829200
vt -0.671200 -1.846100
vt -0.651000 0.033700
vt -0.670500 0.022100
vt -0.653700 0.037300
vt -1.848000 0.012700
vt -1.829200 0.022100
vt -1.847000 0.010000
vt -0.653700 0.037300
vt -0.670500 0.022100
vt -0.657700 0.040200
vt -1.847700 0.016100
vt -1.829200 0.022100
vt -1.848000 0.012700
vt -0.657700 0.040200
vt -0.670500 0.022100
vt -0.661800 0.041800
vt -1.847700 0.020500
vt -1.829200 0.022100
vt -1.847700 0.016100
vt -0.661800 0.041800
vt -0.670500 0.022100
vt -0.666700 0.042300
vt -1.846300 0.024700
vt -1.829200 0.022100
vt -1.847700 0.020500
vt -0.666700 0.042300
vt -0.670500 0.022100
vt -0.671100 0.041700
vt -1.845100 0.029400
vt -1.829200 0.022100
vt -1.846300 0.024700
vt -0.671100 0.041700
vt -0.670500 0.022100
vt -0.675400 0.040100
vt -1.842900 0.033700
vt -1.829200 0.022100
vt -1.845100 0.029400
vt -0.675400 0.040100
vt -0.670500 0.022100
vt -0.678800 0.037200
vt -1.841100 0.037200
vt -1.829200 0.022100
vt -1.842900 0.033700
vt 0.665600 -0.050700
vt 0.682500 -0.058500
vt 0.679500 -0.062200
vt 0.665600 -0.050700
vt 0.679500 -0.062200
vt 0.676000 -0.064900
vt 0.665600 -0.050700
vt 0.676000 -0.064900
vt 0.671700 -0.066500
vt 0.665600 -0.050700
vt 0.671700 -0.066500
vt 0.667200 -0.067200
vt 0.665600 -0.050700
vt 0.667200 -0.067200
vt 0.662600 -0.066600
vt 0.665600 -0.050700
vt 0.662600 -0.066600
vt 0.658400 -0.064900
vt 0.665600 -0.050700
vt 0.658400 -0.064900
vt 0.654600 -0.061900
vt 0.665600 -0.050700
vt 0.654600 -0.061900
vt 0.651800 -0.058400
vt 0.665600 -0.050700
vt 0.651800 -0.058400
vt 0.650100 -0.054100
vt 0.665600 -0.050700
vt 0.650100 -0.054100
vt 0.649500 -0.049600
vt 0.665600 -0.050700
vt 0.649500 -0.049600
vt 0.650100 -0.045200
vt 0.665600 -0.050700
vt 0.650100 -0.045200
vt 0.651800 -0.040800
vt 0.665600 -0.050700
vt 0.651800 -0.040800
vt 0.654700 -0.037300
vt 0.665600 -0.050700
vt 0.654700 -0.037300
vt 0.658200 -0.034400
vt 0.665600 -0.050700
vt 0.658200 -0.034400
vt 0.662600 -0.032600
vt 0.665600 -0.050700
vt 0.662600 -0.032600
vt 0.667100 -0.032000
vt 0.665600 -0.050700
vt 0.667100 -0.032000
vt 0.671700 -0.032600
vt 0.665600 -0.050700
vt 0.671700 -0.032600
vt 0.676000 -0.034400
vt 0.665600 -0.050700
vt 0.676000 -0.034400
vt 0.679600 -0.037300
vt 0.665600 -0.050700
vt 0.679600 -0.037300
vt 0.682500 -0.040800
vt 0.665600 -0.050700
vt 0.682500 -0.040800
vt 0.684100 -0.045100
vt 0.665600 -0.050700
vt 0.684300 -0.054100
vt 0.682500 -0.058500
vt 0.665600 -0.050700
vt 0.684100 -0.045100
vt 0.684900 -0.049700
vt 0.665600 -0.050700
vt 0.684900 -0.049700
vt 0.684300 -0.054100
vt 0.763400 -0.046900
vt 0.746500 -0.054900
vt 0.744700 -0.050500
vt 0.763400 -0.046900
vt 0.744700 -0.050500
vt 0.744100 -0.046100
vt 0.763400 -0.046900
vt 0.744100 -0.046100
vt 0.744700 -0.041500
vt 0.763400 -0.046900
vt 0.744700 -0.041500
vt 0.746500 -0.037200
vt 0.763400 -0.046900
vt 0.746500 -0.037200
vt 0.749200 -0.033700
vt 0.763400 -0.046900
vt 0.749200 -0.033700
vt 0.753100 -0.030700
vt 0.763400 -0.046900
vt 0.753100 -0.030700
vt 0.757100 -0.029100
vt 0.763400 -0.046900
vt 0.757100 -0.029100
vt 0.761900 -0.028400
vt 0.763400 -0.046900
vt 0.761900 -0.028400
vt 0.766400 -0.029000
vt 0.763400 -0.046900
vt 0.766400 -0.029000
vt 0.770700 -0.030800
vt 0.763400 -0.046900
vt 0.770700 -0.030800
vt 0.774400 -0.033700
vt 0.763400 -0.046900
vt 0.774400 -0.033700
vt 0.777200 -0.037200
vt 0.763400 -0.046900
vt 0.777200 -0.037200
vt 0.778800 -0.041500
vt 0.763400 -0.046900
vt 0.778800 -0.041500
vt 0.779600 -0.046000
vt 0.763400 -0.046900
vt 0.779600 -0.046000
vt 0.778900 -0.050500
vt 0.763400 -0.046900
vt 0.778900 -0.050500
vt 0.777200 -0.054800
vt 0.763400 -0.046900
vt 0.777200 -0.054800
vt 0.774200 -0.058500
vt 0.763400 -0.046900
vt 0.774200 -0.058500
vt 0.770600 -0.061300
vt 0.763400 -0.046900
vt 0.770600 -0.061300
vt 0.766400 -0.063100
vt 0.763400 -0.046900
vt 0.766400 -0.063100
vt 0.761800 -0.063600
vt 0.763400 -0.046900
vt 0.761800 -0.063600
vt 0.757000 -0.062900
vt 0.763400 -0.046900
vt 0.749200 -0.058300
vt 0.746500 -0.054900
vt 0.763400 -0.046900
vt 0.757000 -0.062900
vt 0.753000 -0.061300
vt 0.763400 -0.046900
vt 0.753000 -0.061300
vt 0.749200 -0.058300
vt 0.763700 0.029800
vt 0.745300 0.033300
vt 0.746900 0.037500
vt 0.763700 0.029800
vt 0.746900 0.037500
vt 0.749700 0.041200
vt 0.763700 0.029800
vt 0.749700 0.041200
vt 0.753200 0.044000
vt 0.763700 0.029800
vt 0.753200 0.044000
vt 0.757900 0.045800
vt 0.763700 0.029800
vt 0.757900 0.045800
vt 0.762300 0.046400
vt 0.763700 0.029800
vt 0.762300 0.046400
vt 0.766800 0.045800
vt 0.763700 0.029800
vt 0.766800 0.045800
vt 0.771200 0.044000
vt 0.763700 0.029800
vt 0.771200 0.044000
vt 0.774700 0.041100
vt 0.763700 0.029800
vt 0.774700 0.041100
vt 0.777700 0.037600
vt 0.763700 0.029800
vt 0.777700 0.037600
vt 0.779400 0.033300
vt 0.763700 0.029800
vt 0.779400 0.033300
vt 0.780100 0.028700
vt 0.763700 0.029800
vt 0.780100 0.028700
vt 0.779300 0.024300
vt 0.763700 0.029800
vt 0.779300 0.024300
vt 0.777600 0.019900
vt 0.763700 0.029800
vt 0.777600 0.019900
vt 0.774600 0.016500
vt 0.763700 0.029800
vt 0.774600 0.016500
vt 0.771100 0.013500
vt 0.763700 0.029800
vt 0.771100 0.013500
vt 0.766800 0.011900
vt 0.763700 0.029800
vt 0.766800 0.011900
vt 0.762000 0.011400
vt 0.763700 0.029800
vt 0.762000 0.011400
vt 0.757600 0.012000
vt 0.763700 0.029800
vt 0.757600 0.012000
vt 0.753400 0.013500
vt 0.763700 0.029800
vt 0.753400 0.013500
vt 0.750100 0.016100
vt 0.763700 0.029800
vt 0.750100 0.016100
vt 0.747200 0.019600
vt 0.763700 0.029800
vt 0.744700 0.028700
vt 0.745300 0.033300
vt 0.763700 0.029800
vt 0.747200 0.019600
vt 0.745300 0.024300
vt 0.763700 0.029800
vt 0.745300 0.024300
vt 0.744700 0.028700
vt 0.664900 0.025900
vt 0.683300 0.029400
vt 0.683700 0.024700
vt 0.664900 0.025900
vt 0.683700 0.024700
vt 0.683300 0.020400
vt 0.664900 0.025900
vt 0.683300 0.020400
vt 0.681700 0.016100
vt 0.664900 0.025900
vt 0.681700 0.016100
vt 0.678700 0.012700
vt 0.664900 0.025900
vt 0.678700 0.012700
vt 0.675500 0.010000
vt 0.664900 0.025900
vt 0.675500 0.010000
vt 0.671200 0.008300
vt 0.664900 0.025900
vt 0.671200 0.008300
vt 0.666400 0.007600
vt 0.664900 0.025900
vt 0.666400 0.007600
vt 0.661500 0.008200
vt 0.664900 0.025900
vt 0.661500 0.008200
vt 0.657500 0.009600
vt 0.664900 0.025900
vt 0.657500 0.009600
vt 0.654000 0.012400
vt 0.664900 0.025900
vt 0.654000 0.012400
vt 0.651200 0.016000
vt 0.664900 0.025900
vt 0.651200 0.016000
vt 0.649500 0.020300
vt 0.664900 0.025900
vt 0.649500 0.020300
vt 0.648700 0.024900
vt 0.664900 0.025900
vt 0.648700 0.024900
vt 0.649300 0.029500
vt 0.664900 0.025900
vt 0.649300 0.029500
vt 0.651000 0.033700
vt 0.664900 0.025900
vt 0.651000 0.033700
vt 0.653700 0.037300
vt 0.664900 0.025900
vt 0.653700 0.037300
vt 0.657700 0.040200
vt 0.664900 0.025900
vt 0.657700 0.040200
vt 0.661800 0.041800
vt 0.664900 0.025900
vt 0.661800 0.041800
vt 0.666700 0.042300
vt 0.664900 0.025900
vt 0.666700 0.042300
vt 0.671100 0.041700
vt 0.664900 0.025900
vt 0.671100 0.041700
vt 0.675400 0.040100
vt 0.664900 0.025900
vt 0.681400 0.033700
vt 0.683300 0.029400
vt 0.664900 0.025900
vt 0.675400 0.040100
vt 0.678800 0.037200
vt 0.664900 0.025900
vt 0.678800 0.037200
vt 0.681400 0.033700
vt -0.649500 -0.049600
vt -0.665600 -0.050700
vt -0.650100 -0.045200
vt -0.650100 -0.054100
vt -0.665600 -0.050700
vt -0.649500 -0.049600
vt -0.650100 -0.045200
vt -0.665600 -0.050700
vt -0.651800 -0.040800
vt -0.651800 -0.058400
vt -0.665600 -0.050700
vt -0.650100 -0.054100
vt -0.651800 -0.040800
vt -0.665600 -0.050700
vt -0.654700 -0.037300
vt -0.654600 -0.061900
vt -0.665600 -0.050700
vt -0.651800 -0.058400
vt -0.654700 -0.037300
vt -0.665600 -0.050700
vt -0.658200 -0.034400
vt -0.658400 -0.064900
vt -0.665600 -0.050700
vt -0.654600 -0.061900
vt -0.658200 -0.034400
vt -0.665600 -0.050700
vt -0.662600 -0.032600
vt -0.662600 -0.066600
vt -0.665600 -0.050700
vt -0.658400 -0.064900
vt -0.662600 -0.032600
vt -0.665600 -0.050700
vt -0.667100 -0.032000
vt -0.667200 -0.067200
vt -0.665600 -0.050700
vt -0.662600 -0.066600
vt -0.667100 -0.032000
vt -0.665600 -0.050700
vt -0.671700 -0.032600
vt -0.671700 -0.066500
vt -0.665600 -0.050700
vt -0.667200 -0.067200
vt -0.671700 -0.032600
vt -0.665600 -0.050700
vt -0.676000 -0.034400
vt -0.676000 -0.064900
vt -0.665600 -0.050700
vt -0.671700 -0.066500
vt -0.676000 -0.034400
vt -0.665600 -0.050700
vt -0.679600 -0.037300
vt -0.679500 -0.062200
vt -0.665600 -0.050700
vt -0.676000 -0.064900
vt -0.679600 -0.037300
vt -0.665600 -0.050700
vt -0.682500 -0.040800
vt -0.682500 -0.058500
vt -0.665600 -0.050700
vt -0.679500 -0.062200
vt -0.682500 -0.040800
vt -0.665600 -0.050700
vt -0.684100 -0.045100
vt -0.684300 -0.054100
vt -0.665600 -0.050700
vt -0.682500 -0.058500
vt -0.684100 -0.045100
vt -0.665600 -0.050700
vt -0.684900 -0.049700
vt -0.684900 -0.049700
vt -0.665600 -0.050700
vt -0.684300 -0.054100
vt -0.770700 -0.030800
vt -0.763400 -0.046900
vt -0.774400 -0.033700
vt -0.766400 -0.029000
vt -0.763400 -0.046900
vt -0.770700 -0.030800
vt -0.774400 -0.033700
vt -0.763400 -0.046900
vt -0.777200 -0.037200
vt -0.761900 -0.028400
vt -0.763400 -0.046900
vt -0.766400 -0.029000
vt -0.777200 -0.037200
vt -0.763400 -0.046900
vt -0.778800 -0.041500
vt -0.757100 -0.029100
vt -0.763400 -0.046900
vt -0.761900 -0.028400
vt -0.778800 -0.041500
vt -0.763400 -0.046900
vt -0.779600 -0.046000
vt -0.753100 -0.030700
vt -0.763400 -0.046900
vt -0.757100 -0.029100
vt -0.779600 -0.046000
vt -0.763400 -0.046900
vt -0.778900 -0.050500
vt -0.749200 -0.033700
vt -0.763400 -0.046900
vt -0.753100 -0.030700
vt -0.778900 -0.050500
vt -0.763400 -0.046900
vt -0.777200 -0.054800
vt -0.746500 -0.037200
vt -0.763400 -0.046900
vt -0.749200 -0.033700
vt -0.777200 -0.054800
vt -0.763400 -0.046900
vt -0.774200 -0.058500
vt -0.744700 -0.041500
vt -0.763400 -0.046900
vt -0.746500 -0.037200
vt -0.774200 -0.058500
vt -0.763400 -0.046900
vt -0.770600 -0.061300
vt -0.744100 -0.046100
vt -0.763400 -0.046900
vt -0.744700 -0.041500
vt -0.770600 -0.061300
vt -0.763400 -0.046900
vt -0.766400 -0.063100
vt -0.744700 -0.050500
vt -0.763400 -0.046900
vt -0.744100 -0.046100
vt -0.766400 -0.063100
vt -0.763400 -0.046900
vt -0.761800 -0.063600
vt -0.746500 -0.054900
vt -0.763400 -0.046900
vt -0.744700 -0.050500
vt -0.761800 -0.063600
vt -0.763400 -0.046900
vt -0.757000 -0.062900
vt -0.749200 -0.058300
vt -0.763400 -0.046900
vt -0.746500 -0.054900
vt -0.757000 -0.062900
vt -0.763400 -0.046900
vt -0.753000 -0.061300
vt -0.753000 -0.061300
vt -0.763400 -0.046900
vt -0.749200 -0.058300
vt -0.779400 0.033300
vt -0.763700 0.029800
vt -0.780100 0.028700
vt -0.777700 0.037600
vt -0.763700 0.029800
vt -0.779400 0.033300
vt -0.780100 0.028700
vt -0.763700 0.029800
vt -0.779300 0.024300
vt -0.774700 0.041100
vt -0.763700 0.029800
vt -0.777700 0.037600
vt -0.779300 0.024300
vt -0.763700 0.029800
vt -0.777600 0.019900
vt -0.771200 0.044000
vt -0.763700 0.029800
vt -0.774700 0.041100
vt -0.777600 0.019900
vt -0.763700 0.029800
vt -0.774600 0.016500
vt -0.766800 0.045800
vt -0.763700 0.029800
vt -0.771200 0.044000
vt -0.774600 0.016500
vt -0.763700 0.029800
vt -0.771100 0.013500
vt -0.762300 0.046400
vt -0.763700 0.029800
vt -0.766800 0.045800
vt -0.771100 0.013500
vt -0.763700 0.029800
vt -0.766800 0.011900
vt -0.757900 0.045800
vt -0.763700 0.029800
vt -0.762300 0.046400
vt -0.766800 0.011900
vt -0.763700 0.029800
vt -0.762000 0.011400
vt -0.753200 0.044000
vt -0.763700 0.029800
vt -0.757900 0.045800
vt -0.762000 0.011400
vt -0.763700 0.029800
vt -0.757600 0.012000
vt -0.749700 0.041200
vt -0.763700 0.029800
vt -0.753200 0.044000
vt -0.757600 0.012000
vt -0.763700 0.029800
vt -0.753400 0.013500
vt -0.746900 0.037500
vt -0.763700 0.029800
vt -0.749700 0.041200
vt -0.753400 0.013500
vt -0.763700 0.029800
vt -0.750100 0.016100
vt -0.745300 0.033300
vt -0.763700 0.029800
vt -0.746900 0.037500
vt -0.750100 0.016100
vt -0.763700 0.029800
vt -0.747200 0.019600
vt -0.744700 0.028700
vt -0.763700 0.029800
vt -0.745300 0.033300
vt -0.747200 0.019600
vt -0.763700 0.029800
vt -0.745300 0.024300
vt -0.745300 0.024300
vt -0.763700 0.029800
vt -0.744700 0.028700
vt -0.654000 0.012400
vt -0.664900 0.025900
vt -0.651200 0.016000
vt -0.657500 0.009600
vt -0.664900 0.025900
vt -0.654000 0.012400
vt -0.651200 0.016000
vt -0.664900 0.025900
vt -0.649500 0.020300
vt -0.661500 0.008200
vt -0.664900 0.025900
vt -0.657500 0.009600
vt -0.649500 0.020300
vt -0.664900 0.025900
vt -0.648700 0.024900
vt -0.666400 0.007600
vt -0.664900 0.025900
vt -0.661500 0.008200
vt -0.648700 0.024900
vt -0.664900 0.025900
vt -0.649300 0.029500
vt -0.671200 0.008300
vt -0.664900 0.025900
vt -0.666400 0.007600
vt -0.649300 0.029500
vt -0.664900 0.025900
vt -0.651000 0.033700
vt -0.675500 0.010000
vt -0.664900 0.025900
vt -0.671200 0.008300
vt -0.651000 0.033700
vt -0.664900 0.025900
vt -0.653700 0.037300
vt -0.678700 0.012700
vt -0.664900 0.025900
vt -0.675500 0.010000
vt -0.653700 0.037300
vt -0.664900 0.025900
vt -0.657700 0.040200
vt -0.681700 0.016100
vt -0.664900 0.025900
vt -0.678700 0.012700
vt -0.657700 0.040200
vt -0.664900 0.025900
vt -0.661800 0.041800
vt -0.683300 0.020500
vt -0.664900 0.025900
vt -0.681700 0.016100
vt -0.661800 0.041800
vt -0.664900 0.025900
vt -0.666700 0.042300
vt -0.683700 0.024700
vt -0.664900 0.025900
vt -0.683300 0.020500
vt -0.666700 0.042300
vt -0.664900 0.025900
vt -0.671100 0.041700
vt -0.683300 0.029400
vt -0.664900 0.025900
vt -0.683700 0.024700
vt -0.671100 0.041700
vt -0.664900 0.025900
vt -0.675400 0.040100
vt -0.681400 0.033700
vt -0.664900 0.025900
vt -0.683300 0.029400
vt -0.675400 0.040100
vt -0.664900 0.025900
vt -0.678800 0.037200
vt -0.678800 0.037200
vt -0.664900 0.025900
vt -0.681400 0.033700
f 1/1/1 3/3/3 2/2/2
f 4/4/4 6/6/6 5/5/5
f 7/7/7 9/9/9 8/8/8
f 10/10/10 12/12/12 11/11/11
f 13/13/13 15/15/15 14/14/14
f 16/16/16 18/18/18 17/17/17
f 19/19/19 21/21/21 20/20/20
f 22/22/22 24/24/24 23/23/23
f 25/25/25 27/27/27 26/26/26
f 28/28/28 30/30/30 29/29/29
f 31/31/31 33/33/33 32/32/32
f 34/34/34 36/36/36 35/35/35
f 37/37/37 39/39/39 38/38/38
f 40/40/40 42/42/42 41/41/41
f 43/43/43 45/45/45 44/44/44
f 46/46/46 48/48/48 47/47/47
f 49/49/49 51/51/51 50/50/50
f 52/52/52 54/54/54 53/53/53
f 55/55/55 57/57/57 56/56/56
f 58/58/58 60/60/60 59/59/59
f 61/61/61 63/63/63 62/62/62
f 64/64/64 66/66/66 65/65/65
f 67/67/67 69/69/69 68/68/68
f 70/70/70 72/72/72 71/71/71
f 73/73/73 75/75/75 74/74/74
f 76/76/76 78/78/78 77/77/77
f 79/79/79 81/81/81 80/80/80
f 82/82/82 84/84/84 83/83/83
f 85/85/85 87/87/87 86/86/86
f 88/88/88 90/90/90 89/89/89
f 91/91/91 93/93/93 92/92/92
f 94/94/94 96/96/96 95/95/95
f 97/97/97 99/99/99 98/98/98
f 100/100/100 102/102/102 101/101/101
f 103/103/103 105/105/105 104/104/104
f 106/106/106 108/108/108 107/107/107
f 109/109/109 111/111/111 110/110/110
f 112/112/112 114/114/114 113/113/113
f 115/115/115 117/117/117 116/116/116
f 118/118/118 120/120/120 119/119/119
f 121/121/121 123/123/123 122/122/122
f 124/124/124 126/126/126 125/125/125
f 127/127/127 129/129/129 128/128/128
f 130/130/130 132/132/132 131/131/131
f 133/133/133 135/135/135 134/134/134
f 136/136/136 138/138/138 137/137/137
f 139/139/139 141/141/141 140/140/140
f 142/142/142 144/144/144 143/143/143
f 145/145/145 147/147/147 146/146/146
f 148/148/148 150/150/150 149/149/149
f 151/151/151 153/153/153 152/152/152
f 154/154/154 156/156/156 155/155/155
f 157/157/157 159/159/159 158/158/158
f 160/160/160 162/162/162 161/161/161
f 163/163/163 165/165/165 164/164/164
f 166/166/166 168/168/168 167/167/167
f 169/169/169 171/171/171 170/170/170
f 172/172/172 174/174/174 173/173/173
f 175/175/175 177/177/177 176/176/176
f 178/178/178 180/180/180 179/179/179
f 181/181/181 183/183/183 182/182/182
f 184/184/184 186/186/186 185/185/185
f 187/187/187 189/189/189 188/188/188
f 190/190/190 192/192/192 191/191/191
f 193/193/193 195/195/195 194/194/194
f 196/196/196 198/198/198 197/197/197
f 199/199/199 201/201/201 200/200/200
f 202/202/202 204/204/204 203/203/203
f 205/205/205 207/207/207 206/206/206
f 208/208/208 210/210/210 209/209/209
f 211/211/211 213/213/213 212/212/212
f 214/214/214 216/216/216 215/215/215
f 217/217/217 219/219/219 218/218/218
f 220/220/220 222/222/222 221/221/221
f 223/223/223 225/225/225 224/224/224
f 226/226/226 228/228/228 227/227/227
f 229/229/229 231/231/231 230/230/230
f 232/232/232 234/234/234 233/233/233
f 235/235/235 237/237/237 236/236/236
f 238/238/238 240/240/240 239/239/239
f 241/241/241 243/243/243 242/242/242
f 244/244/244 246/246/246 245/245/245
f 247/247/247 249/249/249 248/248/248
f 250/250/250 252/252/252 251/251/251
f 253/253/253 255/255/255 254/254/254
f 256/256/256 258/258/258 257/257/257
f 259/259/259 261/261/261 260/260/260
f 262/262/262 264/264/264 263/263/263
f 265/265/265 267/267/267 266/266/266
f 268/268/268 270/270/270 269/269/269
f 271/271/271 273/273/273 272/272/272
f 274/274/274 276/276/276 275/275/275
f 277/277/277 279/279/279 278/278/278
f 280/280/280 282/282/282 281/281/281
f 283/283/283 285/285/285 284/284/284
f 286/286/286 288/288/288 287/287/287
f 289/289/289 291/291/291 290/290/290
f 292/292/292 294/294/294 293/293/293
f 295/295/295 297/297/297 296/296/296
f 298/298/298 300/300/300 299/299/299
f 301/301/301 303/303/303 302/302/302
f 304/304/304 306/306/306 305/305/305
f 307/307/307 309/309/309 308/308/308
f 310/310/310 312/312/312 311/311/311
f 313/313/313 315/315/315 314/314/314
f 316/316/316 318/318/318 317/317/317
f 319/319/319 321/321/321 320/320/320
f 322/322/322 324/324/324 323/323/323
f 325/325/325 327/327/327 326/326/326
f 328/328/328 330/330/330 329/329/329
f 331/331/331 333/333/333 332/332/332
f 334/334/334 336/336/336 335/335/335
f 337/337/337 339/339/339 338/338/338
f 340/340/340 342/342/342 341/341/341
f 343/343/343 345/345/345 344/344/344
f 346/346/346 348/348/348 347/347/347
f 349/349/349 351/351/351 350/350/350
f 352/352/352 354/354/354 353/353/353
f 355/355/355 357/357/357 356/356/356
f 358/358/358 360/360/360 359/359/359
f 361/361/361 363/363/363 362/362/362
f 364/364/364 366/366/366 365/365/365
f 367/367/367 369/369/369 368/368/368
f 370/370/370 372/372/372 371/371/371
f 373/373/373 375/375/375 374/374/374
f 376/376/376 378/378/378 377/377/377
f 379/379/379 381/381/381 380/380/380
f 382/382/382 384/384/384 383/383/383
f 385/385/385 387/387/387 386/386/386
f 388/388/388 390/390/390 389/389/389
f 391/391/391 393/393/393 392/392/392
f 394/394/394 396/396/396 395/395/395
f 397/397/397 399/399/399 398/398/398
f 400/400/400 402/402/402 401/401/401
f 403/403/403 405/405/405 404/404/404
f 406/406/406 408/408/408 407/407/407
f 409/409/409 411/411/411 410/410/410
f 412/412/412 414/414/414 413/413/413
f 415/415/415 417/417/417 416/416/416
f 418/418/418 420/420/420 419/419/419
f 421/421/421 423/423/423 422/422/422
f 424/424/424 426/426/426 425/425/425
f 427/427/427 429/429/429 428/428/428
f 430/430/430 432/432/432 431/431/431
f 433/433/433 435/435/435 434/434/434
f 436/436/436 438/438/438 437/437/437
f 439/439/439 441/441/441 440/440/440
f 442/442/442 444/444/444 443/443/443
f 445/445/445 447/447/447 446/446/446
f 448/448/448 450/450/450 449/449/449
f 451/451/451 453/453/453 452/452/452
f 454/454/454 456/456/456 455/455/455
f 457/457/457 459/459/459 458/458/458
f 460/460/460 462/462/462 461/461/461
f 463/463/463 465/465/465 464/464/464
f 466/466/466 468/468/468 467/467/467
f 469/469/469 471/471/471 470/470/470
f 472/472/472 474/474/474 473/473/473
f 475/475/475 477/477/477 476/476/476
f 478/478/478 480/480/480 479/479/479
f 481/481/481 483/483/483 482/482/482
f 484/484/484 486/486/486 485/485/485
f 487/487/487 489/489/489 488/488/488
f 490/490/490 492/492/492 491/491/491
f 493/493/493 495/495/495 494/494/494
f 496/496/496 498/498/498 497/497/497
f 499/499/499 501/501/501 500/500/500
f 502/502/502 504/504/504 503/503/503
f 505/505/505 507/507/507 506/506/506
f 508/508/508 510/510/510 509/509/509
f 511/511/511 513/513/513 512/512/512
f 514/514/514 516/516/516 515/515/515
f 517/517/517 519/519/519 518/518/518
f 520/520/520 522/522/522 521/521/521
f 523/523/523 525/525/525 524/524/524
f 526/526/526 528/528/528 527/527/527
f 529/529/529 531/531/531 530/530/530
f 532/532/532 534/534/534 533/533/533
f 535/535/535 537/537/537 536/536/536
f 538/538/538 540/540/540 539/539/539
f 541/541/541 543/543/543 542/542/542
f 544/544/544 546/546/546 545/545/545
f 547/547/547 549/549/549 548/548/548
f 550/550/550 552/552/552 551/551/551
f 553/553/553 555/555/555 554/554/554
f 556/556/556 558/558/558 557/557/557
f 559/559/559 561/561/561 560/560/560
f 562/562/562 564/564/564 563/563/563
f 565/565/565 567/567/567 566/566/566
f 568/568/568 570/570/570 569/569/569
f 571/571/571 573/573/573 572/572/572
f 574/574/574 576/576/576 575/575/575
f 577/577/577 579/579/579 578/578/578
f 580/580/580 582/582/582 581/581/581
f 583/583/583 585/585/585 584/584/584
f 586/586/586 588/588/588 587/587/587
f 589/589/589 591/591/591 590/590/590
f 592/592/592 594/594/594 593/593/593
f 595/595/595 597/597/597 596/596/596
f 598/598/598 600/600/600 599/599/599
f 601/601/601 603/603/603 602/602/602
f 604/604/604 606/606/606 605/605/605
f 607/607/607 609/609/609 608/608/608
f 610/610/610 612/612/612 611/611/611
f 613/613/613 615/615/615 614/614/614
f 616/616/616 618/618/618 617/617/617
f 619/619/619 621/621/621 620/620/620
f 622/622/622 624/624/624 623/623/623
f 625/625/625 627/627/627 626/626/626
f 628/628/628 630/630/630 629/629/629
f 631/631/631 633/633/633 632/632/632
f 634/634/634 636/636/636 635/635/635
f 637/637/637 639/639/639 638/638/638
f 640/640/640 642/642/642 641/641/641
f 643/643/643 645/645/645 644/644/644
f 646/646/646 648/648/648 647/647/647
f 649/649/649 651/651/651 650/650/650
f 652/652/652 654/654/654 653/653/653
f 655/655/655 657/657/657 656/656/656
f 658/658/658 660/660/660 659/659/659
f 661/661/661 663/663/663 662/662/662
f 664/664/664 666/666/666 665/665/665
f 667/667/667 669/669/669 668/668/668
f 670/670/670 672/672/672 671/671/671
f 673/673/673 675/675/675 674/674/674
f 676/676/676 678/678/678 677/677/677
f 679/679/679 681/681/681 680/680/680
f 682/682/682 684/684/684 683/683/683
f 685/685/685 687/687/687 686/686/686
f 688/688/688 690/690/690 689/689/689
f 691/691/691 693/693/693 692/692/692
f 694/694/694 696/696/696 695/695/695
f 697/697/697 699/699/699 698/698/698
f 700/700/700 702/702/702 701/701/701
f 703/703/703 705/705/705 704/704/704
f 706/706/706 708/708/708 707/707/707
f 709/709/709 711/711/711 710/710/710
f 712/712/712 714/714/714 713/713/713
f 715/715/715 717/717/717 716/716/716
f 718/718/718 720/720/720 719/719/719
f 721/721/721 723/723/723 722/722/722
f 724/724/724 726/726/726 725/725/725
f 727/727/727 729/729/729 728/728/728
f 730/730/730 732/732/732 731/731/731
f 733/733/733 735/735/735 734/734/734
f 736/736/736 738/738/738 737/737/737
f 739/739/739 741/741/741 740/740/740
f 742/742/742 744/744/744 743/743/743
f 745/745/745 747/747/747 746/746/746
f 748/748/748 750/750/750 749/749/749
f 751/751/751 753/753/753 752/752/752
f 754/754/754 756/756/756 755/755/755
f 757/757/757 759/759/759 758/758/758
f 760/760/760 762/762/762 761/761/761
f 763/763/763 765/765/765 764/764/764
f 766/766/766 768/768/768 767/767/767
f 769/769/769 771/771/771 770/770/770
f 772/772/772 774/774/774 773/773/773
f 775/775/775 777/777/777 776/776/776
f 778/778/778 780/780/780 779/779/779
f 781/781/781 783/783/783 782/782/782
f 784/784/784 786/786/786 785/785/785
f 787/787/787 789/789/789 788/788/788
f 790/790/790 792/792/792 791/791/791
f 793/793/793 795/795/795 794/794/794
f 796/796/796 798/798/798 797/797/797
f 799/799/799 801/801/801 800/800/800
f 802/802/802 804/804/804 803/803/803
f 805/805/805 807/807/807 806/806/806
f 808/808/808 810/810/810 809/809/809
f 811/811/811 813/813/813 812/812/812
f 814/814/814 816/816/816 815/815/815
f 817/817/817 819/819/819 818/818/818
f 820/820/820 822/822/822 821/821/821
f 823/823/823 825/825/825 824/824/824
f 826/826/826 828/828/828 827/827/827
f 829/829/829 831/831/831 830/830/830
f 832/832/832 834/834/834 833/833/833
f 835/835/835 837/837/837 836/836/836
f 838/838/838 840/840/840 839/839/839
f 841/841/841 843/843/843 842/842/842
f 844/844/844 846/846/846 845/845/845
f 847/847/847 849/849/849 848/848/848
f 850/850/850 852/852/852 851/851/851
f 853/853/853 855/855/855 854/854/854
f 856/856/856 858/858/858 857/857/857
f 859/859/859 861/861/861 860/860/860
f 862/862/862 864/864/864 863/863/863
f 865/865/865 867/867/867 866/866/866
f 868/868/868 870/870/870 869/869/869
f 871/871/871 873/873/873 872/872/872
f 874/874/874 876/876/876 875/875/875
f 877/877/877 879/879/879 878/878/878
f 880/880/880 882/882/882 881/881/881
f 883/883/883 885/885/885 884/884/884
f 886/886/886 888/888/888 887/887/887
f 889/889/889 891/891/891 890/890/890
f 892/892/892 894/894/894 893/893/893
f 895/895/895 897/897/897 896/896/896
f 898/898/898 900/900/900 899/899/899
f 901/901/901 903/903/903 902/902/902
f 904/904/904 906/906/906 905/905/905
f 907/907/907 909/909/909 908/908/908
f 910/910/910 912/912/912 911/911/911
f 913/913/913 915/915/915 914/914/914
f 916/916/916 918/918/918 917/917/917
f 919/919/919 921/921/921 920/920/920
f 922/922/922 924/924/924 923/923/923
f 925/925/925 927/927/927 926/926/926
f 928/928/928 930/930/930 929/929/929
f 931/931/931 933/933/933 932/932/932
f 934/934/934 936/936/936 935/935/935
f 937/937/937 939/939/939 938/938/938
f 940/940/940 942/942/942 941/941/941
f 943/943/943 945/945/945 944/944/944
f 946/946/946 948/948/948 947/947/947
f 949/949/949 951/951/951 950/950/950
f 952/952/952 954/954/954 953/953/953
f 955/955/955 957/957/957 956/956/956
f 958/958/958 960/960/960 959/959/959
f 961/961/961 963/963/963 962/962/962
f 964/964/964 966/966/966 965/965/965
f 967/967/967 969/969/969 968/968/968
f 970/970/970 972/972/972 971/971/971
f 973/973/973 975/975/975 974/974/974
f 976/976/976 978/978/978 977/977/977
f 979/979/979 981/981/981 980/980/980
f 982/982/982 984/984/984 983/983/983
f 985/985/985 987/987/987 986/986/986
f 988/988/988 990/990/990 989/989/989
f 991/991/991 993/993/993 992/992/992
f 994/994/994 996/996/996 995/995/995
f 997/997/997 999/999/999 998/998/998
f 1000/1000/1000 1002/1002/1002 1001/1001/1001
f 1003/1003/1003 1005/1005/1005 1004/1004/1004
f 1006/1006/1006 1008/1008/1008 1007/1007/1007
f 1009/1009/1009 1011/1011/1011 1010/1010/1010
f 1012/1012/1012 1014/1014/1014 1013/1013/1013
f 1015/1015/1015 1017/1017/1017 1016/1016/1016
f 1018/1018/1018 1020/1020/1020 1019/1019/1019
f 1021/1021/1021 1023/1023/1023 1022/1022/1022
f 1024/1024/1024 1026/1026/1026 1025/1025/1025
f 1027/1027/1027 1029/1029/1029 1028/1028/1028
f 1030/1030/1030 1032/1032/1032 1031/1031/1031
f 1033/1033/1033 1035/1035/1035 1034/1034/1034
f 1036/1036/1036 1038/1038/1038 1037/1037/1037
f 1039/1039/1039 1041/1041/1041 1040/1040/1040
f 1042/1042/1042 1044/1044/1044 1043/1043/1043
f 1045/1045/1045 1047/1047/1047 1046/1046/1046
f 1048/1048/1048 1050/1050/1050 1049/1049/1049
f 1051/1051/1051 1053/1053/1053 1052/1052/1052
f 1054/1054/1054 1056/1056/1056 1055/1055/1055
f 1057/1057/1057 1059/1059/1059 1058/1058/1058
f 1060/1060/1060 1062/1062/1062 1061/1061/1061
f 1063/1063/1063 1065/1065/1065 1064/1064/1064
f 1066/1066/1066 1068/1068/1068 1067/1067/1067
f 1069/1069/1069 1071/1071/1071 1070/1070/1070
f 1072/1072/1072 1074/1074/1074 1073/1073/1073
f 1075/1075/1075 1077/1077/1077 1076/1076/1076
f 1078/1078/1078 1080/1080/1080 1079/1079/1079
f 1081/1081/1081 1083/1083/1083 1082/1082/1082
f 1084/1084/1084 1086/1086/1086 1085/1085/1085
f 1087/1087/1087 1089/1089/1089 1088/1088/1088
f 1090/1090/1090 1092/1092/1092 1091/1091/1091
f 1093/1093/1093 1095/1095/1095 1094/1094/1094
f 1096/1096/1096 1098/1098/1098 1097/1097/1097
f 1099/1099/1099 1101/1101/1101 1100/1100/1100
f 1102/1102/1102 1104/1104/1104 1103/1103/1103
f 1105/1105/1105 1107/1107/1107 1106/1106/1106
f 1108/1108/1108 1110/1110/1110 1109/1109/1109
f 1111/1111/1111 1113/1113/1113 1112/1112/1112
f 1114/1114/1114 1116/1116/1116 1115/1115/1115
f 1117/1117/1117 1119/1119/1119 1118/1118/1118
f 1120/1120/1120 1122/1122/1122 1121/1121/1121
f 1123/1123/1123 1125/1125/1125 1124/1124/1124
f 1126/1126/1126 1128/1128/1128 1127/1127/1127
f 1129/1129/1129 1131/1131/1131 1130/1130/1130
f 1132/1132/1132 1134/1134/1134 1133/1133/1133
f 1135/1135/1135 1137/1137/1137 1136/1136/1136
f 1138/1138/1138 1140/1140/1140 1139/1139/1139
f 1141/1141/1141 1143/1143/1143 1142/1142/1142
f 1144/1144/1144 1146/1146/1146 1145/1145/1145
f 1147/1147/1147 1149/1149/1149 1148/1148/1148
f 1150/1150/1150 1152/1152/1152 1151/1151/1151
f 1153/1153/1153 1155/1155/1155 1154/1154/1154
f 1156/1156/1156 1158/1158/1158 1157/1157/1157
f 1159/1159/1159 1161/1161/1161 1160/1160/1160
f 1162/1162/1162 1164/1164/1164 1163/1163/1163
f 1165/1165/1165 1167/1167/1167 1166/1166/1166
f 1168/1168/1168 1170/1170/1170 1169/1169/1169
f 1171/1171/1171 1173/1173/1173 1172/1172/1172
f 1174/1174/1174 1176/1176/1176 1175/1175/1175
f 1177/1177/1177 1179/1179/1179 1178/1178/1178
f 1180/1180/1180 1182/1182/1182 1181/1181/1181
f 1183/1183/1183 1185/1185/1185 1184/1184/1184
f 1186/1186/1186 1188/1188/1188 1187/1187/1187
f 1189/1189/1189 1191/1191/1191 1190/1190/1190
f 1192/1192/1192 1194/1194/1194 1193/1193/1193
f 1195/1195/1195 1197/1197/1197 1196/1196/1196
f 1198/1198/1198 1200/1200/1200 1199/1199/1199
f 1201/1201/1201 1203/1203/1203 1202/1202/1202
f 1204/1204/1204 1206/1206/1206 1205/1205/1205
f 1207/1207/1207 1209/1209/1209 1208/1208/1208
f 1210/1210/1210 1212/1212/1212 1211/1211/1211
f 1213/1213/1213 1215/1215/1215 1214/1214/1214
f 1216/1216/1216 1218/1218/1218 1217/1217/1217
f 1219/1219/1219 1221/1221/1221 1220/1220/1220
f 1222/1222/1222 1224/1224/1224 1223/1223/1223
f 1225/1225/1225 1227/1227/1227 1226/1226/1226
f 1228/1228/1228 1230/1230/1230 1229/1229/1229
f 1231/1231/1231 1233/1233/1233 1232/1232/1232
f 1234/1234/1234 1236/1236/1236 1235/1235/1235
f 1237/1237/1237 1239/1239/1239 1238/1238/1238
f 1240/1240/1240 1242/1242/1242 1241/1241/1241
f 1243/1243/1243 1245/1245/1245 1244/1244/1244
f 1246/1246/1246 1248/1248/1248 1247/1247/1247
f 1249/1249/1249 1251/1251/1251 1250/1250/1250
f 1252/1252/1252 1254/1254/1254 1253/1253/1253
f 1255/1255/1255 1257/1257/1257 1256/1256/1256
f 1258/1258/1258 1260/1260/1260 1259/1259/1259
f 1261/1261/1261 1263/1263/1263 1262/1262/1262
f 1264/1264/1264 1266/1266/1266 1265/1265/1265
f 1267/1267/1267 1269/1269/1269 1268/1268/1268
f 1270/1270/1270 1272/1272/1272 1271/1271/1271
f 1273/1273/1273 1275/1275/1275 1274/1274/1274
f 1276/1276/1276 1278/1278/1278 1277/1277/1277
f 1279/1279/1279 1281/1281/1281 1280/1280/1280
f 1282/1282/1282 1284/1284/1284 1283/1283/1283
f 1285/1285/1285 1287/1287/1287 1286/1286/1286
f 1288/1288/1288 1290/1290/1290 1289/1289/1289
f 1291/1291/1291 1293/1293/1293 1292/1292/1292
f 1294/1294/1294 1296/1296/1296 1295/1295/1295
f 1297/1297/1297 1299/1299/1299 1298/1298/1298
f 1300/1300/1300 1302/1302/1302 1301/1301/1301
f 1303/1303/1303 1305/1305/1305 1304/1304/1304
f 1306/1306/1306 1308/1308/1308 1307/1307/1307
f 1309/1309/1309 1311/1311/1311 1310/1310/1310
f 1312/1312/1312 1314/1314/1314 1313/1313/1313
f 1315/1315/1315 1317/1317/1317 1316/1316/1316
f 1318/1318/1318 1320/1320/1320 1319/1319/1319
f 1321/1321/1321 1323/1323/1323 1322/1322/1322
f 1324/1324/1324 1326/1326/1326 1325/1325/1325
f 1327/1327/1327 1329/1329/1329 1328/1328/1328
f 1330/1330/1330 1332/1332/1332 1331/1331/1331
f 1333/1333/1333 1335/1335/1335 1334/1334/1334
f 1336/1336/1336 1338/1338/1338 1337/1337/1337
f 1339/1339/1339 1341/1341/1341 1340/1340/1340
f 1342/1342/1342 1344/1344/1344 1343/1343/1343
f 1345/1345/1345 1347/1347/1347 1346/1346/1346
f 1348/1348/1348 1350/1350/1350 1349/1349/1349
f 1351/1351/1351 1353/1353/1353 1352/1352/1352
f 1354/1354/1354 1356/1356/1356 1355/1355/1355
f 1357/1357/1357 1359/1359/1359 1358/1358/1358
f 1360/1360/1360 1362/1362/1362 1361/1361/1361
f 1363/1363/1363 1365/1365/1365 1364/1364/1364
f 1366/1366/1366 1368/1368/1368 1367/1367/1367
f 1369/1369/1369 1371/1371/1371 1370/1370/1370
f 1372/1372/1372 1374/1374/1374 1373/1373/1373
f 1375/1375/1375 1377/1377/1377 1376/1376/1376
f 1378/1378/1378 1380/1380/1380 1379/1379/1379
f 1381/1381/1381 1383/1383/1383 1382/1382/1382
f 1384/1384/1384 1386/1386/1386 1385/1385/1385
f 1387/1387/1387 1389/1389/1389 1388/1388/1388
f 1390/1390/1390 1392/1392/1392 1391/1391/1391
f 1393/1393/1393 1395/1395/1395 1394/1394/1394
f 1396/1396/1396 1398/1398/1398 1397/1397/1397
f 1399/1399/1399 1401/1401/1401 1400/1400/1400
f 1402/1402/1402 1404/1404/1404 1403/1403/1403
f 1405/1405/1405 1407/1407/1407 1406/1406/1406
f 1408/1408/1408 1410/1410/1410 1409/1409/1409
f 1411/1411/1411 1413/1413/1413 1412/1412/1412
f 1414/1414/1414 1416/1416/1416 1415/1415/1415
f 1417/1417/1417 1419/1419/1419 1418/1418/1418
f 1420/1420/1420 1422/1422/1422 1421/1421/1421
f 1423/1423/1423 1425/1425/1425 1424/1424/1424
f 1426/1426/1426 1428/1428/1428 1427/1427/1427
f 1429/1429/1429 1431/1431/1431 1430/1430/1430
f 1432/1432/1432 1434/1434/1434 1433/1433/1433
f 1435/1435/1435 1437/1437/1437 1436/1436/1436
f 1438/1438/1438 1440/1440/1440 1439/1439/1439
f 1441/1441/1441 1443/1443/1443 1442/1442/1442
f 1444/1444/1444 1446/1446/1446 1445/1445/1445
f 1447/1447/1447 1449/1449/1449 1448/1448/1448
f 1450/1450/1450 1452/1452/1452 1451/1451/1451
f 1453/1453/1453 1455/1455/1455 1454/1454/1454
f 1456/1456/1456 1458/1458/1458 1457/1457/1457
f 1459/1459/1459 1461/1461/1461 1460/1460/1460
f 1462/1462/1462 1464/1464/1464 1463/1463/1463
f 1465/1465/1465 1467/1467/1467 1466/1466/1466
f 1468/1468/1468 1470/1470/1470 1469/1469/1469
f 1471/1471/1471 1473/1473/1473 1472/1472/1472
f 1474/1474/1474 1476/1476/1476 1475/1475/1475
f 1477/1477/1477 1479/1479/1479 1478/1478/1478
f 1480/1480/1480 1482/1482/1482 1481/1481/1481
f 1483/1483/1483 1485/1485/1485 1484/1484/1484
f 1486/1486/1486 1488/1488/1488 1487/1487/1487
f 1489/1489/1489 1491/1491/1491 1490/1490/1490
f 1492/1492/1492 1494/1494/1494 1493/1493/1493
f 1495/1495/1495 1497/1497/1497 1496/1496/1496
f 1498/1498/1498 1500/1500/1500 1499/1499/1499
f 1501/1501/1501 1503/1503/1503 1502/1502/1502
f 1504/1504/1504 1506/1506/1506 1505/1505/1505
f 1507/1507/1507 1509/1509/1509 1508/1508/1508
f 1510/1510/1510 1512/1512/1512 1511/1511/1511
f 1513/1513/1513 1515/1515/1515 1514/1514/1514
f 1516/1516/1516 1518/1518/1518 1517/1517/1517
f 1519/1519/1519 1521/1521/1521 1520/1520/1520
f 1522/1522/1522 1524/1524/1524 1523/1523/1523
f 1525/1525/1525 1527/1527/1527 1526/1526/1526
f 1528/1528/1528 1530/1530/1530 1529/1529/1529
f 1531/1531/1531 1533/1533/1533 1532/1532/1532
f 1534/1534/1534 1536/1536/1536 1535/1535/1535
f 1537/1537/1537 1539/1539/1539 1538/1538/1538
f 1540/1540/1540 1542/1542/1542 1541/1541/1541
f 1543/1543/1543 1545/1545/1545 1544/1544/1544
f 1546/1546/1546 1548/1548/1548 1547/1547/1547
f 1549/1549/1549 1551/1551/1551 1550/1550/1550
f 1552/1552/1552 1554/1554/1554 1553/1553/1553
f 1555/1555/1555 1557/1557/1557 1556/1556/1556
f 1558/1558/1558 1560/1560/1560 1559/1559/1559
f 1561/1561/1561 1563/1563/1563 1562/1562/1562
f 1564/1564/1564 1566/1566/1566 1565/1565/1565
f 1567/1567/1567 1569/1569/1569 1568/1568/1568
f 1570/1570/1570 1572/1572/1572 1571/1571/1571
f 1573/1573/1573 1575/1575/1575 1574/1574/1574
f 1576/1576/1576 1578/1578/1578 1577/1577/1577
f 1579/1579/1579 1581/1581/1581 1580/1580/1580
f 1582/1582/1582 1584/1584/1584 1583/1583/1583
f 1585/1585/1585 1587/1587/1587 1586/1586/1586
f 1588/1588/1588 1590/1590/1590 1589/1589/1589
f 1591/1591/1591 1593/1593/1593 1592/1592/1592
f 1594/1594/1594 1596/1596/1596 1595/1595/1595
f 1597/1597/1597 1599/1599/1599 1598/1598/1598
f 1600/1600/1600 1602/1602/1602 1601/1601/1601
f 1603/1603/1603 1605/1605/1605 1604/1604/1604
f 1606/1606/1606 1608/1608/1608 1607/1607/1607
f 1609/1609/1609 1611/1611/1611 1610/1610/1610
f 1612/1612/1612 1614/1614/1614 1613/1613/1613
f 1615/1615/1615 1617/1617/1617 1616/1616/1616
f 1618/1618/1618 1620/1620/1620 1619/1619/1619
f 1621/1621/1621 1623/1623/1623 1622/1622/1622
f 1624/1624/1624 1626/1626/1626 1625/1625/1625
f 1627/1627/1627 1629/1629/1629 1628/1628/1628
f 1630/1630/1630 1632/1632/1632 1631/1631/1631
f 1633/1633/1633 1635/1635/1635 1634/1634/1634
f 1636/1636/1636 1638/1638/1638 1637/1637/1637
f 1639/1639/1639 1641/1641/1641 1640/1640/1640
f 1642/1642/1642 1644/1644/1644 1643/1643/1643
f 1645/1645/1645 1647/1647/1647 1646/1646/1646
f 1648/1648/1648 1650/1650/1650 1649/1649/1649
f 1651/1651/1651 1653/1653/1653 1652/1652/1652
f 1654/1654/1654 1656/1656/1656 1655/1655/1655
f 1657/1657/1657 1659/1659/1659 1658/1658/1658
f 1660/1660/1660 1662/1662/1662 1661/1661/1661
f 1663/1663/1663 1665/1665/1665 1664/1664/1664
f 1666/1666/1666 1668/1668/1668 1667/1667/1667
f 1669/1669/1669 1671/1671/1671 1670/1670/1670
f 1672/1672/1672 1674/1674/1674 1673/1673/1673
f 1675/1675/1675 1677/1677/1677 1676/1676/1676
f 1678/1678/1678 1680/1680/1680 1679/1679/1679
f 1681/1681/1681 1683/1683/1683 1682/1682/1682
f 1684/1684/1684 1686/1686/1686 1685/1685/1685
f 1687/1687/1687 1689/1689/1689 1688/1688/1688
f 1690/1690/1690 1692/1692/1692 1691/1691/1691
f 1693/1693/1693 1695/1695/1695 1694/1694/1694
f 1696/1696/1696 1698/1698/1698 1697/1697/1697
f 1699/1699/1699 1701/1701/1701 1700/1700/1700
f 1702/1702/1702 1704/1704/1704 1703/1703/1703
f 1705/1705/1705 1707/1707/1707 1706/1706/1706
f 1708/1708/1708 1710/1710/1710 1709/1709/1709
f 1711/1711/1711 1713/1713/1713 1712/1712/1712
f 1714/1714/1714 1716/1716/1716 1715/1715/1715
f 1717/1717/1717 1719/1719/1719 1718/1718/1718
f 1720/1720/1720 1722/1722/1722 1721/1721/1721
f 1723/1723/1723 1725/1725/1725 1724/1724/1724
f 1726/1726/1726 1728/1728/1728 1727/1727/1727
f 1729/1729/1729 1731/1731/1731 1730/1730/1730
f 1732/1732/1732 1734/1734/1734 1733/1733/1733
f 1735/1735/1735 1737/1737/1737 1736/1736/1736
f 1738/1738/1738 1740/1740/1740 1739/1739/1739
f 1741/1741/1741 1743/1743/1743 1742/1742/1742
f 1744/1744/1744 1746/1746/1746 1745/1745/1745
f 1747/1747/1747 1749/1749/1749 1748/1748/1748
f 1750/1750/1750 1752/1752/1752 1751/1751/1751
f 1753/1753/1753 1755/1755/1755 1754/1754/1754
f 1756/1756/1756 1758/1758/1758 1757/1757/1757
f 1759/1759/1759 1761/1761/1761 1760/1760/1760
f 1762/1762/1762 1764/1764/1764 1763/1763/1763
f 1765/1765/1765 1767/1767/1767 1766/1766/1766
f 1768/1768/1768 1770/1770/1770 1769/1769/1769
f 1771/1771/1771 1773/1773/1773 1772/1772/1772
f 1774/1774/1774 1776/1776/1776 1775/1775/1775
f 1777/1777/1777 1779/1779/1779 1778/1778/1778
f 1780/1780/1780 1782/1782/1782 1781/1781/1781
f 1783/1783/1783 1785/1785/1785 1784/1784/1784
f 1786/1786/1786 1788/1788/1788 1787/1787/1787
f 1789/1789/1789 1791/1791/1791 1790/1790/1790
f 1792/1792/1792 1794/1794/1794 1793/1793/1793
f 1795/1795/1795 1797/1797/1797 1796/1796/1796
f 1798/1798/1798 1800/1800/1800 1799/1799/1799
f 1801/1801/1801 1803/1803/1803 1802/1802/1802
f 1804/1804/1804 1806/1806/1806 1805/1805/1805
f 1807/1807/1807 1809/1809/1809 1808/1808/1808
f 1810/1810/1810 1812/1812/1812 1811/1811/1811
f 1813/1813/1813 1815/1815/1815 1814/1814/1814
f 1816/1816/1816 1818/1818/1818 1817/1817/1817
f 1819/1819/1819 1821/1821/1821 1820/1820/1820
f 1822/1822/1822 1824/1824/1824 1823/1823/1823
f 1825/1825/1825 1827/1827/1827 1826/1826/1826
f 1828/1828/1828 1830/1830/1830 1829/1829/1829
f 1831/1831/1831 1833/1833/1833 1832/1832/1832
f 1834/1834/1834 1836/1836/1836 1835/1835/1835
f 1837/1837/1837 1839/1839/1839 1838/1838/1838
f 1840/1840/1840 1842/1842/1842 1841/1841/1841
f 1843/1843/1843 1845/1845/1845 1844/1844/1844
f 1846/1846/1846 1848/1848/1848 1847/1847/1847
f 1849/1849/1849 1851/1851/1851 1850/1850/1850
f 1852/1852/1852 1854/1854/1854 1853/1853/1853
f 1855/1855/1855 1857/1857/1857 1856/1856/1856
f 1858/1858/1858 1860/1860/1860 1859/1859/1859
f 1861/1861/1861 1863/1863/1863 1862/1862/1862
f 1864/1864/1864 1866/1866/1866 1865/1865/1865
f 1867/1867/1867 1869/1869/1869 1868/1868/1868
f 1870/1870/1870 1872/1872/1872 1871/1871/1871
f 1873/1873/1873 1875/1875/1875 1874/1874/1874
f 1876/1876/1876 1878/1878/1878 1877/1877/1877
f 1879/1879/1879 1881/1881/1881 1880/1880/1880
f 1882/1882/1882 1884/1884/1884 1883/1883/1883
f 1885/1885/1885 1887/1887/1887 1886/1886/1886
f 1888/1888/1888 1890/1890/1890 1889/1889/1889
f 1891/1891/1891 1893/1893/1893 1892/1892/1892
f 1894/1894/1894 1896/1896/1896 1895/1895/1895
f 1897/1897/1897 1899/1899/1899 1898/1898/1898
f 1900/1900/1900 1902/1902/1902 1901/1901/1901
f 1903/1903/1903 1905/1905/1905 1904/1904/1904
f 1906/1906/1906 1908/1908/1908 1907/1907/1907
f 1909/1909/1909 1911/1911/1911 1910/1910/1910
f 1912/1912/1912 1914/1914/1914 1913/1913/1913
f 1915/1915/1915 1917/1917/1917 1916/1916/1916
f 1918/1918/1918 1920/1920/1920 1919/1919/1919
f 1921/1921/1921 1923/1923/1923 1922/1922/1922
f 1924/1924/1924 1926/1926/1926 1925/1925/1925
f 1927/1927/1927 1929/1929/1929 1928/1928/1928
f 1930/1930/1930 1932/1932/1932 1931/1931/1931
f 1933/1933/1933 1935/1935/1935 1934/1934/1934
f 1936/1936/1936 1938/1938/1938 1937/1937/1937
f 1939/1939/1939 1941/1941/1941 1940/1940/1940
f 1942/1942/1942 1944/1944/1944 1943/1943/1943
f 1945/1945/1945 1947/1947/1947 1946/1946/1946
f 1948/1948/1948 1950/1950/1950 1949/1949/1949
f 1951/1951/1951 1953/1953/1953 1952/1952/1952
f 1954/1954/1954 1956/1956/1956 1955/1955/1955
f 1957/1957/1957 1959/1959/1959 1958/1958/1958
f 1960/1960/1960 1962/1962/1962 1961/1961/1961
f 1963/1963/1963 1965/1965/1965 1964/1964/1964
f 1966/1966/1966 1968/1968/1968 1967/1967/1967
f 1969/1969/1969 1971/1971/1971 1970/1970/1970
f 1972/1972/1972 1974/1974/1974 1973/1973/1973
f 1975/1975/1975 1977/1977/1977 1976/1976/1976
f 1978/1978/1978 1980/1980/1980 1979/1979/1979
f 1981/1981/1981 1983/1983/1983 1982/1982/1982
f 1984/1984/1984 1986/1986/1986 1985/1985/1985
f 1987/1987/1987 1989/1989/1989 1988/1988/1988
f 1990/1990/1990 1992/1992/1992 1991/1991/1991
f 1993/1993/1993 1995/1995/1995 1994/1994/1994
f 1996/1996/1996 1998/1998/1998 1997/1997/1997
f 1999/1999/1999 2001/2001/2001 2000/2000/2000
f 2002/2002/2002 2004/2004/2004 2003/2003/2003
f 2005/2005/2005 2007/2007/2007 2006/2006/2006
f 2008/2008/2008 2010/2010/2010 2009/2009/2009
f 2011/2011/2011 2013/2013/2013 2012/2012/2012
f 2014/2014/2014 2016/2016/2016 2015/2015/2015
f 2017/2017/2017 2019/2019/2019 2018/2018/2018
f 2020/2020/2020 2022/2022/2022 2021/2021/2021
f 2023/2023/2023 2025/2025/2025 2024/2024/2024
f 2026/2026/2026 2028/2028/2028 2027/2027/2027
f 2029/2029/2029 2031/2031/2031 2030/2030/2030
f 2032/2032/2032 2034/2034/2034 2033/2033/2033
f 2035/2035/2035 2037/2037/2037 2036/2036/2036
f 2038/2038/2038 2040/2040/2040 2039/2039/2039
f 2041/2041/2041 2043/2043/2043 2042/2042/2042
f 2044/2044/2044 2046/2046/2046 2045/2045/2045
f 2047/2047/2047 2049/2049/2049 2048/2048/2048
f 2050/2050/2050 2052/2052/2052 2051/2051/2051
f 2053/2053/2053 2055/2055/2055 2054/2054/2054
f 2056/2056/2056 2058/2058/2058 2057/2057/2057
f 2059/2059/2059 2061/2061/2061 2060/2060/2060
f 2062/2062/2062 2064/2064/2064 2063/2063/2063
f 2065/2065/2065 2067/2067/2067 2066/2066/2066
f 2068/2068/2068 2070/2070/2070 2069/2069/2069
f 2071/2071/2071 2073/2073/2073 2072/2072/2072
f 2074/2074/2074 2076/2076/2076 2075/2075/2075
f 2077/2077/2077 2079/2079/2079 2078/2078/2078
f 2080/2080/2080 2082/2082/2082 2081/2081/2081
f 2083/2083/2083 2085/2085/2085 2084/2084/2084
f 2086/2086/2086 2088/2088/2088 2087/2087/2087
f 2089/2089/2089 2091/2091/2091 2090/2090/2090
f 2092/2092/2092 2094/2094/2094 2093/2093/2093
f 2095/2095/2095 2097/2097/2097 2096/2096/2096
f 2098/2098/2098 2100/2100/2100 2099/2099/2099
f 2101/2101/2101 2103/2103/2103 2102/2102/2102
f 2104/2104/2104 2106/2106/2106 2105/2105/2105
f 2107/2107/2107 2109/2109/2109 2108/2108/2108
f 2110/2110/2110 2112/2112/2112 2111/2111/2111
f 2113/2113/2113 2115/2115/2115 2114/2114/2114
f 2116/2116/2116 2118/2118/2118 2117/2117/2117
f 2119/2119/2119 2121/2121/2121 2120/2120/2120
f 2122/2122/2122 2124/2124/2124 2123/2123/2123
f 2125/2125/2125 2127/2127/2127 2126/2126/2126
f 2128/2128/2128 2130/2130/2130 2129/2129/2129
f 2131/2131/2131 2133/2133/2133 2132/2132/2132
f 2134/2134/2134 2136/2136/2136 2135/2135/2135
f 2137/2137/2137 2139/2139/2139 2138/2138/2138
f 2140/2140/2140 2142/2142/2142 2141/2141/2141
f 2143/2143/2143 2145/2145/2145 2144/2144/2144
f 2146/2146/2146 2148/2148/2148 2147/2147/2147
f 2149/2149/2149 2151/2151/2151 2150/2150/2150
f 2152/2152/2152 2154/2154/2154 2153/2153/2153
f 2155/2155/2155 2157/2157/2157 2156/2156/2156
f 2158/2158/2158 2160/2160/2160 2159/2159/2159
f 2161/2161/2161 2163/2163/2163 2162/2162/2162
f 2164/2164/2164 2166/2166/2166 2165/2165/2165
f 2167/2167/2167 2169/2169/2169 2168/2168/2168
f 2170/2170/2170 2172/2172/2172 2171/2171/2171
f 2173/2173/2173 2175/2175/2175 2174/2174/2174
f 2176/2176/2176 2178/2178/2178 2177/2177/2177
f 2179/2179/2179 2181/2181/2181 2180/2180/2180
f 2182/2182/2182 2184/2184/2184 2183/2183/2183
f 2185/2185/2185 2187/2187/2187 2186/2186/2186
f 2188/2188/2188 2190/2190/2190 2189/2189/2189
f 2191/2191/2191 2193/2193/2193 2192/2192/2192
f 2194/2194/2194 2196/2196/2196 2195/2195/2195
f 2197/2197/2197 2199/2199/2199 2198/2198/2198
f 2200/2200/2200 2202/2202/2202 2201/2201/2201
f 2203/2203/2203 2205/2205/2205 2204/2204/2204
f 2206/2206/2206 2208/2208/2208 2207/2207/2207
f 2209/2209/2209 2211/2211/2211 2210/2210/2210
f 2212/2212/2212 2214/2214/2214 2213/2213/2213
f 2215/2215/2215 2217/2217/2217 2216/2216/2216
f 2218/2218/2218 2220/2220/2220 2219/2219/2219
f 2221/2221/2221 2223/2223/2223 2222/2222/2222
f 2224/2224/2224 2226/2226/2226 2225/2225/2225
f 2227/2227/2227 2229/2229/2229 2228/2228/2228
f 2230/2230/2230 2232/2232/2232 2231/2231/2231
f 2233/2233/2233 2235/2235/2235 2234/2234/2234
f 2236/2236/2236 2238/2238/2238 2237/2237/2237
f 2239/2239/2239 2241/2241/2241 2240/2240/2240
f 2242/2242/2242 2244/2244/2244 2243/2243/2243
f 2245/2245/2245 2247/2247/2247 2246/2246/2246
f 2248/2248/2248 2250/2250/2250 2249/2249/2249
f 2251/2251/2251 2253/2253/2253 2252/2252/2252
f 2254/2254/2254 2256/2256/2256 2255/2255/2255
f 2257/2257/2257 2259/2259/2259 2258/2258/2258
f 2260/2260/2260 2262/2262/2262 2261/2261/2261
f 2263/2263/2263 2265/2265/2265 2264/2264/2264
f 2266/2266/2266 2268/2268/2268 2267/2267/2267
f 2269/2269/2269 2271/2271/2271 2270/2270/2270
f 2272/2272/2272 2274/2274/2274 2273/2273/2273
f 2275/2275/2275 2277/2277/2277 2276/2276/2276
f 2278/2278/2278 2280/2280/2280 2279/2279/2279
f 2281/2281/2281 2283/2283/2283 2282/2282/2282
f 2284/2284/2284 2286/2286/2286 2285/2285/2285
f 2287/2287/2287 2289/2289/2289 2288/2288/2288
f 2290/2290/2290 2292/2292/2292 2291/2291/2291
f 2293/2293/2293 2295/2295/2295 2294/2294/2294
f 2296/2296/2296 2298/2298/2298 2297/2297/2297
f 2299/2299/2299 2301/2301/2301 2300/2300/2300
f 2302/2302/2302 2304/2304/2304 2303/2303/2303
