# Blender 5.2.2 LTS
# www.blender.org
mtllib rdrl.mtl
o id_1_model_1
v 0.824100 0.114100 1.808700
v 0.822200 0.113800 1.806900
v 0.823100 0.114100 1.792100
v 0.478800 0.141500 1.899300
v 0.463900 0.141900 1.926700
v 0.462100 0.141500 1.928500
v 0.811400 0.121500 1.834600
v 0.812000 0.122400 1.829200
v 0.814400 0.120500 1.816200
v 0.814400 0.120500 1.816200
v 0.812000 0.122400 1.829200
v 0.812700 0.122700 1.823800
v 0.814400 0.120500 1.816200
v 0.812700 0.122700 1.823800
v 0.813600 0.122500 1.815200
v 0.728000 0.131800 1.880000
v 0.729100 0.133000 1.871400
v 0.732300 0.130800 1.854300
v 0.732300 0.130800 1.854300
v 0.729100 0.133000 1.871400
v 0.730100 0.133400 1.864100
v 0.732300 0.130800 1.854300
v 0.730100 0.133400 1.864100
v 0.731600 0.133100 1.853000
v 0.755900 0.128800 1.866400
v 0.756600 0.130000 1.858900
v 0.759200 0.127800 1.842600
v 0.759200 0.127800 1.842600
v 0.756600 0.130000 1.858900
v 0.757300 0.130400 1.851700
v 0.759200 0.127800 1.842600
v 0.757300 0.130400 1.851700
v 0.758400 0.130100 1.841300
v 0.506200 0.081900 2.035700
v 0.508800 0.084800 2.020100
v 0.513900 0.083300 1.983600
v 0.513900 0.083300 1.983600
v 0.508800 0.084800 2.020100
v 0.511300 0.086400 2.002500
v 0.513900 0.083300 1.983600
v 0.511300 0.086400 2.002500
v 0.514400 0.086900 1.980100
v 0.811600 0.069400 1.867000
v 0.812200 0.071900 1.860800
v 0.814600 0.070600 1.847300
v 0.814600 0.070600 1.847300
v 0.812200 0.071900 1.860800
v 0.813100 0.073400 1.854000
v 0.814600 0.070600 1.847300
v 0.813100 0.073400 1.854000
v 0.814100 0.074200 1.844700
v 0.839000 0.070700 1.827400
v 0.832200 0.067900 1.834600
v 0.834700 0.071800 1.830900
v 0.834700 0.071800 1.830900
v 0.841900 0.075800 1.822100
v 0.839000 0.070700 1.827400
v 0.841900 0.075800 1.822100
v 0.834700 0.071800 1.830900
v 0.835600 0.076900 1.826500
v 0.835600 0.076900 1.826500
v 0.842900 0.090000 1.813400
v 0.841900 0.075800 1.822100
v 0.842900 0.090000 1.813400
v 0.835600 0.076900 1.826500
v 0.835800 0.090600 1.818800
v 0.835800 0.090600 1.818800
v 0.841800 0.107000 1.805100
v 0.842900 0.090000 1.813400
v 0.841800 0.107000 1.805100
v 0.835800 0.090600 1.818800
v 0.835100 0.104300 1.811800
v 0.835100 0.104300 1.811800
v 0.840600 0.113400 1.802500
v 0.841800 0.107000 1.805100
v 0.840600 0.113400 1.802500
v 0.835100 0.104300 1.811800
v 0.834400 0.109900 1.809200
v 0.834400 0.109900 1.809200
v 0.838500 0.117800 1.801800
v 0.840600 0.113400 1.802500
v 0.838500 0.117800 1.801800
v 0.834400 0.109900 1.809200
v 0.832500 0.114600 1.808100
v 0.832500 0.114600 1.808100
v 0.834000 0.120700 1.803300
v 0.838500 0.117800 1.801800
v 0.834000 0.120700 1.803300
v 0.832500 0.114600 1.808100
v 0.828900 0.117400 1.808900
v 0.828900 0.117400 1.808900
v 0.827900 0.122200 1.806700
v 0.834000 0.120700 1.803300
v 0.827900 0.122200 1.806700
v 0.828900 0.117400 1.808900
v 0.823200 0.119100 1.811700
v 0.783300 0.125600 1.852900
v 0.784000 0.126600 1.845700
v 0.786600 0.124500 1.830700
v 0.786600 0.124500 1.830700
v 0.784000 0.126600 1.845700
v 0.784700 0.126800 1.839200
v 0.786600 0.124500 1.830700
v 0.784700 0.126800 1.839200
v 0.785800 0.126500 1.829700
v 0.697600 0.074000 1.948000
v 0.699100 0.076600 1.935700
v 0.703100 0.074400 1.912000
v 0.703100 0.074400 1.912000
v 0.699100 0.076600 1.935700
v 0.700500 0.077500 1.924700
v 0.703100 0.074400 1.912000
v 0.700500 0.077500 1.924700
v 0.702500 0.077900 1.909500
v 0.642000 0.076000 1.980000
v 0.643800 0.078700 1.965800
v 0.648100 0.076500 1.937600
v 0.648100 0.076500 1.937600
v 0.643800 0.078700 1.965800
v 0.645300 0.079600 1.953200
v 0.648100 0.076500 1.937600
v 0.645300 0.079600 1.953200
v 0.647500 0.079900 1.934900
v 0.533200 0.079800 2.029600
v 0.535500 0.082500 2.011600
v 0.541000 0.080400 1.977500
v 0.541000 0.080400 1.977500
v 0.535500 0.082500 2.011600
v 0.537600 0.083500 1.995500
v 0.541000 0.080400 1.977500
v 0.537600 0.083500 1.995500
v 0.540200 0.083900 1.974500
v 0.700400 0.134500 1.892200
v 0.701400 0.135800 1.883100
v 0.704500 0.133500 1.865000
v 0.704500 0.133500 1.865000
v 0.701400 0.135800 1.883100
v 0.702300 0.136200 1.875400
v 0.704500 0.133500 1.865000
v 0.702300 0.136200 1.875400
v 0.703800 0.135900 1.863200
v 0.754100 0.071700 1.910700
v 0.755300 0.074500 1.900900
v 0.758600 0.072400 1.882100
v 0.758600 0.072400 1.882100
v 0.755300 0.074500 1.900900
v 0.756300 0.075500 1.892200
v 0.758600 0.072400 1.882100
v 0.756300 0.075500 1.892200
v 0.757900 0.075900 1.879500
v 0.725800 0.072900 1.929900
v 0.727200 0.075700 1.918900
v 0.730700 0.073600 1.897500
v 0.730700 0.073600 1.897500
v 0.727200 0.075700 1.918900
v 0.728300 0.076700 1.909000
v 0.730700 0.073600 1.897500
v 0.728300 0.076700 1.909000
v 0.730100 0.077100 1.895200
v 0.457800 0.148800 1.961900
v 0.458900 0.150300 1.951700
v 0.462200 0.147900 1.930500
v 0.462200 0.147900 1.930500
v 0.458900 0.150300 1.951700
v 0.460000 0.150800 1.943100
v 0.462200 0.147900 1.930500
v 0.460000 0.150800 1.943100
v 0.461600 0.150500 1.928200
v 0.449500 0.119100 2.009200
v 0.453800 0.121100 1.998800
v 0.462400 0.121300 1.960400
v 0.462400 0.121300 1.960400
v 0.453800 0.121100 1.998800
v 0.458200 0.122400 1.984500
v 0.462400 0.121300 1.960400
v 0.458200 0.122400 1.984500
v 0.465700 0.124300 1.956800
v 0.560200 0.078800 2.017800
v 0.562300 0.081500 2.001100
v 0.567400 0.079200 1.970000
v 0.567400 0.079200 1.970000
v 0.562300 0.081500 2.001100
v 0.564200 0.082400 1.986300
v 0.567400 0.079200 1.970000
v 0.564200 0.082400 1.986300
v 0.566600 0.082600 1.966600
v 0.484300 0.148000 1.957600
v 0.485500 0.149500 1.947400
v 0.488700 0.146900 1.926300
v 0.488700 0.146900 1.926300
v 0.485500 0.149500 1.947400
v 0.486500 0.149900 1.938800
v 0.488700 0.146900 1.926300
v 0.486500 0.149900 1.938800
v 0.488100 0.149500 1.923900
v 0.511200 0.147000 1.952700
v 0.512400 0.148400 1.942600
v 0.515600 0.145800 1.921400
v 0.515600 0.145800 1.921400
v 0.512400 0.148400 1.942600
v 0.513400 0.148800 1.933900
v 0.515600 0.145800 1.921400
v 0.513400 0.148800 1.933900
v 0.515000 0.148400 1.919000
v 0.537900 0.145800 1.945900
v 0.539100 0.147200 1.935700
v 0.542400 0.144600 1.914500
v 0.542400 0.144600 1.914500
v 0.539100 0.147200 1.935700
v 0.540200 0.147600 1.927100
v 0.542400 0.144600 1.914500
v 0.540200 0.147600 1.927100
v 0.541800 0.147200 1.912100
v 0.669600 0.075100 1.964500
v 0.671200 0.077800 1.951100
v 0.675200 0.075500 1.925600
v 0.675200 0.075500 1.925600
v 0.671200 0.077800 1.951100
v 0.672500 0.078700 1.939200
v 0.675200 0.075500 1.925600
v 0.672500 0.078700 1.939200
v 0.674600 0.079000 1.923100
v 0.461700 0.102300 2.027800
v 0.465300 0.104400 2.017500
v 0.474500 0.105000 1.973700
v 0.474500 0.105000 1.973700
v 0.465300 0.104400 2.017500
v 0.469700 0.106100 2.001700
v 0.474500 0.105000 1.973700
v 0.469700 0.106100 2.001700
v 0.477000 0.108200 1.970200
v 0.587000 0.077900 2.006900
v 0.589100 0.080500 1.990900
v 0.594200 0.078100 1.960200
v 0.594200 0.078100 1.960200
v 0.589100 0.080500 1.990900
v 0.591000 0.081300 1.976600
v 0.594200 0.078100 1.960200
v 0.591000 0.081300 1.976600
v 0.593500 0.081500 1.957200
v 0.782700 0.070500 1.889800
v 0.783700 0.073500 1.880700
v 0.786400 0.071600 1.865800
v 0.786400 0.071600 1.865800
v 0.783700 0.073500 1.880700
v 0.784800 0.074500 1.873300
v 0.786400 0.071600 1.865800
v 0.784800 0.074500 1.873300
v 0.786000 0.075200 1.862800
v 0.564700 0.144700 1.938600
v 0.565900 0.146100 1.928400
v 0.569200 0.143500 1.907900
v 0.569200 0.143500 1.907900
v 0.565900 0.146100 1.928400
v 0.567000 0.146500 1.919800
v 0.569200 0.143500 1.907900
v 0.567000 0.146500 1.919800
v 0.568600 0.146100 1.905500
v 0.591700 0.143000 1.930900
v 0.592900 0.144400 1.920800
v 0.596200 0.141800 1.900300
v 0.596200 0.141800 1.900300
v 0.592900 0.144400 1.920800
v 0.594000 0.144800 1.912200
v 0.596200 0.141800 1.900300
v 0.594000 0.144800 1.912200
v 0.595600 0.144400 1.897900
v 0.618600 0.141200 1.922500
v 0.619800 0.142600 1.912500
v 0.623100 0.140000 1.892500
v 0.623100 0.140000 1.892500
v 0.619800 0.142600 1.912500
v 0.620900 0.143000 1.904100
v 0.623100 0.140000 1.892500
v 0.620900 0.143000 1.904100
v 0.622500 0.142600 1.890500
v 0.614300 0.076800 1.994000
v 0.616300 0.079500 1.979000
v 0.621000 0.077200 1.949900
v 0.621000 0.077200 1.949900
v 0.616300 0.079500 1.979000
v 0.618000 0.080400 1.965600
v 0.621000 0.077200 1.949900
v 0.618000 0.080400 1.965600
v 0.620400 0.080700 1.947000
v 0.480900 0.088300 2.038400
v 0.485400 0.091700 2.020400
v 0.491700 0.090700 1.982900
v 0.491700 0.090700 1.982900
v 0.485400 0.091700 2.020400
v 0.488700 0.093400 2.003000
v 0.491700 0.090700 1.982900
v 0.488700 0.093400 2.003000
v 0.493200 0.094600 1.979400
v 0.645700 0.139100 1.913300
v 0.646700 0.140500 1.903900
v 0.649800 0.137900 1.884000
v 0.649800 0.137900 1.884000
v 0.646700 0.140500 1.903900
v 0.647600 0.140800 1.895900
v 0.649800 0.137900 1.884000
v 0.647600 0.140800 1.895900
v 0.649100 0.140600 1.882000
v 0.672800 0.137000 1.903200
v 0.673800 0.138200 1.893900
v 0.676900 0.136000 1.875500
v 0.676900 0.136000 1.875500
v 0.673800 0.138200 1.893900
v 0.674800 0.138600 1.886100
v 0.676900 0.136000 1.875500
v 0.674800 0.138600 1.886100
v 0.676200 0.138300 1.873500
v 0.824100 0.114100 1.808700
v 0.822700 0.111400 1.807900
v 0.822200 0.113800 1.806900
v 0.822700 0.111400 1.807900
v 0.824100 0.114100 1.808700
v 0.824600 0.111600 1.809600
v 0.824600 0.111600 1.809600
v 0.822800 0.108600 1.809200
v 0.822700 0.111400 1.807900
v 0.822800 0.108600 1.809200
v 0.824600 0.111600 1.809600
v 0.824700 0.108800 1.810900
v 0.824700 0.108800 1.810900
v 0.823800 0.089800 1.818500
v 0.822800 0.108600 1.809200
v 0.823800 0.089800 1.818500
v 0.824700 0.108800 1.810900
v 0.825700 0.089700 1.820200
v 0.825700 0.089700 1.820200
v 0.823500 0.082100 1.823800
v 0.823800 0.089800 1.818500
v 0.823500 0.082100 1.823800
v 0.825700 0.089700 1.820200
v 0.825400 0.081600 1.825500
v 0.825400 0.081600 1.825500
v 0.822700 0.080000 1.826300
v 0.823500 0.082100 1.823800
v 0.822700 0.080000 1.826300
v 0.825400 0.081600 1.825500
v 0.824300 0.079000 1.828000
v 0.824300 0.079000 1.828000
v 0.821300 0.078600 1.829000
v 0.822700 0.080000 1.826300
v 0.821300 0.078600 1.829000
v 0.824300 0.079000 1.828000
v 0.822300 0.077000 1.830800
v 0.822300 0.077000 1.830800
v 0.819700 0.078100 1.830900
v 0.821300 0.078600 1.829000
v 0.819700 0.078100 1.830900
v 0.822300 0.077000 1.830800
v 0.820200 0.076300 1.832700
v 0.820200 0.076300 1.832700
v 0.817600 0.077700 1.832800
v 0.819700 0.078100 1.830900
v 0.817600 0.077700 1.832800
v 0.820200 0.076300 1.832700
v 0.817700 0.075900 1.834600
v 0.817700 0.075900 1.834600
v 0.791800 0.078900 1.849500
v 0.817600 0.077700 1.832800
v 0.791800 0.078900 1.849500
v 0.817700 0.075900 1.834600
v 0.791800 0.077000 1.851300
v 0.791800 0.077000 1.851300
v 0.741600 0.081000 1.877700
v 0.791800 0.078900 1.849500
v 0.741600 0.081000 1.877700
v 0.791800 0.077000 1.851300
v 0.741600 0.079100 1.879500
v 0.741600 0.079100 1.879500
v 0.685200 0.083200 1.905500
v 0.741600 0.081000 1.877700
v 0.685200 0.083200 1.905500
v 0.741600 0.079100 1.879500
v 0.685100 0.081300 1.907300
v 0.685100 0.081300 1.907300
v 0.624500 0.085400 1.931500
v 0.685200 0.083200 1.905500
v 0.624500 0.085400 1.931500
v 0.685100 0.081300 1.907300
v 0.624400 0.083500 1.933300
v 0.624400 0.083500 1.933300
v 0.573800 0.087200 1.950000
v 0.624500 0.085400 1.931500
v 0.573800 0.087200 1.950000
v 0.624400 0.083500 1.933300
v 0.573700 0.085300 1.951800
v 0.573700 0.085300 1.951800
v 0.527800 0.089600 1.963100
v 0.573800 0.087200 1.950000
v 0.527800 0.089600 1.963100
v 0.573700 0.085300 1.951800
v 0.527600 0.087700 1.964900
v 0.527600 0.087700 1.964900
v 0.516800 0.091300 1.964400
v 0.527800 0.089600 1.963100
v 0.516800 0.091300 1.964400
v 0.527600 0.087700 1.964900
v 0.516400 0.089500 1.966300
v 0.516400 0.089500 1.966300
v 0.508100 0.093800 1.964700
v 0.516800 0.091300 1.964400
v 0.508100 0.093800 1.964700
v 0.516400 0.089500 1.966300
v 0.507400 0.092000 1.966500
v 0.507400 0.092000 1.966500
v 0.500500 0.097300 1.963700
v 0.508100 0.093800 1.964700
v 0.500500 0.097300 1.963700
v 0.507400 0.092000 1.966500
v 0.499600 0.095600 1.965500
v 0.499600 0.095600 1.965500
v 0.493800 0.101500 1.961300
v 0.500500 0.097300 1.963700
v 0.493800 0.101500 1.961300
v 0.499600 0.095600 1.965500
v 0.492600 0.100000 1.963100
v 0.492600 0.100000 1.963100
v 0.488600 0.105700 1.958400
v 0.493800 0.101500 1.961300
v 0.488600 0.105700 1.958400
v 0.492600 0.100000 1.963100
v 0.487300 0.104300 1.960200
v 0.487300 0.104300 1.960200
v 0.484000 0.110400 1.954800
v 0.488600 0.105700 1.958400
v 0.484000 0.110400 1.954800
v 0.487300 0.104300 1.960200
v 0.482500 0.109100 1.956600
v 0.482500 0.109100 1.956600
v 0.479100 0.116600 1.949700
v 0.484000 0.110400 1.954800
v 0.479100 0.116600 1.949700
v 0.482500 0.109100 1.956600
v 0.477500 0.115400 1.951500
v 0.477500 0.115400 1.951500
v 0.472800 0.125700 1.941600
v 0.479100 0.116600 1.949700
v 0.472800 0.125700 1.941600
v 0.477500 0.115400 1.951500
v 0.471200 0.124600 1.943400
v 0.471200 0.124600 1.943400
v 0.466600 0.135300 1.933500
v 0.472800 0.125700 1.941600
v 0.466600 0.135300 1.933500
v 0.471200 0.124600 1.943400
v 0.465000 0.134300 1.935300
v 0.465000 0.134300 1.935300
v 0.464400 0.139800 1.928900
v 0.466600 0.135300 1.933500
v 0.464400 0.139800 1.928900
v 0.465000 0.134300 1.935300
v 0.462600 0.139100 1.930700
v 0.462600 0.139100 1.930700
v 0.463900 0.141900 1.926700
v 0.464400 0.139800 1.928900
v 0.463900 0.141900 1.926700
v 0.462600 0.139100 1.930700
v 0.462100 0.141500 1.928500
v 0.810900 0.121000 1.818000
v 0.812000 0.122700 1.816100
v 0.811200 0.122900 1.823900
v 0.810900 0.121000 1.818000
v 0.811200 0.122900 1.823900
v 0.810500 0.122700 1.829800
v 0.810900 0.121000 1.818000
v 0.810500 0.122700 1.829800
v 0.809700 0.121800 1.835800
v 0.822400 0.115700 1.814000
v 0.785800 0.122500 1.854600
v 0.821500 0.117200 1.832900
v 0.785800 0.122500 1.854600
v 0.822400 0.115700 1.814000
v 0.791900 0.120000 1.826700
v 0.791900 0.120000 1.826700
v 0.734600 0.128400 1.880800
v 0.785800 0.122500 1.854600
v 0.734600 0.128400 1.880800
v 0.791900 0.120000 1.826700
v 0.735900 0.126500 1.851100
v 0.735900 0.126500 1.851100
v 0.676700 0.133800 1.905600
v 0.734600 0.128400 1.880800
v 0.676700 0.133800 1.905600
v 0.735900 0.126500 1.851100
v 0.679100 0.131800 1.874100
v 0.679100 0.131800 1.874100
v 0.618600 0.138200 1.926700
v 0.676700 0.133800 1.905600
v 0.618600 0.138200 1.926700
v 0.679100 0.131800 1.874100
v 0.621000 0.136200 1.895000
v 0.621000 0.136200 1.895000
v 0.565600 0.141700 1.943300
v 0.618600 0.138200 1.926700
v 0.565600 0.141700 1.943300
v 0.621000 0.136200 1.895000
v 0.568000 0.139400 1.911600
v 0.568000 0.139400 1.911600
v 0.512100 0.144200 1.957800
v 0.565600 0.141700 1.943300
v 0.512100 0.144200 1.957800
v 0.568000 0.139400 1.911600
v 0.514500 0.141900 1.926100
v 0.514500 0.141900 1.926100
v 0.458000 0.145900 1.970700
v 0.512100 0.144200 1.957800
v 0.458000 0.145900 1.970700
v 0.514500 0.141900 1.926100
v 0.463400 0.142700 1.938400
v 0.461900 0.141500 1.939900
v 0.458000 0.145900 1.970700
v 0.463400 0.142700 1.938400
v 0.451900 0.141600 1.940900
v 0.458000 0.145900 1.970700
v 0.461900 0.141500 1.939900
v 0.458000 0.145900 1.970700
v 0.451900 0.141600 1.940900
v 0.447100 0.145900 1.973800
v 0.440700 0.145400 1.976600
v 0.447100 0.145900 1.973800
v 0.451900 0.141600 1.940900
v 0.451700 0.139700 1.943100
v 0.440700 0.145400 1.976600
v 0.451900 0.141600 1.940900
v 0.440700 0.145400 1.976600
v 0.451700 0.139700 1.943100
v 0.436900 0.144100 1.979900
v 0.452600 0.137500 1.945300
v 0.436900 0.144100 1.979900
v 0.451700 0.139700 1.943100
v 0.436900 0.144100 1.979900
v 0.452600 0.137500 1.945300
v 0.436300 0.141500 1.984000
v 0.455200 0.133100 1.949800
v 0.436300 0.141500 1.984000
v 0.452600 0.137500 1.945300
v 0.436300 0.141500 1.984000
v 0.455200 0.133100 1.949800
v 0.437400 0.137900 1.989600
v 0.462600 0.120900 1.960700
v 0.437400 0.137900 1.989600
v 0.455200 0.133100 1.949800
v 0.437400 0.137900 1.989600
v 0.462600 0.120900 1.960700
v 0.443600 0.126600 2.004300
v 0.469700 0.110700 1.969400
v 0.443600 0.126600 2.004300
v 0.462600 0.120900 1.960700
v 0.443600 0.126600 2.004300
v 0.469700 0.110700 1.969400
v 0.451800 0.113500 2.019900
v 0.475700 0.103400 1.974900
v 0.451800 0.113500 2.019900
v 0.469700 0.110700 1.969400
v 0.451800 0.113500 2.019900
v 0.475700 0.103400 1.974900
v 0.458000 0.105000 2.029300
v 0.481500 0.097800 1.978900
v 0.458000 0.105000 2.029300
v 0.475700 0.103400 1.974900
v 0.458000 0.105000 2.029300
v 0.481500 0.097800 1.978900
v 0.465400 0.097500 2.036400
v 0.487600 0.093100 1.981800
v 0.465400 0.097500 2.036400
v 0.481500 0.097800 1.978900
v 0.465400 0.097500 2.036400
v 0.487600 0.093100 1.981800
v 0.473100 0.091600 2.040900
v 0.495900 0.088600 1.983900
v 0.473100 0.091600 2.040900
v 0.487600 0.093100 1.981800
v 0.473100 0.091600 2.040900
v 0.495900 0.088600 1.983900
v 0.482500 0.086900 2.043200
v 0.495900 0.088600 1.983900
v 0.494600 0.083400 2.042900
v 0.482500 0.086900 2.043200
v 0.494600 0.083400 2.042900
v 0.495900 0.088600 1.983900
v 0.504600 0.085500 1.984400
v 0.504600 0.085500 1.984400
v 0.507900 0.081300 2.040600
v 0.494600 0.083400 2.042900
v 0.507900 0.081300 2.040600
v 0.504600 0.085500 1.984400
v 0.514700 0.083100 1.984000
v 0.514700 0.083100 1.984000
v 0.524600 0.079900 2.036000
v 0.507900 0.081300 2.040600
v 0.524600 0.079900 2.036000
v 0.514700 0.083100 1.984000
v 0.526600 0.081400 1.981900
v 0.526600 0.081400 1.981900
v 0.573000 0.078200 2.017800
v 0.524600 0.079900 2.036000
v 0.573000 0.078200 2.017800
v 0.526600 0.081400 1.981900
v 0.574100 0.078900 1.968100
v 0.574100 0.078900 1.968100
v 0.623600 0.076600 1.994200
v 0.573000 0.078200 2.017800
v 0.623600 0.076600 1.994200
v 0.574100 0.078900 1.968100
v 0.624400 0.077100 1.949000
v 0.624400 0.077100 1.949000
v 0.683800 0.074400 1.961000
v 0.623600 0.076600 1.994200
v 0.683800 0.074400 1.961000
v 0.624400 0.077100 1.949000
v 0.684400 0.075000 1.922200
v 0.684400 0.075000 1.922200
v 0.740700 0.072200 1.924800
v 0.683800 0.074400 1.961000
v 0.740700 0.072200 1.924800
v 0.684400 0.075000 1.922200
v 0.741600 0.073100 1.892300
v 0.741600 0.073100 1.892300
v 0.791100 0.070100 1.887600
v 0.740700 0.072200 1.924800
v 0.791100 0.070100 1.887600
v 0.741600 0.073100 1.892300
v 0.792200 0.071300 1.862600
v 0.792200 0.071300 1.862600
v 0.822000 0.068800 1.861100
v 0.791100 0.070100 1.887600
v 0.822000 0.068800 1.861100
v 0.792200 0.071300 1.862600
v 0.819100 0.070500 1.844500
v 0.819100 0.070500 1.844500
v 0.826300 0.069200 1.856900
v 0.822000 0.068800 1.861100
v 0.826300 0.069200 1.856900
v 0.819100 0.070500 1.844500
v 0.824600 0.070700 1.840500
v 0.824600 0.070700 1.840500
v 0.829800 0.070800 1.852700
v 0.826300 0.069200 1.856900
v 0.829800 0.070800 1.852700
v 0.824600 0.070700 1.840500
v 0.828300 0.071500 1.837000
v 0.828300 0.071500 1.837000
v 0.831700 0.073800 1.849000
v 0.829800 0.070800 1.852700
v 0.831700 0.073800 1.849000
v 0.828300 0.071500 1.837000
v 0.831200 0.073200 1.834000
v 0.831200 0.073200 1.834000
v 0.832400 0.078200 1.846000
v 0.831700 0.073800 1.849000
v 0.832400 0.078200 1.846000
v 0.831200 0.073200 1.834000
v 0.832600 0.076400 1.831200
v 0.832600 0.076400 1.831200
v 0.832600 0.091700 1.839200
v 0.832400 0.078200 1.846000
v 0.832600 0.091700 1.839200
v 0.832600 0.076400 1.831200
v 0.833100 0.086800 1.824600
v 0.833100 0.086800 1.824600
v 0.831700 0.105100 1.832400
v 0.832600 0.091700 1.839200
v 0.831700 0.105100 1.832400
v 0.833100 0.086800 1.824600
v 0.831800 0.108400 1.813300
v 0.831100 0.109900 1.830100
v 0.831700 0.105100 1.832400
v 0.831800 0.108400 1.813300
v 0.831800 0.108400 1.813300
v 0.829600 0.113800 1.829100
v 0.831100 0.109900 1.830100
v 0.829600 0.113800 1.829100
v 0.831800 0.108400 1.813300
v 0.831200 0.110900 1.812700
v 0.831200 0.110900 1.812700
v 0.826700 0.115900 1.829900
v 0.829600 0.113800 1.829100
v 0.826700 0.115900 1.829900
v 0.831200 0.110900 1.812700
v 0.824400 0.114100 1.813600
v 0.822400 0.115700 1.814000
v 0.826700 0.115900 1.829900
v 0.824400 0.114100 1.813600
v 0.826700 0.115900 1.829900
v 0.822400 0.115700 1.814000
v 0.821500 0.117200 1.832900
v 0.457200 0.101800 1.968400
v 0.449300 0.110600 1.961600
v 0.450800 0.110700 1.962200
v 0.449300 0.110600 1.961600
v 0.442200 0.124200 1.952300
v 0.450800 0.110700 1.962200
v 0.442200 0.124200 1.952300
v 0.449300 0.110600 1.961600
v 0.440200 0.124400 1.951500
v 0.440200 0.124400 1.951500
v 0.435400 0.136200 1.942200
v 0.442200 0.124200 1.952300
v 0.435400 0.136200 1.942200
v 0.440200 0.124400 1.951500
v 0.433900 0.136400 1.941500
v 0.433900 0.136400 1.941500
v 0.433900 0.141400 1.937900
v 0.435400 0.136200 1.942200
v 0.433900 0.141400 1.937900
v 0.433900 0.136400 1.941500
v 0.430700 0.143500 1.935900
v 0.430700 0.143500 1.935900
v 0.434900 0.145100 1.934700
v 0.433900 0.141400 1.937900
v 0.434900 0.145100 1.934700
v 0.430700 0.143500 1.935900
v 0.431700 0.147800 1.932000
v 0.431700 0.147800 1.932000
v 0.439900 0.147400 1.932400
v 0.434900 0.145100 1.934700
v 0.439900 0.147400 1.932400
v 0.431700 0.147800 1.932000
v 0.436300 0.150000 1.929900
v 0.436300 0.150000 1.929900
v 0.447200 0.148200 1.931600
v 0.439900 0.147400 1.932400
v 0.447200 0.148200 1.931600
v 0.436300 0.150000 1.929900
v 0.447300 0.151000 1.928700
v 0.447300 0.151000 1.928700
v 0.458800 0.148200 1.931500
v 0.447200 0.148200 1.931600
v 0.458800 0.148200 1.931500
v 0.447300 0.151000 1.928700
v 0.458800 0.150800 1.928500
v 0.458800 0.150800 1.928500
v 0.513000 0.146500 1.921800
v 0.458800 0.148200 1.931500
v 0.513000 0.146500 1.921800
v 0.458800 0.150800 1.928500
v 0.512400 0.149000 1.919000
v 0.512400 0.149000 1.919000
v 0.566600 0.144000 1.908600
v 0.513000 0.146500 1.921800
v 0.566600 0.144000 1.908600
v 0.512400 0.149000 1.919000
v 0.566000 0.146500 1.906100
v 0.566000 0.146500 1.906100
v 0.619600 0.140500 1.893800
v 0.566600 0.144000 1.908600
v 0.619600 0.140500 1.893800
v 0.566000 0.146500 1.906100
v 0.619000 0.143400 1.891100
v 0.619000 0.143400 1.891100
v 0.677900 0.136000 1.875100
v 0.619600 0.140500 1.893800
v 0.677900 0.136000 1.875100
v 0.619000 0.143400 1.891100
v 0.677400 0.139200 1.872300
v 0.677400 0.139200 1.872300
v 0.735300 0.130700 1.853500
v 0.677900 0.136000 1.875100
v 0.735300 0.130700 1.853500
v 0.677400 0.139200 1.872300
v 0.735000 0.134000 1.850900
v 0.735000 0.134000 1.850900
v 0.787500 0.124600 1.830300
v 0.735300 0.130700 1.853500
v 0.787500 0.124600 1.830300
v 0.735000 0.134000 1.850900
v 0.787400 0.128100 1.827800
v 0.787400 0.128100 1.827800
v 0.823200 0.119100 1.811700
v 0.787500 0.124600 1.830300
v 0.823200 0.119100 1.811700
v 0.787400 0.128100 1.827800
v 0.827900 0.122200 1.806700
v 0.827800 0.121400 1.790300
v 0.834000 0.120700 1.803300
v 0.827900 0.122200 1.806700
v 0.834000 0.120700 1.803300
v 0.827800 0.121400 1.790300
v 0.832700 0.119000 1.789300
v 0.832700 0.119000 1.789300
v 0.838500 0.117800 1.801800
v 0.834000 0.120700 1.803300
v 0.838500 0.117800 1.801800
v 0.832700 0.119000 1.789300
v 0.836800 0.116500 1.788400
v 0.838300 0.111700 1.789400
v 0.838500 0.117800 1.801800
v 0.836800 0.116500 1.788400
v 0.838500 0.117800 1.801800
v 0.838300 0.111700 1.789400
v 0.840600 0.113400 1.802500
v 0.838400 0.103700 1.792000
v 0.840600 0.113400 1.802500
v 0.838300 0.111700 1.789400
v 0.840600 0.113400 1.802500
v 0.838400 0.103700 1.792000
v 0.841800 0.107000 1.805100
v 0.838600 0.089600 1.797100
v 0.841800 0.107000 1.805100
v 0.838400 0.103700 1.792000
v 0.841800 0.107000 1.805100
v 0.838600 0.089600 1.797100
v 0.842900 0.090000 1.813400
v 0.837800 0.075900 1.802900
v 0.842900 0.090000 1.813400
v 0.838600 0.089600 1.797100
v 0.842900 0.090000 1.813400
v 0.837800 0.075900 1.802900
v 0.841900 0.075800 1.822100
v 0.836100 0.070600 1.805700
v 0.841900 0.075800 1.822100
v 0.837800 0.075900 1.802900
v 0.841900 0.075800 1.822100
v 0.836100 0.070600 1.805700
v 0.839000 0.070700 1.827400
v 0.833600 0.066700 1.808700
v 0.839000 0.070700 1.827400
v 0.836100 0.070600 1.805700
v 0.839000 0.070700 1.827400
v 0.833600 0.066700 1.808700
v 0.832200 0.067900 1.834600
v 0.829600 0.064700 1.812600
v 0.832200 0.067900 1.834600
v 0.833600 0.066700 1.808700
v 0.829600 0.064700 1.812600
v 0.831200 0.068700 1.852900
v 0.832200 0.067900 1.834600
v 0.831200 0.068700 1.852900
v 0.834700 0.071800 1.830900
v 0.832200 0.067900 1.834600
v 0.834700 0.071800 1.830900
v 0.831200 0.068700 1.852900
v 0.833700 0.072600 1.848800
v 0.827300 0.066600 1.857600
v 0.831200 0.068700 1.852900
v 0.829600 0.064700 1.812600
v 0.833700 0.072600 1.848800
v 0.835600 0.076900 1.826500
v 0.834700 0.071800 1.830900
v 0.829600 0.064700 1.812600
v 0.822400 0.065900 1.862500
v 0.827300 0.066600 1.857600
v 0.822400 0.065900 1.862500
v 0.829600 0.064700 1.812600
v 0.824800 0.063900 1.815900
v 0.835600 0.076900 1.826500
v 0.833700 0.072600 1.848800
v 0.834600 0.077800 1.845500
v 0.824800 0.063900 1.815900
v 0.790200 0.067100 1.889400
v 0.822400 0.065900 1.862500
v 0.790200 0.067100 1.889400
v 0.824800 0.063900 1.815900
v 0.792600 0.065200 1.832700
v 0.834600 0.077800 1.845500
v 0.835800 0.090600 1.818800
v 0.835600 0.076900 1.826500
v 0.792600 0.065200 1.832700
v 0.740400 0.069200 1.925900
v 0.790200 0.067100 1.889400
v 0.740400 0.069200 1.925900
v 0.792600 0.065200 1.832700
v 0.742800 0.067300 1.857000
v 0.835800 0.090600 1.818800
v 0.834600 0.077800 1.845500
v 0.834600 0.091600 1.838400
v 0.834600 0.091600 1.838400
v 0.835100 0.104300 1.811800
v 0.835800 0.090600 1.818800
v 0.835100 0.104300 1.811800
v 0.834600 0.091600 1.838400
v 0.833900 0.105300 1.831300
v 0.742800 0.067300 1.857000
v 0.683900 0.071400 1.961800
v 0.740400 0.069200 1.925900
v 0.683900 0.071400 1.961800
v 0.742800 0.067300 1.857000
v 0.686300 0.069500 1.883800
v 0.833900 0.105300 1.831300
v 0.834400 0.109900 1.809200
v 0.835100 0.104300 1.811800
v 0.834400 0.109900 1.809200
v 0.833900 0.105300 1.831300
v 0.833200 0.110700 1.828300
v 0.833200 0.110700 1.828300
v 0.832500 0.114600 1.808100
v 0.834400 0.109900 1.809200
v 0.832500 0.114600 1.808100
v 0.833200 0.110700 1.828300
v 0.831300 0.115400 1.826900
v 0.831300 0.115400 1.826900
v 0.828900 0.117400 1.808900
v 0.832500 0.114600 1.808100
v 0.828900 0.117400 1.808900
v 0.831300 0.115400 1.826900
v 0.827600 0.118500 1.828000
v 0.827600 0.118500 1.828000
v 0.823200 0.119100 1.811700
v 0.828900 0.117400 1.808900
v 0.823200 0.119100 1.811700
v 0.827600 0.118500 1.828000
v 0.822000 0.120100 1.831500
v 0.686300 0.069500 1.883800
v 0.623800 0.073500 1.995100
v 0.683900 0.071400 1.961800
v 0.623800 0.073500 1.995100
v 0.686300 0.069500 1.883800
v 0.626200 0.071600 1.910100
v 0.626200 0.071600 1.910100
v 0.573800 0.075200 2.018500
v 0.623800 0.073500 1.995100
v 0.573800 0.075200 2.018500
v 0.626200 0.071600 1.910100
v 0.576200 0.073300 1.931400
v 0.576200 0.073300 1.931400
v 0.525300 0.076800 2.036800
v 0.573800 0.075200 2.018500
v 0.525300 0.076800 2.036800
v 0.576200 0.073300 1.931400
v 0.527700 0.074800 1.949600
v 0.527700 0.074800 1.949600
v 0.508200 0.078100 2.041500
v 0.525300 0.076800 2.036800
v 0.508200 0.078100 2.041500
v 0.527700 0.074800 1.949600
v 0.510600 0.076200 1.952000
v 0.510600 0.076200 1.952000
v 0.494500 0.080400 2.043800
v 0.508200 0.078100 2.041500
v 0.494500 0.080400 2.043800
v 0.510600 0.076200 1.952000
v 0.496900 0.078500 1.949400
v 0.496900 0.078500 1.949400
v 0.481400 0.084200 2.044000
v 0.494500 0.080400 2.043800
v 0.481400 0.084200 2.044000
v 0.496900 0.078500 1.949400
v 0.483300 0.082800 1.942800
v 0.483300 0.082800 1.942800
v 0.471500 0.089300 2.041400
v 0.481400 0.084200 2.044000
v 0.471500 0.089300 2.041400
v 0.483300 0.082800 1.942800
v 0.473900 0.087400 1.936200
v 0.473900 0.087400 1.936200
v 0.463300 0.095400 2.037000
v 0.471500 0.089300 2.041400
v 0.463300 0.095400 2.037000
v 0.473900 0.087400 1.936200
v 0.465700 0.093400 1.928000
v 0.455900 0.102800 2.030200
v 0.463300 0.095400 2.037000
v 0.465700 0.093400 1.928000
v 0.455900 0.102800 2.030200
v 0.465700 0.093400 1.928000
v 0.457200 0.101800 1.968400
v 0.457200 0.101800 1.968400
v 0.449600 0.111700 2.020700
v 0.455900 0.102800 2.030200
v 0.457200 0.101800 1.968400
v 0.465700 0.093400 1.928000
v 0.458300 0.100900 1.918800
v 0.449600 0.111700 2.020700
v 0.457200 0.101800 1.968400
v 0.450800 0.110700 1.962200
v 0.450800 0.110700 1.962200
v 0.441100 0.125000 2.005300
v 0.449600 0.111700 2.020700
v 0.441100 0.125000 2.005300
v 0.450800 0.110700 1.962200
v 0.442200 0.124200 1.952300
v 0.458300 0.100900 1.918800
v 0.449300 0.110600 1.961600
v 0.457200 0.101800 1.968400
v 0.449300 0.110600 1.961600
v 0.458300 0.100900 1.918800
v 0.452000 0.109800 1.907400
v 0.442200 0.124200 1.952300
v 0.434500 0.137000 1.990500
v 0.441100 0.125000 2.005300
v 0.434500 0.137000 1.990500
v 0.442200 0.124200 1.952300
v 0.435400 0.136200 1.942200
v 0.452000 0.109800 1.907400
v 0.440200 0.124400 1.951500
v 0.449300 0.110600 1.961600
v 0.440200 0.124400 1.951500
v 0.452000 0.109800 1.907400
v 0.443500 0.123100 1.887800
v 0.443500 0.123100 1.887800
v 0.433900 0.136400 1.941500
v 0.440200 0.124400 1.951500
v 0.433900 0.136400 1.941500
v 0.443500 0.123100 1.887800
v 0.436900 0.135100 1.868500
v 0.436900 0.135100 1.868500
v 0.430700 0.143500 1.935900
v 0.433900 0.136400 1.941500
v 0.430700 0.143500 1.935900
v 0.436900 0.135100 1.868500
v 0.435400 0.140200 1.861700
v 0.435400 0.140200 1.861700
v 0.431700 0.147800 1.932000
v 0.430700 0.143500 1.935900
v 0.431700 0.147800 1.932000
v 0.435400 0.140200 1.861700
v 0.436400 0.143900 1.859400
v 0.436400 0.143900 1.859400
v 0.436300 0.150000 1.929900
v 0.431700 0.147800 1.932000
v 0.436300 0.150000 1.929900
v 0.436400 0.143900 1.859400
v 0.440000 0.146200 1.857500
v 0.440000 0.146200 1.857500
v 0.447300 0.151000 1.928700
v 0.436300 0.150000 1.929900
v 0.447300 0.151000 1.928700
v 0.440000 0.146200 1.857500
v 0.448700 0.147300 1.856200
v 0.448700 0.147300 1.856200
v 0.458800 0.150800 1.928500
v 0.447300 0.151000 1.928700
v 0.458800 0.150800 1.928500
v 0.448700 0.147300 1.856200
v 0.460400 0.146900 1.855100
v 0.460400 0.146900 1.855100
v 0.512400 0.149000 1.919000
v 0.458800 0.150800 1.928500
v 0.512400 0.149000 1.919000
v 0.460400 0.146900 1.855100
v 0.514600 0.145200 1.849700
v 0.514600 0.145200 1.849700
v 0.566000 0.146500 1.906100
v 0.512400 0.149000 1.919000
v 0.566000 0.146500 1.906100
v 0.514600 0.145200 1.849700
v 0.568200 0.142800 1.843300
v 0.568200 0.142800 1.843300
v 0.619000 0.143400 1.891100
v 0.566000 0.146500 1.906100
v 0.619000 0.143400 1.891100
v 0.568200 0.142800 1.843300
v 0.621200 0.139600 1.835900
v 0.621200 0.139600 1.835900
v 0.677400 0.139200 1.872300
v 0.619000 0.143400 1.891100
v 0.677400 0.139200 1.872300
v 0.621200 0.139600 1.835900
v 0.679300 0.135400 1.825800
v 0.679300 0.135400 1.825800
v 0.735000 0.134000 1.850900
v 0.677400 0.139200 1.872300
v 0.735000 0.134000 1.850900
v 0.679300 0.135400 1.825800
v 0.736000 0.130800 1.813600
v 0.736000 0.130800 1.813600
v 0.787400 0.128100 1.827800
v 0.735000 0.134000 1.850900
v 0.787400 0.128100 1.827800
v 0.736000 0.130800 1.813600
v 0.788700 0.125900 1.800400
v 0.788700 0.125900 1.800400
v 0.827900 0.122200 1.806700
v 0.787400 0.128100 1.827800
v 0.827900 0.122200 1.806700
v 0.788700 0.125900 1.800400
v 0.827800 0.121400 1.790300
v 0.435400 0.136200 1.942200
v 0.433000 0.142100 1.984000
v 0.434500 0.137000 1.990500
v 0.433000 0.142100 1.984000
v 0.435400 0.136200 1.942200
v 0.433900 0.141400 1.937900
v 0.433900 0.141400 1.937900
v 0.434000 0.145800 1.978800
v 0.433000 0.142100 1.984000
v 0.434000 0.145800 1.978800
v 0.433900 0.141400 1.937900
v 0.434900 0.145100 1.934700
v 0.434900 0.145100 1.934700
v 0.439100 0.148100 1.974400
v 0.434000 0.145800 1.978800
v 0.439100 0.148100 1.974400
v 0.434900 0.145100 1.934700
v 0.439900 0.147400 1.932400
v 0.439900 0.147400 1.932400
v 0.446300 0.148900 1.971600
v 0.439100 0.148100 1.974400
v 0.446300 0.148900 1.971600
v 0.439900 0.147400 1.932400
v 0.447200 0.148200 1.931600
v 0.447200 0.148200 1.931600
v 0.458000 0.148900 1.969100
v 0.446300 0.148900 1.971600
v 0.458000 0.148900 1.969100
v 0.447200 0.148200 1.931600
v 0.458800 0.148200 1.931500
v 0.458800 0.148200 1.931500
v 0.512200 0.147200 1.957000
v 0.458000 0.148900 1.969100
v 0.512200 0.147200 1.957000
v 0.458800 0.148200 1.931500
v 0.513000 0.146500 1.921800
v 0.513000 0.146500 1.921800
v 0.565800 0.144700 1.942500
v 0.512200 0.147200 1.957000
v 0.565800 0.144700 1.942500
v 0.513000 0.146500 1.921800
v 0.566600 0.144000 1.908600
v 0.566600 0.144000 1.908600
v 0.618800 0.141200 1.925900
v 0.565800 0.144700 1.942500
v 0.618800 0.141200 1.925900
v 0.566600 0.144000 1.908600
v 0.619600 0.140500 1.893800
v 0.619600 0.140500 1.893800
v 0.676900 0.136800 1.904800
v 0.618800 0.141200 1.925900
v 0.676900 0.136800 1.904800
v 0.619600 0.140500 1.893800
v 0.677900 0.136000 1.875100
v 0.677900 0.136000 1.875100
v 0.734900 0.131400 1.880000
v 0.676900 0.136800 1.904800
v 0.734900 0.131400 1.880000
v 0.677900 0.136000 1.875100
v 0.735300 0.130700 1.853500
v 0.735300 0.130700 1.853500
v 0.786300 0.125500 1.853700
v 0.734900 0.131400 1.880000
v 0.786300 0.125500 1.853700
v 0.735300 0.130700 1.853500
v 0.787500 0.124600 1.830300
v 0.787500 0.124600 1.830300
v 0.822000 0.120100 1.831500
v 0.786300 0.125500 1.853700
v 0.822000 0.120100 1.831500
v 0.787500 0.124600 1.830300
v 0.823200 0.119100 1.811700
v 0.460800 0.123800 1.958100
v 0.452700 0.121900 1.998400
v 0.448800 0.120200 2.008000
v 0.460800 0.123800 1.958100
v 0.457400 0.123400 1.984200
v 0.452700 0.121900 1.998400
v 0.460800 0.123800 1.958100
v 0.465000 0.125400 1.956200
v 0.457400 0.123400 1.984200
v 0.458200 0.122400 1.984500
v 0.465000 0.125400 1.956200
v 0.465700 0.124300 1.956800
v 0.465000 0.125400 1.956200
v 0.458200 0.122400 1.984500
v 0.457400 0.123400 1.984200
v 0.453800 0.121100 1.998800
v 0.457400 0.123400 1.984200
v 0.458200 0.122400 1.984500
v 0.457400 0.123400 1.984200
v 0.453800 0.121100 1.998800
v 0.452700 0.121900 1.998400
v 0.453800 0.121100 1.998800
v 0.448800 0.120200 2.008000
v 0.452700 0.121900 1.998400
v 0.448800 0.120200 2.008000
v 0.453800 0.121100 1.998800
v 0.449500 0.119100 2.009200
v 0.472300 0.107300 1.972000
v 0.464300 0.105100 2.017500
v 0.460900 0.103200 2.027000
v 0.472300 0.107300 1.972000
v 0.468900 0.107000 2.001300
v 0.464300 0.105100 2.017500
v 0.472300 0.107300 1.972000
v 0.476200 0.109300 1.969400
v 0.468900 0.107000 2.001300
v 0.469700 0.106100 2.001700
v 0.476200 0.109300 1.969400
v 0.477000 0.108200 1.970200
v 0.476200 0.109300 1.969400
v 0.469700 0.106100 2.001700
v 0.468900 0.107000 2.001300
v 0.465300 0.104400 2.017500
v 0.468900 0.107000 2.001300
v 0.469700 0.106100 2.001700
v 0.468900 0.107000 2.001300
v 0.465300 0.104400 2.017500
v 0.464300 0.105100 2.017500
v 0.465300 0.104400 2.017500
v 0.460900 0.103200 2.027000
v 0.464300 0.105100 2.017500
v 0.460900 0.103200 2.027000
v 0.465300 0.104400 2.017500
v 0.461700 0.102300 2.027800
v 0.488500 0.092800 1.981900
v 0.484200 0.092300 2.020200
v 0.479700 0.088800 2.038200
v 0.488500 0.092800 1.981900
v 0.487500 0.093900 2.002800
v 0.484200 0.092300 2.020200
v 0.488500 0.092800 1.981900
v 0.491800 0.095500 1.979000
v 0.487500 0.093900 2.002800
v 0.488700 0.093400 2.003000
v 0.491800 0.095500 1.979000
v 0.493200 0.094600 1.979400
v 0.491800 0.095500 1.979000
v 0.488700 0.093400 2.003000
v 0.487500 0.093900 2.002800
v 0.485400 0.091700 2.020400
v 0.487500 0.093900 2.002800
v 0.488700 0.093400 2.003000
v 0.487500 0.093900 2.002800
v 0.485400 0.091700 2.020400
v 0.484200 0.092300 2.020200
v 0.485400 0.091700 2.020400
v 0.479700 0.088800 2.038200
v 0.484200 0.092300 2.020200
v 0.479700 0.088800 2.038200
v 0.485400 0.091700 2.020400
v 0.480900 0.088300 2.038400
v 0.510200 0.084100 1.983700
v 0.507300 0.085200 2.020700
v 0.504600 0.082100 2.036200
v 0.510200 0.084100 1.983700
v 0.509700 0.086700 2.003000
v 0.507300 0.085200 2.020700
v 0.510200 0.084100 1.983700
v 0.512700 0.087200 1.980400
v 0.509700 0.086700 2.003000
v 0.511300 0.086400 2.002500
v 0.512700 0.087200 1.980400
v 0.514400 0.086900 1.980100
v 0.512700 0.087200 1.980400
v 0.511300 0.086400 2.002500
v 0.509700 0.086700 2.003000
v 0.508800 0.084800 2.020100
v 0.509700 0.086700 2.003000
v 0.511300 0.086400 2.002500
v 0.509700 0.086700 2.003000
v 0.508800 0.084800 2.020100
v 0.507300 0.085200 2.020700
v 0.508800 0.084800 2.020100
v 0.504600 0.082100 2.036200
v 0.507300 0.085200 2.020700
v 0.504600 0.082100 2.036200
v 0.508800 0.084800 2.020100
v 0.506200 0.081900 2.035700
v 0.537100 0.080600 1.978700
v 0.534000 0.082600 2.012200
v 0.531600 0.079800 2.030400
v 0.537100 0.080600 1.978700
v 0.536000 0.083500 1.996000
v 0.534000 0.082600 2.012200
v 0.537100 0.080600 1.978700
v 0.538600 0.083900 1.974700
v 0.536000 0.083500 1.996000
v 0.537600 0.083500 1.995500
v 0.538600 0.083900 1.974700
v 0.540200 0.083900 1.974500
v 0.538600 0.083900 1.974700
v 0.537600 0.083500 1.995500
v 0.536000 0.083500 1.996000
v 0.535500 0.082500 2.011600
v 0.536000 0.083500 1.996000
v 0.537600 0.083500 1.995500
v 0.536000 0.083500 1.996000
v 0.535500 0.082500 2.011600
v 0.534000 0.082600 2.012200
v 0.535500 0.082500 2.011600
v 0.531600 0.079800 2.030400
v 0.534000 0.082600 2.012200
v 0.531600 0.079800 2.030400
v 0.535500 0.082500 2.011600
v 0.533200 0.079800 2.029600
v 0.563600 0.079400 1.970800
v 0.560800 0.081500 2.001700
v 0.558500 0.078900 2.018500
v 0.563600 0.079400 1.970800
v 0.562600 0.082300 1.986800
v 0.560800 0.081500 2.001700
v 0.563600 0.079400 1.970800
v 0.565000 0.082700 1.967400
v 0.562600 0.082300 1.986800
v 0.564200 0.082400 1.986300
v 0.565000 0.082700 1.967400
v 0.566600 0.082600 1.966600
v 0.565000 0.082700 1.967400
v 0.564200 0.082400 1.986300
v 0.562600 0.082300 1.986800
v 0.562300 0.081500 2.001100
v 0.562600 0.082300 1.986800
v 0.564200 0.082400 1.986300
v 0.562600 0.082300 1.986800
v 0.562300 0.081500 2.001100
v 0.560800 0.081500 2.001700
v 0.562300 0.081500 2.001100
v 0.558500 0.078900 2.018500
v 0.560800 0.081500 2.001700
v 0.558500 0.078900 2.018500
v 0.562300 0.081500 2.001100
v 0.560200 0.078800 2.017800
v 0.590400 0.078300 1.961800
v 0.587600 0.080500 1.991500
v 0.585300 0.077900 2.007700
v 0.590400 0.078300 1.961800
v 0.589400 0.081300 1.977100
v 0.587600 0.080500 1.991500
v 0.590400 0.078300 1.961800
v 0.591800 0.081600 1.957900
v 0.589400 0.081300 1.977100
v 0.591000 0.081300 1.976600
v 0.591800 0.081600 1.957900
v 0.593500 0.081500 1.957200
v 0.591800 0.081600 1.957900
v 0.591000 0.081300 1.976600
v 0.589400 0.081300 1.977100
v 0.589100 0.080500 1.990900
v 0.589400 0.081300 1.977100
v 0.591000 0.081300 1.976600
v 0.589400 0.081300 1.977100
v 0.589100 0.080500 1.990900
v 0.587600 0.080500 1.991500
v 0.589100 0.080500 1.990900
v 0.585300 0.077900 2.007700
v 0.587600 0.080500 1.991500
v 0.585300 0.077900 2.007700
v 0.589100 0.080500 1.990900
v 0.587000 0.077900 2.006900
v 0.617200 0.077400 1.951400
v 0.614800 0.079500 1.979400
v 0.612700 0.076800 1.994600
v 0.617200 0.077400 1.951400
v 0.616400 0.080300 1.965900
v 0.614800 0.079500 1.979400
v 0.617200 0.077400 1.951400
v 0.618600 0.080700 1.947600
v 0.616400 0.080300 1.965900
v 0.618000 0.080400 1.965600
v 0.618600 0.080700 1.947600
v 0.620400 0.080700 1.947000
v 0.618600 0.080700 1.947600
v 0.618000 0.080400 1.965600
v 0.616400 0.080300 1.965900
v 0.616300 0.079500 1.979000
v 0.616400 0.080300 1.965900
v 0.618000 0.080400 1.965600
v 0.616400 0.080300 1.965900
v 0.616300 0.079500 1.979000
v 0.614800 0.079500 1.979400
v 0.616300 0.079500 1.979000
v 0.612700 0.076800 1.994600
v 0.614800 0.079500 1.979400
v 0.612700 0.076800 1.994600
v 0.616300 0.079500 1.979000
v 0.614300 0.076800 1.994000
v 0.644400 0.076600 1.939600
v 0.642300 0.078700 1.966300
v 0.640400 0.076100 1.980600
v 0.644400 0.076600 1.939600
v 0.643800 0.079600 1.953500
v 0.642300 0.078700 1.966300
v 0.644400 0.076600 1.939600
v 0.645700 0.080000 1.935600
v 0.643800 0.079600 1.953500
v 0.645300 0.079600 1.953200
v 0.645700 0.080000 1.935600
v 0.647500 0.079900 1.934900
v 0.645700 0.080000 1.935600
v 0.645300 0.079600 1.953200
v 0.643800 0.079600 1.953500
v 0.643800 0.078700 1.965800
v 0.643800 0.079600 1.953500
v 0.645300 0.079600 1.953200
v 0.643800 0.079600 1.953500
v 0.643800 0.078700 1.965800
v 0.642300 0.078700 1.966300
v 0.643800 0.078700 1.965800
v 0.640400 0.076100 1.980600
v 0.642300 0.078700 1.966300
v 0.640400 0.076100 1.980600
v 0.643800 0.078700 1.965800
v 0.642000 0.076000 1.980000
v 0.811600 0.070700 1.849100
v 0.812500 0.074300 1.845600
v 0.811700 0.073500 1.854600
v 0.811600 0.070700 1.849100
v 0.811700 0.073500 1.854600
v 0.810900 0.072000 1.861500
v 0.811600 0.070700 1.849100
v 0.810900 0.072000 1.861500
v 0.810000 0.069500 1.868300
v 0.813100 0.073400 1.854000
v 0.812500 0.074300 1.845600
v 0.814100 0.074200 1.844700
v 0.812500 0.074300 1.845600
v 0.813100 0.073400 1.854000
v 0.811700 0.073500 1.854600
v 0.812200 0.071900 1.860800
v 0.811700 0.073500 1.854600
v 0.813100 0.073400 1.854000
v 0.811700 0.073500 1.854600
v 0.812200 0.071900 1.860800
v 0.810900 0.072000 1.861500
v 0.812200 0.071900 1.860800
v 0.810000 0.069500 1.868300
v 0.810900 0.072000 1.861500
v 0.810000 0.069500 1.868300
v 0.812200 0.071900 1.860800
v 0.811600 0.069400 1.867000
v 0.671500 0.075700 1.927400
v 0.669700 0.077800 1.951900
v 0.668000 0.075100 1.965400
v 0.671500 0.075700 1.927400
v 0.671000 0.078600 1.939900
v 0.669700 0.077800 1.951900
v 0.671500 0.075700 1.927400
v 0.672800 0.079000 1.923600
v 0.671000 0.078600 1.939900
v 0.672500 0.078700 1.939200
v 0.672800 0.079000 1.923600
v 0.674600 0.079000 1.923100
v 0.672800 0.079000 1.923600
v 0.672500 0.078700 1.939200
v 0.671000 0.078600 1.939900
v 0.671200 0.077800 1.951100
v 0.671000 0.078600 1.939900
v 0.672500 0.078700 1.939200
v 0.671000 0.078600 1.939900
v 0.671200 0.077800 1.951100
v 0.669700 0.077800 1.951900
v 0.671200 0.077800 1.951100
v 0.668000 0.075100 1.965400
v 0.669700 0.077800 1.951900
v 0.668000 0.075100 1.965400
v 0.671200 0.077800 1.951100
v 0.669600 0.075100 1.964500
v 0.783400 0.071700 1.867600
v 0.784300 0.075300 1.863700
v 0.783100 0.074500 1.874500
v 0.783400 0.071700 1.867600
v 0.783100 0.074500 1.874500
v 0.782300 0.073600 1.881500
v 0.783400 0.071700 1.867600
v 0.782300 0.073600 1.881500
v 0.781000 0.070300 1.891400
v 0.727100 0.073800 1.899100
v 0.728300 0.077100 1.895600
v 0.726800 0.076600 1.910000
v 0.727100 0.073800 1.899100
v 0.726800 0.076600 1.910000
v 0.725700 0.075700 1.919900
v 0.727100 0.073800 1.899100
v 0.725700 0.075700 1.919900
v 0.724300 0.072900 1.931100
v 0.699400 0.074600 1.913800
v 0.697700 0.076700 1.936400
v 0.696000 0.074000 1.948900
v 0.699400 0.074600 1.913800
v 0.699000 0.077500 1.925300
v 0.697700 0.076700 1.936400
v 0.699400 0.074600 1.913800
v 0.700700 0.077900 1.910300
v 0.699000 0.077500 1.925300
v 0.784800 0.074500 1.873300
v 0.784300 0.075300 1.863700
v 0.786000 0.075200 1.862800
v 0.784300 0.075300 1.863700
v 0.784800 0.074500 1.873300
v 0.783100 0.074500 1.874500
v 0.783700 0.073500 1.880700
v 0.783100 0.074500 1.874500
v 0.784800 0.074500 1.873300
v 0.783100 0.074500 1.874500
v 0.783700 0.073500 1.880700
v 0.782300 0.073600 1.881500
v 0.783700 0.073500 1.880700
v 0.781000 0.070300 1.891400
v 0.782300 0.073600 1.881500
v 0.781000 0.070300 1.891400
v 0.783700 0.073500 1.880700
v 0.782700 0.070500 1.889800
v 0.700500 0.077500 1.924700
v 0.700700 0.077900 1.910300
v 0.702500 0.077900 1.909500
v 0.700700 0.077900 1.910300
v 0.700500 0.077500 1.924700
v 0.699000 0.077500 1.925300
v 0.699100 0.076600 1.935700
v 0.699000 0.077500 1.925300
v 0.700500 0.077500 1.924700
v 0.699000 0.077500 1.925300
v 0.699100 0.076600 1.935700
v 0.697700 0.076700 1.936400
v 0.699100 0.076600 1.935700
v 0.696000 0.074000 1.948900
v 0.697700 0.076700 1.936400
v 0.696000 0.074000 1.948900
v 0.699100 0.076600 1.935700
v 0.697600 0.074000 1.948000
v 0.486500 0.149900 1.938800
v 0.486500 0.149700 1.924200
v 0.488100 0.149500 1.923900
v 0.486500 0.149700 1.924200
v 0.486500 0.149900 1.938800
v 0.485000 0.150200 1.938800
v 0.485500 0.149500 1.947400
v 0.485000 0.150200 1.938800
v 0.486500 0.149900 1.938800
v 0.485000 0.150200 1.938800
v 0.485500 0.149500 1.947400
v 0.483900 0.149800 1.947600
v 0.485500 0.149500 1.947400
v 0.482600 0.148100 1.957900
v 0.483900 0.149800 1.947600
v 0.482600 0.148100 1.957900
v 0.485500 0.149500 1.947400
v 0.484300 0.148000 1.957600
v 0.485300 0.147400 1.927100
v 0.486500 0.149700 1.924200
v 0.485000 0.150200 1.938800
v 0.485300 0.147400 1.927100
v 0.485000 0.150200 1.938800
v 0.483900 0.149800 1.947600
v 0.485300 0.147400 1.927100
v 0.483900 0.149800 1.947600
v 0.482600 0.148100 1.957900
v 0.512200 0.146200 1.922200
v 0.510800 0.148700 1.942700
v 0.509400 0.147100 1.953000
v 0.512200 0.146200 1.922200
v 0.511900 0.149000 1.933900
v 0.510800 0.148700 1.942700
v 0.512200 0.146200 1.922200
v 0.513400 0.148600 1.919300
v 0.511900 0.149000 1.933900
v 0.513400 0.148800 1.933900
v 0.513400 0.148600 1.919300
v 0.515000 0.148400 1.919000
v 0.513400 0.148600 1.919300
v 0.513400 0.148800 1.933900
v 0.511900 0.149000 1.933900
v 0.512400 0.148400 1.942600
v 0.511900 0.149000 1.933900
v 0.513400 0.148800 1.933900
v 0.511900 0.149000 1.933900
v 0.512400 0.148400 1.942600
v 0.510800 0.148700 1.942700
v 0.512400 0.148400 1.942600
v 0.509400 0.147100 1.953000
v 0.510800 0.148700 1.942700
v 0.509400 0.147100 1.953000
v 0.512400 0.148400 1.942600
v 0.511200 0.147000 1.952700
v 0.822400 0.115700 1.814000
v 0.821100 0.115700 1.792400
v 0.814600 0.116600 1.794900
v 0.790800 0.120000 1.803900
v 0.822400 0.115700 1.814000
v 0.814600 0.116600 1.794900
v 0.822400 0.115700 1.814000
v 0.790800 0.120000 1.803900
v 0.791900 0.120000 1.826700
v 0.790800 0.120000 1.803900
v 0.735900 0.126500 1.851100
v 0.791900 0.120000 1.826700
v 0.735900 0.126500 1.851100
v 0.790800 0.120000 1.803900
v 0.736300 0.126400 1.823300
v 0.736300 0.126400 1.823300
v 0.679100 0.131800 1.874100
v 0.735900 0.126500 1.851100
v 0.679100 0.131800 1.874100
v 0.736300 0.126400 1.823300
v 0.678700 0.131800 1.843000
v 0.678700 0.131800 1.843000
v 0.621000 0.136200 1.895000
v 0.679100 0.131800 1.874100
v 0.621000 0.136200 1.895000
v 0.678700 0.131800 1.843000
v 0.620900 0.136200 1.860600
v 0.620900 0.136200 1.860600
v 0.568000 0.139400 1.911600
v 0.621000 0.136200 1.895000
v 0.568000 0.139400 1.911600
v 0.620900 0.136200 1.860600
v 0.568200 0.139400 1.874800
v 0.568200 0.139400 1.874800
v 0.514500 0.141900 1.926100
v 0.568000 0.139400 1.911600
v 0.514500 0.141900 1.926100
v 0.568200 0.139400 1.874800
v 0.514900 0.141900 1.887300
v 0.480200 0.142700 1.898000
v 0.514500 0.141900 1.926100
v 0.514900 0.141900 1.887300
v 0.514500 0.141900 1.926100
v 0.480200 0.142700 1.898000
v 0.463400 0.142700 1.938400
v 0.478800 0.141500 1.899300
v 0.463400 0.142700 1.938400
v 0.480200 0.142700 1.898000
v 0.463400 0.142700 1.938400
v 0.478800 0.141500 1.899300
v 0.462100 0.141500 1.928500
v 0.463400 0.142700 1.938400
v 0.462100 0.141500 1.928500
v 0.461900 0.141500 1.939900
v 0.462600 0.139100 1.930700
v 0.461900 0.141500 1.939900
v 0.462100 0.141500 1.928500
v 0.461900 0.141500 1.939900
v 0.462600 0.139100 1.930700
v 0.462400 0.139100 1.942500
v 0.465000 0.134300 1.935300
v 0.462400 0.139100 1.942500
v 0.462600 0.139100 1.930700
v 0.462400 0.139100 1.942500
v 0.465000 0.134300 1.935300
v 0.464800 0.134300 1.947100
v 0.471200 0.124600 1.943400
v 0.464800 0.134300 1.947100
v 0.465000 0.134300 1.935300
v 0.464800 0.134300 1.947100
v 0.471200 0.124600 1.943400
v 0.471000 0.124600 1.954900
v 0.477500 0.115400 1.951500
v 0.471000 0.124600 1.954900
v 0.471200 0.124600 1.943400
v 0.471000 0.124600 1.954900
v 0.477500 0.115400 1.951500
v 0.477300 0.115400 1.962500
v 0.482500 0.109100 1.956600
v 0.477300 0.115400 1.962500
v 0.477500 0.115400 1.951500
v 0.477300 0.115400 1.962500
v 0.482500 0.109100 1.956600
v 0.482300 0.109100 1.967500
v 0.487300 0.104300 1.960200
v 0.482300 0.109100 1.967500
v 0.482500 0.109100 1.956600
v 0.482300 0.109100 1.967500
v 0.487300 0.104300 1.960200
v 0.487000 0.104300 1.971000
v 0.492600 0.100000 1.963100
v 0.487000 0.104300 1.971000
v 0.487300 0.104300 1.960200
v 0.487000 0.104300 1.971000
v 0.492600 0.100000 1.963100
v 0.492400 0.100000 1.973700
v 0.499600 0.095600 1.965500
v 0.492400 0.100000 1.973700
v 0.492600 0.100000 1.963100
v 0.492400 0.100000 1.973700
v 0.499600 0.095600 1.965500
v 0.499300 0.095600 1.976000
v 0.507400 0.092000 1.966500
v 0.499300 0.095600 1.976000
v 0.499600 0.095600 1.965500
v 0.499300 0.095600 1.976000
v 0.507400 0.092000 1.966500
v 0.507200 0.092000 1.977000
v 0.507400 0.092000 1.966500
v 0.516100 0.089500 1.976800
v 0.507200 0.092000 1.977000
v 0.516100 0.089500 1.976800
v 0.507400 0.092000 1.966500
v 0.516400 0.089500 1.966300
v 0.516400 0.089500 1.966300
v 0.527400 0.087700 1.975400
v 0.516100 0.089500 1.976800
v 0.527400 0.087700 1.975400
v 0.516400 0.089500 1.966300
v 0.527600 0.087700 1.964900
v 0.527600 0.087700 1.964900
v 0.573500 0.085300 1.961900
v 0.527400 0.087700 1.975400
v 0.573500 0.085300 1.961900
v 0.527600 0.087700 1.964900
v 0.573700 0.085300 1.951800
v 0.573700 0.085300 1.951800
v 0.624300 0.083500 1.942800
v 0.573500 0.085300 1.961900
v 0.624300 0.083500 1.942800
v 0.573700 0.085300 1.951800
v 0.624400 0.083500 1.933300
v 0.624400 0.083500 1.933300
v 0.685100 0.081300 1.915900
v 0.624300 0.083500 1.942800
v 0.685100 0.081300 1.915900
v 0.624400 0.083500 1.933300
v 0.685100 0.081300 1.907300
v 0.685100 0.081300 1.907300
v 0.741600 0.079100 1.887000
v 0.685100 0.081300 1.915900
v 0.741600 0.079100 1.887000
v 0.685100 0.081300 1.907300
v 0.741600 0.079100 1.879500
v 0.741600 0.079100 1.879500
v 0.791900 0.077000 1.857800
v 0.741600 0.079100 1.887000
v 0.791900 0.077000 1.857800
v 0.741600 0.079100 1.879500
v 0.791800 0.077000 1.851300
v 0.791800 0.077000 1.851300
v 0.817900 0.075900 1.840800
v 0.791900 0.077000 1.857800
v 0.817900 0.075900 1.840800
v 0.791800 0.077000 1.851300
v 0.817700 0.075900 1.834600
v 0.817700 0.075900 1.834600
v 0.820400 0.076300 1.838800
v 0.817900 0.075900 1.840800
v 0.820400 0.076300 1.838800
v 0.817700 0.075900 1.834600
v 0.820200 0.076300 1.832700
v 0.820200 0.076300 1.832700
v 0.822500 0.077000 1.836800
v 0.820400 0.076300 1.838800
v 0.822500 0.077000 1.836800
v 0.820200 0.076300 1.832700
v 0.822300 0.077000 1.830800
v 0.822300 0.077000 1.830800
v 0.824500 0.079000 1.834200
v 0.822500 0.077000 1.836800
v 0.824500 0.079000 1.834200
v 0.822300 0.077000 1.830800
v 0.824300 0.079000 1.828000
v 0.824300 0.079000 1.828000
v 0.825600 0.081600 1.831900
v 0.824500 0.079000 1.834200
v 0.825600 0.081600 1.831900
v 0.824300 0.079000 1.828000
v 0.825400 0.081600 1.825500
v 0.825400 0.081600 1.825500
v 0.826000 0.089700 1.826800
v 0.825600 0.081600 1.831900
v 0.826000 0.089700 1.826800
v 0.825400 0.081600 1.825500
v 0.825700 0.089700 1.820200
v 0.825700 0.089700 1.820200
v 0.825000 0.109400 1.816100
v 0.826000 0.089700 1.826800
v 0.825000 0.109400 1.816100
v 0.825700 0.089700 1.820200
v 0.824700 0.108800 1.810900
v 0.824700 0.108800 1.810900
v 0.824900 0.111600 1.814800
v 0.825000 0.109400 1.816100
v 0.824900 0.111600 1.814800
v 0.824700 0.108800 1.810900
v 0.824600 0.111600 1.809600
v 0.824600 0.111600 1.809600
v 0.824400 0.114100 1.813600
v 0.824900 0.111600 1.814800
v 0.824400 0.114100 1.813600
v 0.824600 0.111600 1.809600
v 0.824100 0.114100 1.808700
v 0.824400 0.114100 1.813600
v 0.824100 0.114100 1.808700
v 0.822400 0.115700 1.814000
v 0.823100 0.114100 1.792100
v 0.822400 0.115700 1.814000
v 0.824100 0.114100 1.808700
v 0.822400 0.115700 1.814000
v 0.823100 0.114100 1.792100
v 0.821100 0.115700 1.792400
v 0.822200 0.113800 1.806900
v 0.823600 0.111600 1.793100
v 0.823100 0.114100 1.792100
v 0.823600 0.111600 1.793100
v 0.822200 0.113800 1.806900
v 0.822700 0.111400 1.807900
v 0.822700 0.111400 1.807900
v 0.823900 0.107200 1.795100
v 0.823600 0.111600 1.793100
v 0.823900 0.107200 1.795100
v 0.822700 0.111400 1.807900
v 0.822800 0.108600 1.809200
v 0.822800 0.108600 1.809200
v 0.824900 0.089700 1.802600
v 0.823900 0.107200 1.795100
v 0.824900 0.089700 1.802600
v 0.822800 0.108600 1.809200
v 0.823800 0.089800 1.818500
v 0.823800 0.089800 1.818500
v 0.824500 0.085200 1.806600
v 0.824900 0.089700 1.802600
v 0.824500 0.085200 1.806600
v 0.823800 0.089800 1.818500
v 0.823500 0.082100 1.823800
v 0.823500 0.082100 1.823800
v 0.823500 0.082500 1.808600
v 0.824500 0.085200 1.806600
v 0.823500 0.082500 1.808600
v 0.823500 0.082100 1.823800
v 0.822700 0.080000 1.826300
v 0.822700 0.080000 1.826300
v 0.821500 0.080600 1.810700
v 0.823500 0.082500 1.808600
v 0.821500 0.080600 1.810700
v 0.822700 0.080000 1.826300
v 0.821300 0.078600 1.829000
v 0.821300 0.078600 1.829000
v 0.819400 0.079900 1.812300
v 0.821500 0.080600 1.810700
v 0.819400 0.079900 1.812300
v 0.821300 0.078600 1.829000
v 0.819700 0.078100 1.830900
v 0.819700 0.078100 1.830900
v 0.817000 0.079500 1.813900
v 0.819400 0.079900 1.812300
v 0.817000 0.079500 1.813900
v 0.819700 0.078100 1.830900
v 0.817600 0.077700 1.832800
v 0.817600 0.077700 1.832800
v 0.791300 0.080600 1.827900
v 0.817000 0.079500 1.813900
v 0.791300 0.080600 1.827900
v 0.817600 0.077700 1.832800
v 0.791800 0.078900 1.849500
v 0.791800 0.078900 1.849500
v 0.741400 0.082700 1.852200
v 0.791300 0.080600 1.827900
v 0.741400 0.082700 1.852200
v 0.791800 0.078900 1.849500
v 0.741600 0.081000 1.877700
v 0.741600 0.081000 1.877700
v 0.685300 0.084900 1.876200
v 0.741400 0.082700 1.852200
v 0.685300 0.084900 1.876200
v 0.741600 0.081000 1.877700
v 0.685200 0.083200 1.905500
v 0.685200 0.083200 1.905500
v 0.624900 0.087100 1.898800
v 0.685300 0.084900 1.876200
v 0.624900 0.087100 1.898800
v 0.685200 0.083200 1.905500
v 0.624500 0.085400 1.931500
v 0.624500 0.085400 1.931500
v 0.574400 0.088900 1.914900
v 0.624900 0.087100 1.898800
v 0.574400 0.088900 1.914900
v 0.624500 0.085400 1.931500
v 0.573800 0.087200 1.950000
v 0.573800 0.087200 1.950000
v 0.531000 0.092800 1.926500
v 0.574400 0.088900 1.914900
v 0.531000 0.092800 1.926500
v 0.573800 0.087200 1.950000
v 0.527800 0.089600 1.963100
v 0.527800 0.089600 1.963100
v 0.520300 0.095300 1.927800
v 0.531000 0.092800 1.926500
v 0.520300 0.095300 1.927800
v 0.527800 0.089600 1.963100
v 0.516800 0.091300 1.964400
v 0.516800 0.091300 1.964400
v 0.511800 0.098900 1.928100
v 0.520300 0.095300 1.927800
v 0.511800 0.098900 1.928100
v 0.516800 0.091300 1.964400
v 0.508100 0.093800 1.964700
v 0.508100 0.093800 1.964700
v 0.505000 0.103300 1.927400
v 0.511800 0.098900 1.928100
v 0.505000 0.103300 1.927400
v 0.508100 0.093800 1.964700
v 0.500500 0.097300 1.963700
v 0.500500 0.097300 1.963700
v 0.498600 0.108900 1.925700
v 0.505000 0.103300 1.927400
v 0.498600 0.108900 1.925700
v 0.500500 0.097300 1.963700
v 0.493800 0.101500 1.961300
v 0.493800 0.101500 1.961300
v 0.493700 0.114000 1.923600
v 0.498600 0.108900 1.925700
v 0.493700 0.114000 1.923600
v 0.493800 0.101500 1.961300
v 0.488600 0.105700 1.958400
v 0.488600 0.105700 1.958400
v 0.489600 0.119600 1.920900
v 0.493700 0.114000 1.923600
v 0.489600 0.119600 1.920900
v 0.488600 0.105700 1.958400
v 0.484000 0.110400 1.954800
v 0.489600 0.119600 1.920900
v 0.484000 0.110400 1.954800
v 0.479100 0.116600 1.949700
v 0.479100 0.116600 1.949700
v 0.483100 0.130300 1.911100
v 0.489600 0.119600 1.920900
v 0.483100 0.130300 1.911100
v 0.479100 0.116600 1.949700
v 0.472800 0.125700 1.941600
v 0.472800 0.125700 1.941600
v 0.479300 0.139100 1.901300
v 0.483100 0.130300 1.911100
v 0.479300 0.139100 1.901300
v 0.472800 0.125700 1.941600
v 0.466600 0.135300 1.933500
v 0.479300 0.139100 1.901300
v 0.466600 0.135300 1.933500
v 0.464400 0.139800 1.928900
v 0.463900 0.141900 1.926700
v 0.479300 0.139100 1.901300
v 0.464400 0.139800 1.928900
v 0.479300 0.139100 1.901300
v 0.463900 0.141900 1.926700
v 0.478800 0.141500 1.899300
v 0.538900 0.145100 1.915400
v 0.537600 0.147500 1.935900
v 0.536200 0.145900 1.946200
v 0.538900 0.145100 1.915400
v 0.538700 0.147900 1.927100
v 0.537600 0.147500 1.935900
v 0.538900 0.145100 1.915400
v 0.540100 0.147400 1.912500
v 0.538700 0.147900 1.927100
v 0.540200 0.147600 1.927100
v 0.540100 0.147400 1.912500
v 0.541800 0.147200 1.912100
v 0.540100 0.147400 1.912500
v 0.540200 0.147600 1.927100
v 0.538700 0.147900 1.927100
v 0.539100 0.147200 1.935700
v 0.538700 0.147900 1.927100
v 0.540200 0.147600 1.927100
v 0.538700 0.147900 1.927100
v 0.539100 0.147200 1.935700
v 0.537600 0.147500 1.935900
v 0.539100 0.147200 1.935700
v 0.536200 0.145900 1.946200
v 0.537600 0.147500 1.935900
v 0.536200 0.145900 1.946200
v 0.539100 0.147200 1.935700
v 0.537900 0.145800 1.945900
v 0.756300 0.075500 1.892200
v 0.756100 0.075900 1.880500
v 0.757900 0.075900 1.879500
v 0.756100 0.075900 1.880500
v 0.756300 0.075500 1.892200
v 0.754800 0.075400 1.893100
v 0.755300 0.074500 1.900900
v 0.754800 0.075400 1.893100
v 0.756300 0.075500 1.892200
v 0.754800 0.075400 1.893100
v 0.755300 0.074500 1.900900
v 0.753800 0.074500 1.901800
v 0.755300 0.074500 1.900900
v 0.752600 0.071800 1.911700
v 0.753800 0.074500 1.901800
v 0.752600 0.071800 1.911700
v 0.755300 0.074500 1.900900
v 0.754100 0.071700 1.910700
v 0.824400 0.114100 1.813600
v 0.831200 0.110900 1.812700
v 0.824900 0.111600 1.814800
v 0.831200 0.110900 1.812700
v 0.825000 0.109400 1.816100
v 0.824900 0.111600 1.814800
v 0.825000 0.109400 1.816100
v 0.831200 0.110900 1.812700
v 0.831800 0.108400 1.813300
v 0.831800 0.108400 1.813300
v 0.826000 0.089700 1.826800
v 0.825000 0.109400 1.816100
v 0.826000 0.089700 1.826800
v 0.831800 0.108400 1.813300
v 0.833100 0.086800 1.824600
v 0.833100 0.086800 1.824600
v 0.825600 0.081600 1.831900
v 0.826000 0.089700 1.826800
v 0.825600 0.081600 1.831900
v 0.833100 0.086800 1.824600
v 0.832600 0.076400 1.831200
v 0.832600 0.076400 1.831200
v 0.824500 0.079000 1.834200
v 0.825600 0.081600 1.831900
v 0.824500 0.079000 1.834200
v 0.832600 0.076400 1.831200
v 0.831200 0.073200 1.834000
v 0.831200 0.073200 1.834000
v 0.822500 0.077000 1.836800
v 0.824500 0.079000 1.834200
v 0.822500 0.077000 1.836800
v 0.831200 0.073200 1.834000
v 0.828300 0.071500 1.837000
v 0.828300 0.071500 1.837000
v 0.820400 0.076300 1.838800
v 0.822500 0.077000 1.836800
v 0.820400 0.076300 1.838800
v 0.828300 0.071500 1.837000
v 0.824600 0.070700 1.840500
v 0.824600 0.070700 1.840500
v 0.817900 0.075900 1.840800
v 0.820400 0.076300 1.838800
v 0.817900 0.075900 1.840800
v 0.824600 0.070700 1.840500
v 0.819100 0.070500 1.844500
v 0.819100 0.070500 1.844500
v 0.791900 0.077000 1.857800
v 0.817900 0.075900 1.840800
v 0.791900 0.077000 1.857800
v 0.819100 0.070500 1.844500
v 0.792200 0.071300 1.862600
v 0.792200 0.071300 1.862600
v 0.741600 0.079100 1.887000
v 0.791900 0.077000 1.857800
v 0.741600 0.079100 1.887000
v 0.792200 0.071300 1.862600
v 0.741600 0.073100 1.892300
v 0.741600 0.073100 1.892300
v 0.685100 0.081300 1.915900
v 0.741600 0.079100 1.887000
v 0.685100 0.081300 1.915900
v 0.741600 0.073100 1.892300
v 0.684400 0.075000 1.922200
v 0.684400 0.075000 1.922200
v 0.624300 0.083500 1.942800
v 0.685100 0.081300 1.915900
v 0.624300 0.083500 1.942800
v 0.684400 0.075000 1.922200
v 0.624400 0.077100 1.949000
v 0.624400 0.077100 1.949000
v 0.573500 0.085300 1.961900
v 0.624300 0.083500 1.942800
v 0.573500 0.085300 1.961900
v 0.624400 0.077100 1.949000
v 0.574100 0.078900 1.968100
v 0.574100 0.078900 1.968100
v 0.527400 0.087700 1.975400
v 0.573500 0.085300 1.961900
v 0.527400 0.087700 1.975400
v 0.574100 0.078900 1.968100
v 0.526600 0.081400 1.981900
v 0.526600 0.081400 1.981900
v 0.516100 0.089500 1.976800
v 0.527400 0.087700 1.975400
v 0.516100 0.089500 1.976800
v 0.526600 0.081400 1.981900
v 0.514700 0.083100 1.984000
v 0.514700 0.083100 1.984000
v 0.507200 0.092000 1.977000
v 0.516100 0.089500 1.976800
v 0.507200 0.092000 1.977000
v 0.514700 0.083100 1.984000
v 0.504600 0.085500 1.984400
v 0.504600 0.085500 1.984400
v 0.499300 0.095600 1.976000
v 0.507200 0.092000 1.977000
v 0.499300 0.095600 1.976000
v 0.504600 0.085500 1.984400
v 0.495900 0.088600 1.983900
v 0.487600 0.093100 1.981800
v 0.499300 0.095600 1.976000
v 0.495900 0.088600 1.983900
v 0.499300 0.095600 1.976000
v 0.487600 0.093100 1.981800
v 0.492400 0.100000 1.973700
v 0.481500 0.097800 1.978900
v 0.492400 0.100000 1.973700
v 0.487600 0.093100 1.981800
v 0.492400 0.100000 1.973700
v 0.481500 0.097800 1.978900
v 0.487000 0.104300 1.971000
v 0.475700 0.103400 1.974900
v 0.487000 0.104300 1.971000
v 0.481500 0.097800 1.978900
v 0.487000 0.104300 1.971000
v 0.475700 0.103400 1.974900
v 0.482300 0.109100 1.967500
v 0.469700 0.110700 1.969400
v 0.482300 0.109100 1.967500
v 0.475700 0.103400 1.974900
v 0.482300 0.109100 1.967500
v 0.469700 0.110700 1.969400
v 0.477300 0.115400 1.962500
v 0.462600 0.120900 1.960700
v 0.477300 0.115400 1.962500
v 0.469700 0.110700 1.969400
v 0.477300 0.115400 1.962500
v 0.462600 0.120900 1.960700
v 0.471000 0.124600 1.954900
v 0.455200 0.133100 1.949800
v 0.471000 0.124600 1.954900
v 0.462600 0.120900 1.960700
v 0.471000 0.124600 1.954900
v 0.455200 0.133100 1.949800
v 0.464800 0.134300 1.947100
v 0.452600 0.137500 1.945300
v 0.464800 0.134300 1.947100
v 0.455200 0.133100 1.949800
v 0.464800 0.134300 1.947100
v 0.452600 0.137500 1.945300
v 0.462400 0.139100 1.942500
v 0.452600 0.137500 1.945300
v 0.451700 0.139700 1.943100
v 0.462400 0.139100 1.942500
v 0.451900 0.141600 1.940900
v 0.462400 0.139100 1.942500
v 0.451700 0.139700 1.943100
v 0.462400 0.139100 1.942500
v 0.451900 0.141600 1.940900
v 0.461900 0.141500 1.939900
v 0.565700 0.144000 1.908800
v 0.564400 0.146400 1.928600
v 0.563000 0.144800 1.938900
v 0.565700 0.144000 1.908800
v 0.565500 0.146800 1.919800
v 0.564400 0.146400 1.928600
v 0.565700 0.144000 1.908800
v 0.566900 0.146300 1.906100
v 0.565500 0.146800 1.919800
v 0.567000 0.146500 1.919800
v 0.566900 0.146300 1.906100
v 0.568600 0.146100 1.905500
v 0.566900 0.146300 1.906100
v 0.567000 0.146500 1.919800
v 0.565500 0.146800 1.919800
v 0.565900 0.146100 1.928400
v 0.565500 0.146800 1.919800
v 0.567000 0.146500 1.919800
v 0.565500 0.146800 1.919800
v 0.565900 0.146100 1.928400
v 0.564400 0.146400 1.928600
v 0.565900 0.146100 1.928400
v 0.563000 0.144800 1.938900
v 0.564400 0.146400 1.928600
v 0.563000 0.144800 1.938900
v 0.565900 0.146100 1.928400
v 0.564700 0.144700 1.938600
v 0.728300 0.076700 1.909000
v 0.728300 0.077100 1.895600
v 0.730100 0.077100 1.895200
v 0.728300 0.077100 1.895600
v 0.728300 0.076700 1.909000
v 0.726800 0.076600 1.910000
v 0.727200 0.075700 1.918900
v 0.726800 0.076600 1.910000
v 0.728300 0.076700 1.909000
v 0.726800 0.076600 1.910000
v 0.727200 0.075700 1.918900
v 0.725700 0.075700 1.919900
v 0.727200 0.075700 1.918900
v 0.724300 0.072900 1.931100
v 0.725700 0.075700 1.919900
v 0.724300 0.072900 1.931100
v 0.727200 0.075700 1.918900
v 0.725800 0.072900 1.929900
v 0.592700 0.142200 1.901100
v 0.591400 0.144700 1.920900
v 0.590000 0.143100 1.931300
v 0.592700 0.142200 1.901100
v 0.592500 0.145000 1.912200
v 0.591400 0.144700 1.920900
v 0.592700 0.142200 1.901100
v 0.593900 0.144600 1.898400
v 0.592500 0.145000 1.912200
v 0.594000 0.144800 1.912200
v 0.593900 0.144600 1.898400
v 0.595600 0.144400 1.897900
v 0.593900 0.144600 1.898400
v 0.594000 0.144800 1.912200
v 0.592500 0.145000 1.912200
v 0.592900 0.144400 1.920800
v 0.592500 0.145000 1.912200
v 0.594000 0.144800 1.912200
v 0.592500 0.145000 1.912200
v 0.592900 0.144400 1.920800
v 0.591400 0.144700 1.920900
v 0.592900 0.144400 1.920800
v 0.590000 0.143100 1.931300
v 0.591400 0.144700 1.920900
v 0.590000 0.143100 1.931300
v 0.592900 0.144400 1.920800
v 0.591700 0.143000 1.930900
v 0.458700 0.148400 1.931400
v 0.457400 0.150600 1.951900
v 0.456000 0.148900 1.962200
v 0.458700 0.148400 1.931400
v 0.458500 0.151100 1.943100
v 0.457400 0.150600 1.951900
v 0.458700 0.148400 1.931400
v 0.460000 0.150800 1.928500
v 0.458500 0.151100 1.943100
v 0.619600 0.140400 1.893500
v 0.618300 0.142900 1.912700
v 0.616900 0.141400 1.922800
v 0.619600 0.140400 1.893500
v 0.619300 0.143200 1.904100
v 0.618300 0.142900 1.912700
v 0.619600 0.140400 1.893500
v 0.620800 0.142800 1.890800
v 0.619300 0.143200 1.904100
v 0.620900 0.143000 1.904100
v 0.620800 0.142800 1.890800
v 0.622500 0.142600 1.890500
v 0.620800 0.142800 1.890800
v 0.620900 0.143000 1.904100
v 0.619300 0.143200 1.904100
v 0.619800 0.142600 1.912500
v 0.619300 0.143200 1.904100
v 0.620900 0.143000 1.904100
v 0.619300 0.143200 1.904100
v 0.619800 0.142600 1.912500
v 0.618300 0.142900 1.912700
v 0.619800 0.142600 1.912500
v 0.616900 0.141400 1.922800
v 0.618300 0.142900 1.912700
v 0.616900 0.141400 1.922800
v 0.619800 0.142600 1.912500
v 0.618600 0.141200 1.922500
v 0.646300 0.138400 1.885000
v 0.645200 0.140800 1.904000
v 0.644000 0.139200 1.913600
v 0.646300 0.138400 1.885000
v 0.646100 0.141100 1.895900
v 0.645200 0.140800 1.904000
v 0.646300 0.138400 1.885000
v 0.647500 0.140800 1.882300
v 0.646100 0.141100 1.895900
v 0.647600 0.140800 1.895900
v 0.647500 0.140800 1.882300
v 0.649100 0.140600 1.882000
v 0.647500 0.140800 1.882300
v 0.647600 0.140800 1.895900
v 0.646100 0.141100 1.895900
v 0.646700 0.140500 1.903900
v 0.646100 0.141100 1.895900
v 0.647600 0.140800 1.895900
v 0.646100 0.141100 1.895900
v 0.646700 0.140500 1.903900
v 0.645200 0.140800 1.904000
v 0.646700 0.140500 1.903900
v 0.644000 0.139200 1.913600
v 0.645200 0.140800 1.904000
v 0.644000 0.139200 1.913600
v 0.646700 0.140500 1.903900
v 0.645700 0.139100 1.913300
v 0.460000 0.150800 1.943100
v 0.460000 0.150800 1.928500
v 0.461600 0.150500 1.928200
v 0.460000 0.150800 1.928500
v 0.460000 0.150800 1.943100
v 0.458500 0.151100 1.943100
v 0.458900 0.150300 1.951700
v 0.458500 0.151100 1.943100
v 0.460000 0.150800 1.943100
v 0.458500 0.151100 1.943100
v 0.458900 0.150300 1.951700
v 0.457400 0.150600 1.951900
v 0.458900 0.150300 1.951700
v 0.456000 0.148900 1.962200
v 0.457400 0.150600 1.951900
v 0.456000 0.148900 1.962200
v 0.458900 0.150300 1.951700
v 0.457800 0.148800 1.961900
v 0.673400 0.136500 1.876400
v 0.672400 0.138500 1.894100
v 0.671100 0.137100 1.903500
v 0.673400 0.136500 1.876400
v 0.673300 0.138900 1.886100
v 0.672400 0.138500 1.894100
v 0.673400 0.136500 1.876400
v 0.674600 0.138500 1.873800
v 0.673300 0.138900 1.886100
v 0.674800 0.138600 1.886100
v 0.674600 0.138500 1.873800
v 0.676200 0.138300 1.873500
v 0.674600 0.138500 1.873800
v 0.674800 0.138600 1.886100
v 0.673300 0.138900 1.886100
v 0.673800 0.138200 1.893900
v 0.673300 0.138900 1.886100
v 0.674800 0.138600 1.886100
v 0.673300 0.138900 1.886100
v 0.673800 0.138200 1.893900
v 0.672400 0.138500 1.894100
v 0.673800 0.138200 1.893900
v 0.671100 0.137100 1.903500
v 0.672400 0.138500 1.894100
v 0.671100 0.137100 1.903500
v 0.673800 0.138200 1.893900
v 0.672800 0.137000 1.903200
v 0.755000 0.072600 1.884100
v 0.756100 0.075900 1.880500
v 0.754800 0.075400 1.893100
v 0.755000 0.072600 1.884100
v 0.754800 0.075400 1.893100
v 0.753800 0.074500 1.901800
v 0.755000 0.072600 1.884100
v 0.753800 0.074500 1.901800
v 0.752600 0.071800 1.911700
v 0.701000 0.134000 1.866200
v 0.700000 0.136100 1.883200
v 0.698700 0.134700 1.892500
v 0.701000 0.134000 1.866200
v 0.700900 0.136400 1.875400
v 0.700000 0.136100 1.883200
v 0.701000 0.134000 1.866200
v 0.702200 0.136100 1.863800
v 0.700900 0.136400 1.875400
v 0.702300 0.136200 1.875400
v 0.702200 0.136100 1.863800
v 0.703800 0.135900 1.863200
v 0.702200 0.136100 1.863800
v 0.702300 0.136200 1.875400
v 0.700900 0.136400 1.875400
v 0.701400 0.135800 1.883100
v 0.700900 0.136400 1.875400
v 0.702300 0.136200 1.875400
v 0.700900 0.136400 1.875400
v 0.701400 0.135800 1.883100
v 0.700000 0.136100 1.883200
v 0.701400 0.135800 1.883100
v 0.698700 0.134700 1.892500
v 0.700000 0.136100 1.883200
v 0.698700 0.134700 1.892500
v 0.701400 0.135800 1.883100
v 0.700400 0.134500 1.892200
v 0.783100 0.125100 1.832200
v 0.782500 0.126900 1.846400
v 0.781600 0.125900 1.853600
v 0.783100 0.125100 1.832200
v 0.783300 0.127100 1.839300
v 0.782500 0.126900 1.846400
v 0.783100 0.125100 1.832200
v 0.784200 0.126700 1.830300
v 0.783300 0.127100 1.839300
v 0.755700 0.128200 1.844400
v 0.755100 0.130300 1.859400
v 0.754200 0.129000 1.867000
v 0.755700 0.128200 1.844400
v 0.755900 0.130600 1.852100
v 0.755100 0.130300 1.859400
v 0.755700 0.128200 1.844400
v 0.756800 0.130300 1.842000
v 0.755900 0.130600 1.852100
v 0.728700 0.131300 1.855900
v 0.727600 0.133300 1.871500
v 0.726300 0.132100 1.880200
v 0.728700 0.131300 1.855900
v 0.728600 0.133700 1.864100
v 0.727600 0.133300 1.871500
v 0.728700 0.131300 1.855900
v 0.730000 0.133300 1.853600
v 0.728600 0.133700 1.864100
v 0.730100 0.133400 1.864100
v 0.730000 0.133300 1.853600
v 0.731600 0.133100 1.853000
v 0.730000 0.133300 1.853600
v 0.730100 0.133400 1.864100
v 0.728600 0.133700 1.864100
v 0.729100 0.133000 1.871400
v 0.728600 0.133700 1.864100
v 0.730100 0.133400 1.864100
v 0.728600 0.133700 1.864100
v 0.729100 0.133000 1.871400
v 0.727600 0.133300 1.871500
v 0.729100 0.133000 1.871400
v 0.726300 0.132100 1.880200
v 0.727600 0.133300 1.871500
v 0.726300 0.132100 1.880200
v 0.729100 0.133000 1.871400
v 0.728000 0.131800 1.880000
v 0.757300 0.130400 1.851700
v 0.756800 0.130300 1.842000
v 0.758400 0.130100 1.841300
v 0.756800 0.130300 1.842000
v 0.757300 0.130400 1.851700
v 0.755900 0.130600 1.852100
v 0.756600 0.130000 1.858900
v 0.755900 0.130600 1.852100
v 0.757300 0.130400 1.851700
v 0.755900 0.130600 1.852100
v 0.756600 0.130000 1.858900
v 0.755100 0.130300 1.859400
v 0.756600 0.130000 1.858900
v 0.754200 0.129000 1.867000
v 0.755100 0.130300 1.859400
v 0.754200 0.129000 1.867000
v 0.756600 0.130000 1.858900
v 0.755900 0.128800 1.866400
v 0.784700 0.126800 1.839200
v 0.784200 0.126700 1.830300
v 0.785800 0.126500 1.829700
v 0.784200 0.126700 1.830300
v 0.784700 0.126800 1.839200
v 0.783300 0.127100 1.839300
v 0.784000 0.126600 1.845700
v 0.783300 0.127100 1.839300
v 0.784700 0.126800 1.839200
v 0.783300 0.127100 1.839300
v 0.784000 0.126600 1.845700
v 0.782500 0.126900 1.846400
v 0.784000 0.126600 1.845700
v 0.781600 0.125900 1.853600
v 0.782500 0.126900 1.846400
v 0.781600 0.125900 1.853600
v 0.784000 0.126600 1.845700
v 0.783300 0.125600 1.852900
v 0.812700 0.122700 1.823800
v 0.812000 0.122700 1.816100
v 0.813600 0.122500 1.815200
v 0.812000 0.122700 1.816100
v 0.812700 0.122700 1.823800
v 0.811200 0.122900 1.823900
v 0.812000 0.122400 1.829200
v 0.811200 0.122900 1.823900
v 0.812700 0.122700 1.823800
v 0.811200 0.122900 1.823900
v 0.812000 0.122400 1.829200
v 0.810500 0.122700 1.829800
v 0.812000 0.122400 1.829200
v 0.809700 0.121800 1.835800
v 0.810500 0.122700 1.829800
v 0.809700 0.121800 1.835800
v 0.812000 0.122400 1.829200
v 0.811400 0.121500 1.834600
v -0.824100 0.114100 1.808700
v -0.823100 0.114100 1.792100
v -0.822200 0.113800 1.806900
v -0.478800 0.141500 1.899300
v -0.462100 0.141500 1.928500
v -0.463900 0.141900 1.926700
v -0.457200 0.101800 1.968400
v -0.450800 0.110700 1.962200
v -0.449300 0.110600 1.961600
v -0.442200 0.124200 1.952300
v -0.449300 0.110600 1.961600
v -0.450800 0.110700 1.962200
v -0.449300 0.110600 1.961600
v -0.442200 0.124200 1.952300
v -0.440200 0.124400 1.951500
v -0.435400 0.136200 1.942200
v -0.440200 0.124400 1.951500
v -0.442200 0.124200 1.952300
v -0.440200 0.124400 1.951500
v -0.435400 0.136200 1.942200
v -0.433900 0.136400 1.941500
v -0.433900 0.141400 1.937900
v -0.433900 0.136400 1.941500
v -0.435400 0.136200 1.942200
v -0.433900 0.136400 1.941500
v -0.433900 0.141400 1.937900
v -0.430700 0.143500 1.935900
v -0.434900 0.145100 1.934700
v -0.430700 0.143500 1.935900
v -0.433900 0.141400 1.937900
v -0.430700 0.143500 1.935900
v -0.434900 0.145100 1.934700
v -0.431700 0.147800 1.932000
v -0.439900 0.147400 1.932400
v -0.431700 0.147800 1.932000
v -0.434900 0.145100 1.934700
v -0.431700 0.147800 1.932000
v -0.439900 0.147400 1.932400
v -0.436300 0.150000 1.929900
v -0.447200 0.148200 1.931600
v -0.436300 0.150000 1.929900
v -0.439900 0.147400 1.932400
v -0.436300 0.150000 1.929900
v -0.447200 0.148200 1.931600
v -0.447300 0.151000 1.928700
v -0.458800 0.148200 1.931500
v -0.447300 0.151000 1.928700
v -0.447200 0.148200 1.931600
v -0.447300 0.151000 1.928700
v -0.458800 0.148200 1.931500
v -0.458800 0.150800 1.928500
v -0.513000 0.146500 1.921800
v -0.458800 0.150800 1.928500
v -0.458800 0.148200 1.931500
v -0.458800 0.150800 1.928500
v -0.513000 0.146500 1.921800
v -0.512400 0.149000 1.919000
v -0.566600 0.144000 1.908600
v -0.512400 0.149000 1.919000
v -0.513000 0.146500 1.921800
v -0.512400 0.149000 1.919000
v -0.566600 0.144000 1.908600
v -0.566000 0.146500 1.906100
v -0.619600 0.140500 1.893800
v -0.566000 0.146500 1.906100
v -0.566600 0.144000 1.908600
v -0.566000 0.146500 1.906100
v -0.619600 0.140500 1.893800
v -0.619000 0.143400 1.891100
v -0.677900 0.136000 1.875100
v -0.619000 0.143400 1.891100
v -0.619600 0.140500 1.893800
v -0.619000 0.143400 1.891100
v -0.677900 0.136000 1.875100
v -0.677400 0.139200 1.872300
v -0.735300 0.130700 1.853500
v -0.677400 0.139200 1.872300
v -0.677900 0.136000 1.875100
v -0.677400 0.139200 1.872300
v -0.735300 0.130700 1.853500
v -0.735000 0.134000 1.850900
v -0.787500 0.124600 1.830300
v -0.735000 0.134000 1.850900
v -0.735300 0.130700 1.853500
v -0.735000 0.134000 1.850900
v -0.787500 0.124600 1.830300
v -0.787400 0.128100 1.827800
v -0.823200 0.119100 1.811700
v -0.787400 0.128100 1.827800
v -0.787500 0.124600 1.830300
v -0.787400 0.128100 1.827800
v -0.823200 0.119100 1.811700
v -0.827900 0.122200 1.806700
v -0.824400 0.114100 1.813600
v -0.824900 0.111600 1.814800
v -0.831200 0.110900 1.812700
v -0.825000 0.109400 1.816100
v -0.831200 0.110900 1.812700
v -0.824900 0.111600 1.814800
v -0.831200 0.110900 1.812700
v -0.825000 0.109400 1.816100
v -0.831800 0.108400 1.813300
v -0.826000 0.089700 1.826800
v -0.831800 0.108400 1.813300
v -0.825000 0.109400 1.816100
v -0.831800 0.108400 1.813300
v -0.826000 0.089700 1.826800
v -0.833100 0.086800 1.824600
v -0.825600 0.081600 1.831900
v -0.833100 0.086800 1.824600
v -0.826000 0.089700 1.826800
v -0.833100 0.086800 1.824600
v -0.825600 0.081600 1.831900
v -0.832600 0.076400 1.831200
v -0.824500 0.079000 1.834200
v -0.832600 0.076400 1.831200
v -0.825600 0.081600 1.831900
v -0.832600 0.076400 1.831200
v -0.824500 0.079000 1.834200
v -0.831200 0.073200 1.834000
v -0.822500 0.077000 1.836800
v -0.831200 0.073200 1.834000
v -0.824500 0.079000 1.834200
v -0.831200 0.073200 1.834000
v -0.822500 0.077000 1.836800
v -0.828300 0.071500 1.837000
v -0.820400 0.076300 1.838800
v -0.828300 0.071500 1.837000
v -0.822500 0.077000 1.836800
v -0.828300 0.071500 1.837000
v -0.820400 0.076300 1.838800
v -0.824600 0.070700 1.840500
v -0.817900 0.075900 1.840800
v -0.824600 0.070700 1.840500
v -0.820400 0.076300 1.838800
v -0.824600 0.070700 1.840500
v -0.817900 0.075900 1.840800
v -0.819100 0.070500 1.844500
v -0.791900 0.077000 1.857800
v -0.819100 0.070500 1.844500
v -0.817900 0.075900 1.840800
v -0.819100 0.070500 1.844500
v -0.791900 0.077000 1.857800
v -0.792200 0.071300 1.862600
v -0.741600 0.079100 1.887000
v -0.792200 0.071300 1.862600
v -0.791900 0.077000 1.857800
v -0.792200 0.071300 1.862600
v -0.741600 0.079100 1.887000
v -0.741600 0.073100 1.892300
v -0.685100 0.081300 1.915900
v -0.741600 0.073100 1.892300
v -0.741600 0.079100 1.887000
v -0.741600 0.073100 1.892300
v -0.685100 0.081300 1.915900
v -0.684400 0.075000 1.922200
v -0.624300 0.083500 1.942800
v -0.684400 0.075000 1.922200
v -0.685100 0.081300 1.915900
v -0.684400 0.075000 1.922200
v -0.624300 0.083500 1.942800
v -0.624400 0.077100 1.949000
v -0.573500 0.085300 1.961900
v -0.624400 0.077100 1.949000
v -0.624300 0.083500 1.942800
v -0.624400 0.077100 1.949000
v -0.573500 0.085300 1.961900
v -0.574100 0.078900 1.968100
v -0.527400 0.087700 1.975400
v -0.574100 0.078900 1.968100
v -0.573500 0.085300 1.961900
v -0.574100 0.078900 1.968100
v -0.527400 0.087700 1.975400
v -0.526600 0.081400 1.981900
v -0.516100 0.089500 1.976800
v -0.526600 0.081400 1.981900
v -0.527400 0.087700 1.975400
v -0.526600 0.081400 1.981900
v -0.516100 0.089500 1.976800
v -0.514700 0.083100 1.984000
v -0.507200 0.092000 1.977000
v -0.514700 0.083100 1.984000
v -0.516100 0.089500 1.976800
v -0.514700 0.083100 1.984000
v -0.507200 0.092000 1.977000
v -0.504600 0.085500 1.984400
v -0.499300 0.095600 1.976000
v -0.504600 0.085500 1.984400
v -0.507200 0.092000 1.977000
v -0.504600 0.085500 1.984400
v -0.499300 0.095600 1.976000
v -0.495900 0.088600 1.983900
v -0.499300 0.095600 1.976000
v -0.487600 0.093100 1.981800
v -0.495900 0.088600 1.983900
v -0.487600 0.093100 1.981800
v -0.499300 0.095600 1.976000
v -0.492400 0.100000 1.973700
v -0.492400 0.100000 1.973700
v -0.481500 0.097800 1.978900
v -0.487600 0.093100 1.981800
v -0.481500 0.097800 1.978900
v -0.492400 0.100000 1.973700
v -0.487000 0.104300 1.971000
v -0.487000 0.104300 1.971000
v -0.475700 0.103400 1.974900
v -0.481500 0.097800 1.978900
v -0.475700 0.103400 1.974900
v -0.487000 0.104300 1.971000
v -0.482300 0.109100 1.967500
v -0.482300 0.109100 1.967500
v -0.469700 0.110700 1.969400
v -0.475700 0.103400 1.974900
v -0.469700 0.110700 1.969400
v -0.482300 0.109100 1.967500
v -0.477300 0.115400 1.962500
v -0.477300 0.115400 1.962500
v -0.462600 0.120900 1.960800
v -0.469700 0.110700 1.969400
v -0.462600 0.120900 1.960800
v -0.477300 0.115400 1.962500
v -0.471000 0.124600 1.954900
v -0.471000 0.124600 1.954900
v -0.455200 0.133100 1.949800
v -0.462600 0.120900 1.960800
v -0.455200 0.133100 1.949800
v -0.471000 0.124600 1.954900
v -0.464800 0.134300 1.947100
v -0.464800 0.134300 1.947100
v -0.452600 0.137500 1.945300
v -0.455200 0.133100 1.949800
v -0.452600 0.137500 1.945300
v -0.464800 0.134300 1.947100
v -0.462400 0.139100 1.942500
v -0.452600 0.137500 1.945300
v -0.462400 0.139100 1.942500
v -0.451700 0.139700 1.943100
v -0.462400 0.139100 1.942500
v -0.451900 0.141600 1.940900
v -0.451700 0.139700 1.943100
v -0.451900 0.141600 1.940900
v -0.462400 0.139100 1.942500
v -0.461900 0.141500 1.939900
v -0.460800 0.123800 1.958100
v -0.448800 0.120200 2.008000
v -0.452700 0.121900 1.998400
v -0.460800 0.123800 1.958100
v -0.452700 0.121900 1.998400
v -0.457400 0.123400 1.984200
v -0.460800 0.123800 1.958100
v -0.457400 0.123400 1.984200
v -0.465000 0.125400 1.956200
v -0.759200 0.127800 1.842600
v -0.758400 0.130100 1.841300
v -0.757300 0.130400 1.851700
v -0.759200 0.127800 1.842600
v -0.757300 0.130400 1.851700
v -0.756600 0.130000 1.858900
v -0.755900 0.128800 1.866400
v -0.759200 0.127800 1.842600
v -0.756600 0.130000 1.858900
v -0.785800 0.122500 1.854600
v -0.822400 0.115700 1.814000
v -0.821500 0.117200 1.832900
v -0.822400 0.115700 1.814000
v -0.785800 0.122500 1.854600
v -0.791900 0.120000 1.826700
v -0.734600 0.128400 1.880800
v -0.791900 0.120000 1.826700
v -0.785800 0.122500 1.854600
v -0.791900 0.120000 1.826700
v -0.734600 0.128400 1.880800
v -0.735900 0.126500 1.851100
v -0.676700 0.133800 1.905600
v -0.735900 0.126500 1.851100
v -0.734600 0.128400 1.880800
v -0.735900 0.126500 1.851100
v -0.676700 0.133800 1.905600
v -0.679100 0.131800 1.874100
v -0.618600 0.138200 1.926700
v -0.679100 0.131800 1.874100
v -0.676700 0.133800 1.905600
v -0.679100 0.131800 1.874100
v -0.618600 0.138200 1.926700
v -0.621000 0.136200 1.895000
v -0.565600 0.141700 1.943300
v -0.621000 0.136200 1.895000
v -0.618600 0.138200 1.926700
v -0.621000 0.136200 1.895000
v -0.565600 0.141700 1.943300
v -0.568000 0.139400 1.911600
v -0.512100 0.144200 1.957800
v -0.568000 0.139400 1.911600
v -0.565600 0.141700 1.943300
v -0.568000 0.139400 1.911600
v -0.512100 0.144200 1.957800
v -0.514500 0.141900 1.926100
v -0.458000 0.145900 1.970700
v -0.514500 0.141900 1.926100
v -0.512100 0.144200 1.957800
v -0.514500 0.141900 1.926100
v -0.458000 0.145900 1.970700
v -0.463400 0.142700 1.938400
v -0.461900 0.141500 1.939900
v -0.463400 0.142700 1.938400
v -0.458000 0.145900 1.970700
v -0.458000 0.145900 1.970700
v -0.451900 0.141600 1.940900
v -0.461900 0.141500 1.939900
v -0.451900 0.141600 1.940900
v -0.458000 0.145900 1.970700
v -0.447100 0.145900 1.973800
v -0.440700 0.145400 1.976600
v -0.451900 0.141600 1.940900
v -0.447100 0.145900 1.973800
v -0.440700 0.145400 1.976600
v -0.451700 0.139700 1.943100
v -0.451900 0.141600 1.940900
v -0.451700 0.139700 1.943100
v -0.440700 0.145400 1.976600
v -0.436900 0.144100 1.979900
v -0.436900 0.144100 1.979900
v -0.452600 0.137500 1.945300
v -0.451700 0.139700 1.943100
v -0.452600 0.137500 1.945300
v -0.436900 0.144100 1.979900
v -0.436300 0.141500 1.984000
v -0.436300 0.141500 1.984000
v -0.455200 0.133100 1.949800
v -0.452600 0.137500 1.945300
v -0.455200 0.133100 1.949800
v -0.436300 0.141500 1.984000
v -0.437400 0.137900 1.989600
v -0.437400 0.137900 1.989600
v -0.462600 0.120900 1.960800
v -0.455200 0.133100 1.949800
v -0.462600 0.120900 1.960800
v -0.437400 0.137900 1.989600
v -0.443600 0.126600 2.004300
v -0.443600 0.126600 2.004300
v -0.469700 0.110700 1.969400
v -0.462600 0.120900 1.960800
v -0.469700 0.110700 1.969400
v -0.443600 0.126600 2.004300
v -0.451800 0.113500 2.019900
v -0.451800 0.113500 2.019900
v -0.475700 0.103400 1.974900
v -0.469700 0.110700 1.969400
v -0.475700 0.103400 1.974900
v -0.451800 0.113500 2.019900
v -0.458000 0.105000 2.029300
v -0.458000 0.105000 2.029300
v -0.481500 0.097800 1.978900
v -0.475700 0.103400 1.974900
v -0.481500 0.097800 1.978900
v -0.458000 0.105000 2.029300
v -0.465400 0.097500 2.036400
v -0.465400 0.097500 2.036400
v -0.487600 0.093100 1.981800
v -0.481500 0.097800 1.978900
v -0.487600 0.093100 1.981800
v -0.465400 0.097500 2.036400
v -0.473100 0.091600 2.040900
v -0.473100 0.091600 2.040900
v -0.495900 0.088600 1.983900
v -0.487600 0.093100 1.981800
v -0.495900 0.088600 1.983900
v -0.473100 0.091600 2.040900
v -0.482500 0.086900 2.043200
v -0.494600 0.083400 2.042900
v -0.495900 0.088600 1.983900
v -0.482500 0.086900 2.043200
v -0.495900 0.088600 1.983900
v -0.494600 0.083400 2.042900
v -0.504600 0.085500 1.984400
v -0.507900 0.081300 2.040600
v -0.504600 0.085500 1.984400
v -0.494600 0.083400 2.042900
v -0.504600 0.085500 1.984400
v -0.507900 0.081300 2.040600
v -0.514700 0.083100 1.984000
v -0.524600 0.079900 2.036000
v -0.514700 0.083100 1.984000
v -0.507900 0.081300 2.040600
v -0.514700 0.083100 1.984000
v -0.524600 0.079900 2.036000
v -0.526600 0.081400 1.981900
v -0.573000 0.078200 2.017800
v -0.526600 0.081400 1.981900
v -0.524600 0.079900 2.036000
v -0.526600 0.081400 1.981900
v -0.573000 0.078200 2.017800
v -0.574100 0.078900 1.968100
v -0.623600 0.076600 1.994200
v -0.574100 0.078900 1.968100
v -0.573000 0.078200 2.017800
v -0.574100 0.078900 1.968100
v -0.623600 0.076600 1.994200
v -0.624400 0.077100 1.949000
v -0.683800 0.074400 1.961000
v -0.624400 0.077100 1.949000
v -0.623600 0.076600 1.994200
v -0.624400 0.077100 1.949000
v -0.683800 0.074400 1.961000
v -0.684400 0.075000 1.922200
v -0.740700 0.072200 1.924800
v -0.684400 0.075000 1.922200
v -0.683800 0.074400 1.961000
v -0.684400 0.075000 1.922200
v -0.740700 0.072200 1.924800
v -0.741600 0.073100 1.892300
v -0.791100 0.070100 1.887600
v -0.741600 0.073100 1.892300
v -0.740700 0.072200 1.924800
v -0.741600 0.073100 1.892300
v -0.791100 0.070100 1.887600
v -0.792200 0.071300 1.862600
v -0.822000 0.068800 1.861100
v -0.792200 0.071300 1.862600
v -0.791100 0.070100 1.887600
v -0.792200 0.071300 1.862600
v -0.822000 0.068800 1.861100
v -0.819100 0.070500 1.844500
v -0.826300 0.069200 1.856900
v -0.819100 0.070500 1.844500
v -0.822000 0.068800 1.861100
v -0.819100 0.070500 1.844500
v -0.826300 0.069200 1.856900
v -0.824600 0.070700 1.840500
v -0.829800 0.070800 1.852700
v -0.824600 0.070700 1.840500
v -0.826300 0.069200 1.856900
v -0.824600 0.070700 1.840500
v -0.829800 0.070800 1.852700
v -0.828300 0.071500 1.837000
v -0.831700 0.073800 1.849000
v -0.828300 0.071500 1.837000
v -0.829800 0.070800 1.852700
v -0.828300 0.071500 1.837000
v -0.831700 0.073800 1.849000
v -0.831200 0.073200 1.834000
v -0.832400 0.078200 1.846000
v -0.831200 0.073200 1.834000
v -0.831700 0.073800 1.849000
v -0.831200 0.073200 1.834000
v -0.832400 0.078200 1.846000
v -0.832600 0.076400 1.831200
v -0.832600 0.091700 1.839200
v -0.832600 0.076400 1.831200
v -0.832400 0.078200 1.846000
v -0.832600 0.076400 1.831200
v -0.832600 0.091700 1.839200
v -0.833100 0.086800 1.824600
v -0.831700 0.105100 1.832400
v -0.833100 0.086800 1.824600
v -0.832600 0.091700 1.839200
v -0.833100 0.086800 1.824600
v -0.831700 0.105100 1.832400
v -0.831800 0.108400 1.813300
v -0.831100 0.109900 1.830100
v -0.831800 0.108400 1.813300
v -0.831700 0.105100 1.832400
v -0.829600 0.113800 1.829100
v -0.831800 0.108400 1.813300
v -0.831100 0.109900 1.830100
v -0.831800 0.108400 1.813300
v -0.829600 0.113800 1.829100
v -0.831200 0.110900 1.812700
v -0.826700 0.115900 1.829900
v -0.831200 0.110900 1.812700
v -0.829600 0.113800 1.829100
v -0.831200 0.110900 1.812700
v -0.826700 0.115900 1.829900
v -0.824400 0.114100 1.813600
v -0.826700 0.115900 1.829900
v -0.822400 0.115700 1.814000
v -0.824400 0.114100 1.813600
v -0.822400 0.115700 1.814000
v -0.826700 0.115900 1.829900
v -0.821500 0.117200 1.832900
v -0.756800 0.130300 1.842000
v -0.757300 0.130400 1.851700
v -0.758400 0.130100 1.841300
v -0.757300 0.130400 1.851700
v -0.756800 0.130300 1.842000
v -0.755900 0.130600 1.852100
v -0.755900 0.130600 1.852100
v -0.756600 0.130000 1.858900
v -0.757300 0.130400 1.851700
v -0.756600 0.130000 1.858900
v -0.755900 0.130600 1.852100
v -0.755100 0.130300 1.859400
v -0.754200 0.129000 1.867000
v -0.756600 0.130000 1.858900
v -0.755100 0.130300 1.859400
v -0.756600 0.130000 1.858900
v -0.754200 0.129000 1.867000
v -0.755900 0.128800 1.866400
v -0.540100 0.147400 1.912400
v -0.540200 0.147600 1.927100
v -0.541800 0.147200 1.912100
v -0.540200 0.147600 1.927100
v -0.540100 0.147400 1.912400
v -0.538700 0.147900 1.927100
v -0.538700 0.147900 1.927100
v -0.539100 0.147200 1.935700
v -0.540200 0.147600 1.927100
v -0.539100 0.147200 1.935700
v -0.538700 0.147900 1.927100
v -0.537600 0.147500 1.935900
v -0.536200 0.145900 1.946200
v -0.539100 0.147200 1.935700
v -0.537600 0.147500 1.935900
v -0.539100 0.147200 1.935700
v -0.536200 0.145900 1.946200
v -0.537900 0.145800 1.945900
v -0.755700 0.128200 1.844400
v -0.755900 0.130600 1.852100
v -0.756800 0.130300 1.842000
v -0.755700 0.128200 1.844400
v -0.755100 0.130300 1.859400
v -0.755900 0.130600 1.852100
v -0.755700 0.128200 1.844400
v -0.754200 0.129000 1.867000
v -0.755100 0.130300 1.859400
v -0.537900 0.145800 1.945900
v -0.542400 0.144600 1.914500
v -0.539100 0.147200 1.935700
v -0.542400 0.144600 1.914500
v -0.540200 0.147600 1.927100
v -0.539100 0.147200 1.935700
v -0.542400 0.144600 1.914500
v -0.541800 0.147200 1.912100
v -0.540200 0.147600 1.927100
v -0.786600 0.124500 1.830700
v -0.785800 0.126500 1.829700
v -0.784700 0.126800 1.839200
v -0.786600 0.124500 1.830700
v -0.784700 0.126800 1.839200
v -0.784000 0.126600 1.845700
v -0.783300 0.125600 1.852900
v -0.786600 0.124500 1.830700
v -0.784000 0.126600 1.845700
v -0.784200 0.126700 1.830300
v -0.784700 0.126800 1.839200
v -0.785800 0.126500 1.829700
v -0.784700 0.126800 1.839200
v -0.784200 0.126700 1.830300
v -0.783300 0.127100 1.839300
v -0.783300 0.127100 1.839300
v -0.784000 0.126600 1.845700
v -0.784700 0.126800 1.839200
v -0.784000 0.126600 1.845700
v -0.783300 0.127100 1.839300
v -0.782500 0.126900 1.846400
v -0.781600 0.125900 1.853600
v -0.784000 0.126600 1.845700
v -0.782500 0.126900 1.846400
v -0.784000 0.126600 1.845700
v -0.781600 0.125900 1.853600
v -0.783300 0.125600 1.852900
v -0.538900 0.145100 1.915400
v -0.538700 0.147900 1.927100
v -0.540100 0.147400 1.912400
v -0.538900 0.145100 1.915400
v -0.537600 0.147500 1.935900
v -0.538700 0.147900 1.927100
v -0.538900 0.145100 1.915400
v -0.536200 0.145900 1.946200
v -0.537600 0.147500 1.935900
v -0.783100 0.125100 1.832200
v -0.783300 0.127100 1.839300
v -0.784200 0.126700 1.830300
v -0.783100 0.125100 1.832200
v -0.782500 0.126900 1.846400
v -0.783300 0.127100 1.839300
v -0.783100 0.125100 1.832200
v -0.781600 0.125900 1.853600
v -0.782500 0.126900 1.846400
v -0.646300 0.138400 1.885000
v -0.646100 0.141100 1.895900
v -0.647500 0.140800 1.882300
v -0.646300 0.138400 1.885000
v -0.645200 0.140800 1.904000
v -0.646100 0.141100 1.895900
v -0.646300 0.138400 1.885000
v -0.644000 0.139200 1.913600
v -0.645200 0.140800 1.904000
v -0.814400 0.120500 1.816200
v -0.813600 0.122500 1.815200
v -0.812700 0.122700 1.823800
v -0.814400 0.120500 1.816200
v -0.812700 0.122700 1.823800
v -0.812000 0.122400 1.829200
v -0.811400 0.121500 1.834600
v -0.814400 0.120500 1.816200
v -0.812000 0.122400 1.829200
v -0.812000 0.122700 1.816100
v -0.812700 0.122700 1.823800
v -0.813600 0.122500 1.815200
v -0.812700 0.122700 1.823800
v -0.812000 0.122700 1.816100
v -0.811200 0.122900 1.823900
v -0.811200 0.122900 1.823900
v -0.812000 0.122400 1.829200
v -0.812700 0.122700 1.823800
v -0.812000 0.122400 1.829200
v -0.811200 0.122900 1.823900
v -0.810500 0.122700 1.829800
v -0.809700 0.121800 1.835800
v -0.812000 0.122400 1.829200
v -0.810500 0.122700 1.829800
v -0.812000 0.122400 1.829200
v -0.809700 0.121800 1.835800
v -0.811400 0.121500 1.834600
v -0.565700 0.144000 1.908800
v -0.563000 0.144800 1.938900
v -0.564400 0.146400 1.928600
v -0.565700 0.144000 1.908800
v -0.564400 0.146400 1.928600
v -0.565500 0.146800 1.919800
v -0.565700 0.144000 1.908800
v -0.565500 0.146800 1.919800
v -0.566900 0.146300 1.906100
v -0.810900 0.121000 1.818000
v -0.811200 0.122900 1.823900
v -0.812000 0.122700 1.816100
v -0.810900 0.121000 1.818000
v -0.810500 0.122700 1.829800
v -0.811200 0.122900 1.823900
v -0.810900 0.121000 1.818000
v -0.809700 0.121800 1.835800
v -0.810500 0.122700 1.829800
v -0.839000 0.070700 1.827400
v -0.834700 0.071800 1.830900
v -0.832200 0.067900 1.834600
v -0.841900 0.075800 1.822100
v -0.834700 0.071800 1.830900
v -0.839000 0.070700 1.827400
v -0.834700 0.071800 1.830900
v -0.841900 0.075800 1.822100
v -0.835600 0.076900 1.826500
v -0.842900 0.090000 1.813400
v -0.835600 0.076900 1.826500
v -0.841900 0.075800 1.822100
v -0.835600 0.076900 1.826500
v -0.842900 0.090000 1.813400
v -0.835800 0.090600 1.818800
v -0.841800 0.107000 1.805100
v -0.835800 0.090600 1.818800
v -0.842900 0.090000 1.813400
v -0.835800 0.090600 1.818800
v -0.841800 0.107000 1.805100
v -0.835100 0.104300 1.811800
v -0.840600 0.113400 1.802500
v -0.835100 0.104300 1.811800
v -0.841800 0.107000 1.805100
v -0.835100 0.104300 1.811800
v -0.840600 0.113400 1.802500
v -0.834400 0.109900 1.809200
v -0.838500 0.117800 1.801800
v -0.834400 0.109900 1.809200
v -0.840600 0.113400 1.802500
v -0.834400 0.109900 1.809200
v -0.838500 0.117800 1.801800
v -0.832500 0.114600 1.808100
v -0.834000 0.120700 1.803300
v -0.832500 0.114600 1.808100
v -0.838500 0.117800 1.801800
v -0.832500 0.114600 1.808100
v -0.834000 0.120700 1.803300
v -0.828900 0.117400 1.808900
v -0.827900 0.122200 1.806700
v -0.828900 0.117400 1.808900
v -0.834000 0.120700 1.803300
v -0.828900 0.117400 1.808900
v -0.827900 0.122200 1.806700
v -0.823200 0.119100 1.811700
v -0.787500 0.124600 1.830300
v -0.822000 0.120100 1.831500
v -0.823200 0.119100 1.811700
v -0.822000 0.120100 1.831500
v -0.787500 0.124600 1.830300
v -0.786300 0.125500 1.853700
v -0.735300 0.130700 1.853500
v -0.786300 0.125500 1.853700
v -0.787500 0.124600 1.830300
v -0.786300 0.125500 1.853700
v -0.735300 0.130700 1.853500
v -0.734900 0.131400 1.880000
v -0.677900 0.136000 1.875100
v -0.734900 0.131400 1.880000
v -0.735300 0.130700 1.853500
v -0.734900 0.131400 1.880000
v -0.677900 0.136000 1.875100
v -0.676900 0.136800 1.904800
v -0.619600 0.140500 1.893800
v -0.676900 0.136800 1.904800
v -0.677900 0.136000 1.875100
v -0.676900 0.136800 1.904800
v -0.619600 0.140500 1.893800
v -0.618800 0.141200 1.925900
v -0.566600 0.144000 1.908600
v -0.618800 0.141200 1.925900
v -0.619600 0.140500 1.893800
v -0.618800 0.141200 1.925900
v -0.566600 0.144000 1.908600
v -0.565800 0.144700 1.942500
v -0.513000 0.146500 1.921800
v -0.565800 0.144700 1.942500
v -0.566600 0.144000 1.908600
v -0.565800 0.144700 1.942500
v -0.513000 0.146500 1.921800
v -0.512200 0.147200 1.957000
v -0.458800 0.148200 1.931500
v -0.512200 0.147200 1.957000
v -0.513000 0.146500 1.921800
v -0.512200 0.147200 1.957000
v -0.458800 0.148200 1.931500
v -0.458000 0.148900 1.969100
v -0.447200 0.148200 1.931600
v -0.458000 0.148900 1.969100
v -0.458800 0.148200 1.931500
v -0.458000 0.148900 1.969100
v -0.447200 0.148200 1.931600
v -0.446300 0.148900 1.971600
v -0.439900 0.147400 1.932400
v -0.446300 0.148900 1.971600
v -0.447200 0.148200 1.931600
v -0.446300 0.148900 1.971600
v -0.439900 0.147400 1.932400
v -0.439100 0.148100 1.974400
v -0.434900 0.145100 1.934700
v -0.439100 0.148100 1.974400
v -0.439900 0.147400 1.932400
v -0.439100 0.148100 1.974400
v -0.434900 0.145100 1.934700
v -0.434000 0.145800 1.978800
v -0.433900 0.141400 1.937900
v -0.434000 0.145800 1.978800
v -0.434900 0.145100 1.934700
v -0.434000 0.145800 1.978800
v -0.433900 0.141400 1.937900
v -0.433000 0.142100 1.984000
v -0.435400 0.136200 1.942200
v -0.433000 0.142100 1.984000
v -0.433900 0.141400 1.937900
v -0.433000 0.142100 1.984000
v -0.435400 0.136200 1.942200
v -0.434500 0.137000 1.990500
v -0.442200 0.124200 1.952300
v -0.434500 0.137000 1.990500
v -0.435400 0.136200 1.942200
v -0.434500 0.137000 1.990500
v -0.442200 0.124200 1.952300
v -0.441100 0.125000 2.005300
v -0.450800 0.110700 1.962200
v -0.441100 0.125000 2.005300
v -0.442200 0.124200 1.952300
v -0.441100 0.125000 2.005300
v -0.450800 0.110700 1.962200
v -0.449600 0.111700 2.020700
v -0.457200 0.101800 1.968400
v -0.449600 0.111700 2.020700
v -0.450800 0.110700 1.962200
v -0.449600 0.111700 2.020700
v -0.457200 0.101800 1.968400
v -0.455900 0.102800 2.030200
v -0.455900 0.102800 2.030200
v -0.457200 0.101800 1.968400
v -0.465700 0.093400 1.928000
v -0.455900 0.102800 2.030200
v -0.465700 0.093400 1.928000
v -0.463300 0.095400 2.037000
v -0.465700 0.093400 1.928000
v -0.457200 0.101800 1.968400
v -0.458300 0.100900 1.918800
v -0.473900 0.087400 1.936200
v -0.463300 0.095400 2.037000
v -0.465700 0.093400 1.928000
v -0.463300 0.095400 2.037000
v -0.473900 0.087400 1.936200
v -0.471500 0.089300 2.041400
v -0.449300 0.110600 1.961600
v -0.458300 0.100900 1.918800
v -0.457200 0.101800 1.968400
v -0.458300 0.100900 1.918800
v -0.449300 0.110600 1.961600
v -0.452000 0.109800 1.907400
v -0.483300 0.082800 1.942800
v -0.471500 0.089300 2.041400
v -0.473900 0.087400 1.936200
v -0.471500 0.089300 2.041400
v -0.483300 0.082800 1.942800
v -0.481400 0.084200 2.044000
v -0.440200 0.124400 1.951500
v -0.452000 0.109800 1.907400
v -0.449300 0.110600 1.961600
v -0.452000 0.109800 1.907400
v -0.440200 0.124400 1.951500
v -0.443500 0.123100 1.887800
v -0.496900 0.078500 1.949400
v -0.481400 0.084200 2.044000
v -0.483300 0.082800 1.942800
v -0.481400 0.084200 2.044000
v -0.496900 0.078500 1.949400
v -0.494500 0.080400 2.043800
v -0.433900 0.136400 1.941500
v -0.443500 0.123100 1.887800
v -0.440200 0.124400 1.951500
v -0.443500 0.123100 1.887800
v -0.433900 0.136400 1.941500
v -0.436900 0.135100 1.868500
v -0.510600 0.076200 1.952000
v -0.494500 0.080400 2.043800
v -0.496900 0.078500 1.949400
v -0.494500 0.080400 2.043800
v -0.510600 0.076200 1.952000
v -0.508200 0.078100 2.041500
v -0.430700 0.143500 1.935900
v -0.436900 0.135100 1.868500
v -0.433900 0.136400 1.941500
v -0.436900 0.135100 1.868500
v -0.430700 0.143500 1.935900
v -0.435400 0.140200 1.861700
v -0.527700 0.074800 1.949600
v -0.508200 0.078100 2.041500
v -0.510600 0.076200 1.952000
v -0.508200 0.078100 2.041500
v -0.527700 0.074800 1.949600
v -0.525300 0.076800 2.036800
v -0.431700 0.147800 1.932000
v -0.435400 0.140200 1.861700
v -0.430700 0.143500 1.935900
v -0.435400 0.140200 1.861700
v -0.431700 0.147800 1.932000
v -0.436400 0.143900 1.859400
v -0.576200 0.073300 1.931400
v -0.525300 0.076800 2.036800
v -0.527700 0.074800 1.949600
v -0.525300 0.076800 2.036800
v -0.576200 0.073300 1.931400
v -0.573800 0.075200 2.018500
v -0.436300 0.150000 1.929900
v -0.436400 0.143900 1.859400
v -0.431700 0.147800 1.932000
v -0.436400 0.143900 1.859400
v -0.436300 0.150000 1.929900
v -0.440000 0.146200 1.857500
v -0.626200 0.071600 1.910100
v -0.573800 0.075200 2.018500
v -0.576200 0.073300 1.931400
v -0.573800 0.075200 2.018500
v -0.626200 0.071600 1.910100
v -0.623800 0.073500 1.995100
v -0.447300 0.151000 1.928700
v -0.440000 0.146200 1.857500
v -0.436300 0.150000 1.929900
v -0.440000 0.146200 1.857500
v -0.447300 0.151000 1.928700
v -0.448700 0.147300 1.856200
v -0.686300 0.069500 1.883800
v -0.623800 0.073500 1.995100
v -0.626200 0.071600 1.910100
v -0.623800 0.073500 1.995100
v -0.686300 0.069500 1.883800
v -0.683900 0.071400 1.961800
v -0.458800 0.150800 1.928500
v -0.448700 0.147300 1.856200
v -0.447300 0.151000 1.928700
v -0.448700 0.147300 1.856200
v -0.458800 0.150800 1.928500
v -0.460400 0.146900 1.855100
v -0.742800 0.067300 1.857000
v -0.683900 0.071400 1.961800
v -0.686300 0.069500 1.883800
v -0.683900 0.071400 1.961800
v -0.742800 0.067300 1.857000
v -0.740400 0.069200 1.925900
v -0.512400 0.149000 1.919000
v -0.460400 0.146900 1.855100
v -0.458800 0.150800 1.928500
v -0.460400 0.146900 1.855100
v -0.512400 0.149000 1.919000
v -0.514600 0.145200 1.849700
v -0.792600 0.065200 1.832700
v -0.740400 0.069200 1.925900
v -0.742800 0.067300 1.857000
v -0.740400 0.069200 1.925900
v -0.792600 0.065200 1.832700
v -0.790200 0.067100 1.889400
v -0.566000 0.146500 1.906100
v -0.514600 0.145200 1.849700
v -0.512400 0.149000 1.919000
v -0.514600 0.145200 1.849700
v -0.566000 0.146500 1.906100
v -0.568200 0.142800 1.843300
v -0.824800 0.063900 1.815900
v -0.790200 0.067100 1.889400
v -0.792600 0.065200 1.832700
v -0.790200 0.067100 1.889400
v -0.824800 0.063900 1.815900
v -0.822400 0.065900 1.862500
v -0.619000 0.143400 1.891100
v -0.568200 0.142800 1.843300
v -0.566000 0.146500 1.906100
v -0.568200 0.142800 1.843300
v -0.619000 0.143400 1.891100
v -0.621200 0.139600 1.835900
v -0.677400 0.139200 1.872300
v -0.621200 0.139600 1.835900
v -0.619000 0.143400 1.891100
v -0.829600 0.064700 1.812600
v -0.822400 0.065900 1.862500
v -0.824800 0.063900 1.815900
v -0.621200 0.139600 1.835900
v -0.677400 0.139200 1.872300
v -0.679300 0.135400 1.825800
v -0.822400 0.065900 1.862500
v -0.829600 0.064700 1.812600
v -0.827300 0.066600 1.857600
v -0.735000 0.134000 1.850900
v -0.679300 0.135400 1.825800
v -0.677400 0.139200 1.872300
v -0.679300 0.135400 1.825800
v -0.735000 0.134000 1.850900
v -0.736000 0.130800 1.813600
v -0.787400 0.128100 1.827800
v -0.736000 0.130800 1.813600
v -0.735000 0.134000 1.850900
v -0.827300 0.066600 1.857600
v -0.829600 0.064700 1.812600
v -0.831200 0.068700 1.852800
v -0.736000 0.130800 1.813600
v -0.787400 0.128100 1.827800
v -0.788700 0.125900 1.800400
v -0.827900 0.122200 1.806700
v -0.788700 0.125900 1.800400
v -0.787400 0.128100 1.827800
v -0.788700 0.125900 1.800400
v -0.827900 0.122200 1.806700
v -0.827800 0.121400 1.790300
v -0.831200 0.068700 1.852800
v -0.829600 0.064700 1.812600
v -0.832200 0.067900 1.834600
v -0.832200 0.067900 1.834600
v -0.829600 0.064700 1.812600
v -0.833600 0.066700 1.808700
v -0.834700 0.071800 1.830900
v -0.831200 0.068700 1.852800
v -0.832200 0.067900 1.834600
v -0.831200 0.068700 1.852800
v -0.834700 0.071800 1.830900
v -0.833700 0.072600 1.848800
v -0.833600 0.066700 1.808700
v -0.839000 0.070700 1.827400
v -0.832200 0.067900 1.834600
v -0.835600 0.076900 1.826500
v -0.833700 0.072600 1.848800
v -0.834700 0.071800 1.830900
v -0.833700 0.072600 1.848800
v -0.835600 0.076900 1.826500
v -0.834600 0.077800 1.845500
v -0.839000 0.070700 1.827400
v -0.833600 0.066700 1.808700
v -0.836100 0.070600 1.805700
v -0.836100 0.070600 1.805700
v -0.841900 0.075800 1.822100
v -0.839000 0.070700 1.827400
v -0.835800 0.090600 1.818800
v -0.834600 0.077800 1.845500
v -0.835600 0.076900 1.826500
v -0.834600 0.077800 1.845500
v -0.835800 0.090600 1.818800
v -0.834600 0.091600 1.838400
v -0.841900 0.075800 1.822100
v -0.836100 0.070600 1.805700
v -0.837800 0.075900 1.802900
v -0.837800 0.075900 1.802900
v -0.842900 0.090000 1.813400
v -0.841900 0.075800 1.822100
v -0.835100 0.104300 1.811800
v -0.834600 0.091600 1.838400
v -0.835800 0.090600 1.818800
v -0.834600 0.091600 1.838400
v -0.835100 0.104300 1.811800
v -0.833900 0.105300 1.831300
v -0.842900 0.090000 1.813400
v -0.837800 0.075900 1.802900
v -0.838600 0.089600 1.797100
v -0.838600 0.089600 1.797100
v -0.841800 0.107000 1.805100
v -0.842900 0.090000 1.813400
v -0.834400 0.109900 1.809200
v -0.833900 0.105300 1.831300
v -0.835100 0.104300 1.811800
v -0.833900 0.105300 1.831300
v -0.834400 0.109900 1.809200
v -0.833200 0.110700 1.828300
v -0.841800 0.107000 1.805100
v -0.838600 0.089600 1.797100
v -0.838400 0.103700 1.792000
v -0.838400 0.103700 1.792000
v -0.840600 0.113400 1.802500
v -0.841800 0.107000 1.805100
v -0.832500 0.114600 1.808100
v -0.833200 0.110700 1.828300
v -0.834400 0.109900 1.809200
v -0.833200 0.110700 1.828300
v -0.832500 0.114600 1.808100
v -0.831300 0.115400 1.826900
v -0.840600 0.113400 1.802500
v -0.838400 0.103700 1.792000
v -0.838300 0.111700 1.789400
v -0.838300 0.111700 1.789400
v -0.838500 0.117800 1.801800
v -0.840600 0.113400 1.802500
v -0.828900 0.117400 1.808900
v -0.831300 0.115400 1.826900
v -0.832500 0.114600 1.808100
v -0.831300 0.115400 1.826900
v -0.828900 0.117400 1.808900
v -0.827600 0.118500 1.828000
v -0.838500 0.117800 1.801800
v -0.838300 0.111700 1.789400
v -0.836800 0.116500 1.788400
v -0.823200 0.119100 1.811700
v -0.827600 0.118500 1.828000
v -0.828900 0.117400 1.808900
v -0.827600 0.118500 1.828000
v -0.823200 0.119100 1.811700
v -0.822000 0.120100 1.831500
v -0.832700 0.119000 1.789300
v -0.838500 0.117800 1.801800
v -0.836800 0.116500 1.788400
v -0.838500 0.117800 1.801800
v -0.832700 0.119000 1.789300
v -0.834000 0.120700 1.803300
v -0.827800 0.121400 1.790300
v -0.834000 0.120700 1.803300
v -0.832700 0.119000 1.789300
v -0.834000 0.120700 1.803300
v -0.827800 0.121400 1.790300
v -0.827900 0.122200 1.806700
v -0.569200 0.143500 1.907900
v -0.568600 0.146100 1.905500
v -0.567000 0.146500 1.919800
v -0.569200 0.143500 1.907900
v -0.567000 0.146500 1.919800
v -0.565900 0.146100 1.928400
v -0.564700 0.144700 1.938600
v -0.569200 0.143500 1.907900
v -0.565900 0.146100 1.928400
v -0.674600 0.138500 1.873800
v -0.674800 0.138600 1.886100
v -0.676200 0.138300 1.873500
v -0.674800 0.138600 1.886100
v -0.674600 0.138500 1.873800
v -0.673300 0.138900 1.886100
v -0.673300 0.138900 1.886100
v -0.673800 0.138200 1.893900
v -0.674800 0.138600 1.886100
v -0.673800 0.138200 1.893900
v -0.673300 0.138900 1.886100
v -0.672400 0.138500 1.894100
v -0.671100 0.137100 1.903500
v -0.673800 0.138200 1.893900
v -0.672400 0.138500 1.894100
v -0.673800 0.138200 1.893900
v -0.671100 0.137100 1.903500
v -0.672800 0.137000 1.903200
v -0.510200 0.084100 1.983700
v -0.509700 0.086700 2.003000
v -0.512700 0.087200 1.980400
v -0.510200 0.084100 1.983700
v -0.507300 0.085200 2.020700
v -0.509700 0.086700 2.003000
v -0.510200 0.084100 1.983700
v -0.504600 0.082100 2.036200
v -0.507300 0.085200 2.020700
v -0.566900 0.146300 1.906100
v -0.567000 0.146500 1.919800
v -0.568600 0.146100 1.905500
v -0.567000 0.146500 1.919800
v -0.566900 0.146300 1.906100
v -0.565500 0.146800 1.919800
v -0.565500 0.146800 1.919800
v -0.565900 0.146100 1.928400
v -0.567000 0.146500 1.919800
v -0.565900 0.146100 1.928400
v -0.565500 0.146800 1.919800
v -0.564400 0.146400 1.928600
v -0.563000 0.144800 1.938900
v -0.565900 0.146100 1.928400
v -0.564400 0.146400 1.928600
v -0.565900 0.146100 1.928400
v -0.563000 0.144800 1.938900
v -0.564700 0.144700 1.938600
v -0.462400 0.121300 1.960400
v -0.465700 0.124300 1.956800
v -0.458200 0.122400 1.984500
v -0.462400 0.121300 1.960400
v -0.458200 0.122400 1.984500
v -0.453800 0.121100 1.998800
v -0.449500 0.119100 2.009200
v -0.462400 0.121300 1.960400
v -0.453800 0.121100 1.998800
v -0.465000 0.125400 1.956200
v -0.458200 0.122400 1.984500
v -0.465700 0.124300 1.956800
v -0.458200 0.122400 1.984500
v -0.465000 0.125400 1.956200
v -0.457400 0.123400 1.984200
v -0.457400 0.123400 1.984200
v -0.453800 0.121100 1.998800
v -0.458200 0.122400 1.984500
v -0.453800 0.121100 1.998800
v -0.457400 0.123400 1.984200
v -0.452700 0.121900 1.998400
v -0.448800 0.120200 2.008000
v -0.453800 0.121100 1.998800
v -0.452700 0.121900 1.998400
v -0.453800 0.121100 1.998800
v -0.448800 0.120200 2.008000
v -0.449500 0.119100 2.009200
v -0.472300 0.107300 1.972000
v -0.460900 0.103200 2.027000
v -0.464300 0.105100 2.017500
v -0.472300 0.107300 1.972000
v -0.464300 0.105100 2.017500
v -0.468900 0.107000 2.001300
v -0.472300 0.107300 1.972000
v -0.468900 0.107000 2.001300
v -0.476200 0.109300 1.969400
v -0.592700 0.142200 1.901100
v -0.590000 0.143100 1.931300
v -0.591400 0.144700 1.920900
v -0.592700 0.142200 1.901100
v -0.591400 0.144700 1.920900
v -0.592500 0.145000 1.912200
v -0.592700 0.142200 1.901100
v -0.592500 0.145000 1.912200
v -0.593900 0.144600 1.898400
v -0.596200 0.141800 1.900300
v -0.595600 0.144400 1.897900
v -0.594000 0.144800 1.912200
v -0.596200 0.141800 1.900300
v -0.594000 0.144800 1.912200
v -0.592900 0.144400 1.920800
v -0.591700 0.143000 1.931000
v -0.596200 0.141800 1.900300
v -0.592900 0.144400 1.920800
v -0.474500 0.105000 1.973700
v -0.477000 0.108200 1.970200
v -0.469700 0.106100 2.001700
v -0.474500 0.105000 1.973700
v -0.469700 0.106100 2.001700
v -0.465300 0.104400 2.017500
v -0.461700 0.102300 2.027800
v -0.474500 0.105000 1.973700
v -0.465300 0.104400 2.017500
v -0.476200 0.109300 1.969400
v -0.469700 0.106100 2.001700
v -0.477000 0.108200 1.970200
v -0.469700 0.106100 2.001700
v -0.476200 0.109300 1.969400
v -0.468900 0.107000 2.001300
v -0.468900 0.107000 2.001300
v -0.465300 0.104400 2.017500
v -0.469700 0.106100 2.001700
v -0.465300 0.104400 2.017500
v -0.468900 0.107000 2.001300
v -0.464300 0.105100 2.017500
v -0.460900 0.103200 2.027000
v -0.465300 0.104400 2.017500
v -0.464300 0.105100 2.017500
v -0.465300 0.104400 2.017500
v -0.460900 0.103200 2.027000
v -0.461700 0.102300 2.027800
v -0.593900 0.144600 1.898400
v -0.594000 0.144800 1.912200
v -0.595600 0.144400 1.897900
v -0.594000 0.144800 1.912200
v -0.593900 0.144600 1.898400
v -0.592500 0.145000 1.912200
v -0.592500 0.145000 1.912200
v -0.592900 0.144400 1.920800
v -0.594000 0.144800 1.912200
v -0.592900 0.144400 1.920800
v -0.592500 0.145000 1.912200
v -0.591400 0.144700 1.920900
v -0.590000 0.143100 1.931300
v -0.592900 0.144400 1.920800
v -0.591400 0.144700 1.920900
v -0.592900 0.144400 1.920800
v -0.590000 0.143100 1.931300
v -0.591700 0.143000 1.931000
v -0.488500 0.092800 1.981900
v -0.479700 0.088800 2.038200
v -0.484200 0.092300 2.020200
v -0.488500 0.092800 1.981900
v -0.484200 0.092300 2.020200
v -0.487500 0.093900 2.002800
v -0.488500 0.092800 1.981900
v -0.487500 0.093900 2.002800
v -0.491800 0.095500 1.979000
v -0.491700 0.090700 1.982900
v -0.493200 0.094600 1.979400
v -0.488700 0.093400 2.003000
v -0.491700 0.090700 1.982900
v -0.488700 0.093400 2.003000
v -0.485400 0.091700 2.020400
v -0.480900 0.088300 2.038400
v -0.491700 0.090700 1.982900
v -0.485400 0.091700 2.020400
v -0.491800 0.095500 1.979000
v -0.488700 0.093400 2.003000
v -0.493200 0.094600 1.979400
v -0.488700 0.093400 2.003000
v -0.491800 0.095500 1.979000
v -0.487500 0.093900 2.002800
v -0.487500 0.093900 2.002800
v -0.485400 0.091700 2.020400
v -0.488700 0.093400 2.003000
v -0.485400 0.091700 2.020400
v -0.487500 0.093900 2.002800
v -0.484200 0.092300 2.020200
v -0.479700 0.088800 2.038200
v -0.485400 0.091700 2.020400
v -0.484200 0.092300 2.020200
v -0.485400 0.091700 2.020400
v -0.479700 0.088800 2.038200
v -0.480900 0.088300 2.038400
v -0.619600 0.140400 1.893500
v -0.616900 0.141400 1.922800
v -0.618300 0.142900 1.912700
v -0.619600 0.140400 1.893500
v -0.618300 0.142900 1.912700
v -0.619300 0.143200 1.904100
v -0.619600 0.140400 1.893500
v -0.619300 0.143200 1.904100
v -0.620800 0.142800 1.890800
v -0.623100 0.140000 1.892500
v -0.622500 0.142600 1.890500
v -0.620900 0.143000 1.904100
v -0.623100 0.140000 1.892500
v -0.620900 0.143000 1.904100
v -0.619800 0.142600 1.912500
v -0.618600 0.141200 1.922500
v -0.623100 0.140000 1.892500
v -0.619800 0.142600 1.912500
v -0.755000 0.072600 1.884100
v -0.752600 0.071800 1.911700
v -0.753800 0.074500 1.901800
v -0.755000 0.072600 1.884100
v -0.753800 0.074500 1.901800
v -0.754800 0.075400 1.893100
v -0.755000 0.072600 1.884100
v -0.754800 0.075400 1.893100
v -0.756100 0.075900 1.880500
v -0.620800 0.142800 1.890800
v -0.620900 0.143000 1.904100
v -0.622500 0.142600 1.890500
v -0.620900 0.143000 1.904100
v -0.620800 0.142800 1.890800
v -0.619300 0.143200 1.904100
v -0.619300 0.143200 1.904100
v -0.619800 0.142600 1.912500
v -0.620900 0.143000 1.904100
v -0.619800 0.142600 1.912500
v -0.619300 0.143200 1.904100
v -0.618300 0.142900 1.912700
v -0.616900 0.141400 1.922800
v -0.619800 0.142600 1.912500
v -0.618300 0.142900 1.912700
v -0.619800 0.142600 1.912500
v -0.616900 0.141400 1.922800
v -0.618600 0.141200 1.922500
v -0.513900 0.083300 1.983600
v -0.514400 0.086900 1.980100
v -0.511300 0.086400 2.002500
v -0.513900 0.083300 1.983600
v -0.511300 0.086400 2.002500
v -0.508800 0.084800 2.020100
v -0.506200 0.081900 2.035700
v -0.513900 0.083300 1.983600
v -0.508800 0.084800 2.020100
v -0.512700 0.087200 1.980400
v -0.511300 0.086400 2.002500
v -0.514400 0.086900 1.980100
v -0.511300 0.086400 2.002500
v -0.512700 0.087200 1.980400
v -0.509700 0.086700 2.003000
v -0.509700 0.086700 2.003000
v -0.508800 0.084800 2.020100
v -0.511300 0.086400 2.002500
v -0.508800 0.084800 2.020100
v -0.509700 0.086700 2.003000
v -0.507300 0.085200 2.020700
v -0.504600 0.082100 2.036200
v -0.508800 0.084800 2.020100
v -0.507300 0.085200 2.020700
v -0.508800 0.084800 2.020100
v -0.504600 0.082100 2.036200
v -0.506200 0.081900 2.035700
v -0.537100 0.080600 1.978700
v -0.531600 0.079800 2.030400
v -0.534000 0.082600 2.012200
v -0.537100 0.080600 1.978700
v -0.534000 0.082600 2.012200
v -0.536000 0.083500 1.996000
v -0.537100 0.080600 1.978700
v -0.536000 0.083500 1.996000
v -0.538600 0.083900 1.974700
v -0.649800 0.137900 1.884000
v -0.649100 0.140600 1.882000
v -0.647600 0.140800 1.895900
v -0.649800 0.137900 1.884000
v -0.647600 0.140800 1.895900
v -0.646700 0.140500 1.903900
v -0.645700 0.139100 1.913300
v -0.649800 0.137900 1.884000
v -0.646700 0.140500 1.903900
v -0.541000 0.080400 1.977500
v -0.540200 0.083900 1.974500
v -0.537600 0.083500 1.995500
v -0.541000 0.080400 1.977500
v -0.537600 0.083500 1.995500
v -0.535500 0.082500 2.011600
v -0.533200 0.079800 2.029600
v -0.541000 0.080400 1.977500
v -0.535500 0.082500 2.011600
v -0.647500 0.140800 1.882300
v -0.647600 0.140800 1.895900
v -0.649100 0.140600 1.882000
v -0.647600 0.140800 1.895900
v -0.647500 0.140800 1.882300
v -0.646100 0.141100 1.895900
v -0.646100 0.141100 1.895900
v -0.646700 0.140500 1.903900
v -0.647600 0.140800 1.895900
v -0.646700 0.140500 1.903900
v -0.646100 0.141100 1.895900
v -0.645200 0.140800 1.904000
v -0.644000 0.139200 1.913600
v -0.646700 0.140500 1.903900
v -0.645200 0.140800 1.904000
v -0.646700 0.140500 1.903900
v -0.644000 0.139200 1.913600
v -0.645700 0.139100 1.913300
v -0.538600 0.083900 1.974700
v -0.537600 0.083500 1.995500
v -0.540200 0.083900 1.974500
v -0.537600 0.083500 1.995500
v -0.538600 0.083900 1.974700
v -0.536000 0.083500 1.996000
v -0.536000 0.083500 1.996000
v -0.535500 0.082500 2.011600
v -0.537600 0.083500 1.995500
v -0.535500 0.082500 2.011600
v -0.536000 0.083500 1.996000
v -0.534000 0.082600 2.012200
v -0.531600 0.079800 2.030400
v -0.535500 0.082500 2.011600
v -0.534000 0.082600 2.012200
v -0.535500 0.082500 2.011600
v -0.531600 0.079800 2.030400
v -0.533200 0.079800 2.029600
v -0.822700 0.111400 1.807900
v -0.824100 0.114100 1.808700
v -0.822200 0.113800 1.806900
v -0.824100 0.114100 1.808700
v -0.822700 0.111400 1.807900
v -0.824600 0.111600 1.809600
v -0.822800 0.108600 1.809200
v -0.824600 0.111600 1.809600
v -0.822700 0.111400 1.807900
v -0.824600 0.111600 1.809600
v -0.822800 0.108600 1.809200
v -0.824700 0.108800 1.810900
v -0.823800 0.089800 1.818500
v -0.824700 0.108800 1.810900
v -0.822800 0.108600 1.809200
v -0.824700 0.108800 1.810900
v -0.823800 0.089800 1.818500
v -0.825700 0.089700 1.820200
v -0.823500 0.082100 1.823800
v -0.825700 0.089700 1.820200
v -0.823800 0.089800 1.818500
v -0.825700 0.089700 1.820200
v -0.823500 0.082100 1.823800
v -0.825400 0.081600 1.825500
v -0.822700 0.080000 1.826300
v -0.825400 0.081600 1.825500
v -0.823500 0.082100 1.823800
v -0.825400 0.081600 1.825500
v -0.822700 0.080000 1.826300
v -0.824300 0.079000 1.828000
v -0.821300 0.078600 1.829000
v -0.824300 0.079000 1.828000
v -0.822700 0.080000 1.826300
v -0.824300 0.079000 1.828000
v -0.821300 0.078600 1.829000
v -0.822300 0.077000 1.830800
v -0.819700 0.078100 1.830900
v -0.822300 0.077000 1.830800
v -0.821300 0.078600 1.829000
v -0.822300 0.077000 1.830800
v -0.819700 0.078100 1.830900
v -0.820200 0.076300 1.832700
v -0.817600 0.077700 1.832800
v -0.820200 0.076300 1.832700
v -0.819700 0.078100 1.830900
v -0.820200 0.076300 1.832700
v -0.817600 0.077700 1.832800
v -0.817700 0.075900 1.834600
v -0.791800 0.078900 1.849500
v -0.817700 0.075900 1.834600
v -0.817600 0.077700 1.832800
v -0.817700 0.075900 1.834600
v -0.791800 0.078900 1.849500
v -0.791800 0.077000 1.851300
v -0.741600 0.081000 1.877700
v -0.791800 0.077000 1.851300
v -0.791800 0.078900 1.849500
v -0.791800 0.077000 1.851300
v -0.741600 0.081000 1.877700
v -0.741600 0.079100 1.879500
v -0.685200 0.083200 1.905500
v -0.741600 0.079100 1.879500
v -0.741600 0.081000 1.877700
v -0.741600 0.079100 1.879500
v -0.685200 0.083200 1.905500
v -0.685100 0.081300 1.907300
v -0.624500 0.085400 1.931500
v -0.685100 0.081300 1.907300
v -0.685200 0.083200 1.905500
v -0.685100 0.081300 1.907300
v -0.624500 0.085400 1.931500
v -0.624400 0.083500 1.933300
v -0.573800 0.087200 1.950000
v -0.624400 0.083500 1.933300
v -0.624500 0.085400 1.931500
v -0.624400 0.083500 1.933300
v -0.573800 0.087200 1.950000
v -0.573700 0.085300 1.951800
v -0.527800 0.089600 1.963100
v -0.573700 0.085300 1.951800
v -0.573800 0.087200 1.950000
v -0.573700 0.085300 1.951800
v -0.527800 0.089600 1.963100
v -0.527600 0.087700 1.964900
v -0.516800 0.091300 1.964400
v -0.527600 0.087700 1.964900
v -0.527800 0.089600 1.963100
v -0.527600 0.087700 1.964900
v -0.516800 0.091300 1.964400
v -0.516400 0.089500 1.966300
v -0.508100 0.093800 1.964700
v -0.516400 0.089500 1.966300
v -0.516800 0.091300 1.964400
v -0.516400 0.089500 1.966300
v -0.508100 0.093800 1.964700
v -0.507400 0.092000 1.966500
v -0.500500 0.097300 1.963700
v -0.507400 0.092000 1.966500
v -0.508100 0.093800 1.964700
v -0.507400 0.092000 1.966500
v -0.500500 0.097300 1.963700
v -0.499600 0.095600 1.965500
v -0.493800 0.101500 1.961300
v -0.499600 0.095600 1.965500
v -0.500500 0.097300 1.963700
v -0.499600 0.095600 1.965500
v -0.493800 0.101500 1.961300
v -0.492600 0.100000 1.963100
v -0.488600 0.105700 1.958400
v -0.492600 0.100000 1.963100
v -0.493800 0.101500 1.961300
v -0.492600 0.100000 1.963100
v -0.488600 0.105700 1.958400
v -0.487300 0.104300 1.960200
v -0.484000 0.110400 1.954800
v -0.487300 0.104300 1.960200
v -0.488600 0.105700 1.958400
v -0.487300 0.104300 1.960200
v -0.484000 0.110400 1.954800
v -0.482500 0.109100 1.956600
v -0.479100 0.116600 1.949700
v -0.482500 0.109100 1.956600
v -0.484000 0.110400 1.954800
v -0.482500 0.109100 1.956600
v -0.479100 0.116600 1.949700
v -0.477500 0.115400 1.951500
v -0.472800 0.125700 1.941600
v -0.477500 0.115400 1.951500
v -0.479100 0.116600 1.949700
v -0.477500 0.115400 1.951500
v -0.472800 0.125700 1.941600
v -0.471200 0.124600 1.943400
v -0.466600 0.135300 1.933500
v -0.471200 0.124600 1.943400
v -0.472800 0.125700 1.941600
v -0.471200 0.124600 1.943400
v -0.466600 0.135300 1.933500
v -0.465000 0.134300 1.935300
v -0.464400 0.139800 1.928900
v -0.465000 0.134300 1.935300
v -0.466600 0.135300 1.933500
v -0.465000 0.134300 1.935300
v -0.464400 0.139800 1.928900
v -0.462600 0.139100 1.930700
v -0.463900 0.141900 1.926700
v -0.462600 0.139100 1.930700
v -0.464400 0.139800 1.928900
v -0.462600 0.139100 1.930700
v -0.463900 0.141900 1.926700
v -0.462100 0.141500 1.928500
v -0.563600 0.079400 1.970800
v -0.558500 0.078900 2.018500
v -0.560800 0.081500 2.001700
v -0.563600 0.079400 1.970800
v -0.560800 0.081500 2.001700
v -0.562600 0.082300 1.986800
v -0.563600 0.079400 1.970800
v -0.562600 0.082300 1.986800
v -0.565000 0.082700 1.967400
v -0.728700 0.131300 1.855900
v -0.728600 0.133700 1.864100
v -0.730000 0.133300 1.853600
v -0.728700 0.131300 1.855900
v -0.727600 0.133300 1.871500
v -0.728600 0.133700 1.864100
v -0.728700 0.131300 1.855900
v -0.726300 0.132100 1.880200
v -0.727600 0.133300 1.871500
v -0.673400 0.136500 1.876400
v -0.671100 0.137100 1.903500
v -0.672400 0.138500 1.894100
v -0.673400 0.136500 1.876400
v -0.672400 0.138500 1.894100
v -0.673300 0.138900 1.886100
v -0.673400 0.136500 1.876400
v -0.673300 0.138900 1.886100
v -0.674600 0.138500 1.873800
v -0.567400 0.079200 1.970000
v -0.566600 0.082600 1.966600
v -0.564200 0.082400 1.986300
v -0.567400 0.079200 1.970000
v -0.564200 0.082400 1.986300
v -0.562300 0.081500 2.001100
v -0.560200 0.078800 2.017800
v -0.567400 0.079200 1.970000
v -0.562300 0.081500 2.001100
v -0.565000 0.082700 1.967400
v -0.564200 0.082400 1.986300
v -0.566600 0.082600 1.966600
v -0.564200 0.082400 1.986300
v -0.565000 0.082700 1.967400
v -0.562600 0.082300 1.986800
v -0.562600 0.082300 1.986800
v -0.562300 0.081500 2.001100
v -0.564200 0.082400 1.986300
v -0.562300 0.081500 2.001100
v -0.562600 0.082300 1.986800
v -0.560800 0.081500 2.001700
v -0.558500 0.078900 2.018500
v -0.562300 0.081500 2.001100
v -0.560800 0.081500 2.001700
v -0.562300 0.081500 2.001100
v -0.558500 0.078900 2.018500
v -0.560200 0.078800 2.017800
v -0.676900 0.136000 1.875500
v -0.676200 0.138300 1.873500
v -0.674800 0.138600 1.886100
v -0.676900 0.136000 1.875500
v -0.674800 0.138600 1.886100
v -0.673800 0.138200 1.893900
v -0.672800 0.137000 1.903200
v -0.676900 0.136000 1.875500
v -0.673800 0.138200 1.893900
v -0.590400 0.078300 1.961800
v -0.585300 0.077900 2.007700
v -0.587600 0.080500 1.991500
v -0.590400 0.078300 1.961800
v -0.587600 0.080500 1.991500
v -0.589400 0.081300 1.977100
v -0.590400 0.078300 1.961800
v -0.589400 0.081300 1.977100
v -0.591800 0.081600 1.957900
v -0.594200 0.078100 1.960200
v -0.593500 0.081500 1.957200
v -0.591000 0.081300 1.976600
v -0.594200 0.078100 1.960200
v -0.591000 0.081300 1.976600
v -0.589100 0.080500 1.990900
v -0.587000 0.077900 2.006900
v -0.594200 0.078100 1.960200
v -0.589100 0.080500 1.990900
v -0.591800 0.081600 1.957900
v -0.591000 0.081300 1.976600
v -0.593500 0.081500 1.957200
v -0.591000 0.081300 1.976600
v -0.591800 0.081600 1.957900
v -0.589400 0.081300 1.977100
v -0.589400 0.081300 1.977100
v -0.589100 0.080500 1.990900
v -0.591000 0.081300 1.976600
v -0.589100 0.080500 1.990900
v -0.589400 0.081300 1.977100
v -0.587600 0.080500 1.991500
v -0.585300 0.077900 2.007700
v -0.589100 0.080500 1.990900
v -0.587600 0.080500 1.991500
v -0.589100 0.080500 1.990900
v -0.585300 0.077900 2.007700
v -0.587000 0.077900 2.006900
v -0.756100 0.075900 1.880500
v -0.756300 0.075500 1.892200
v -0.757900 0.075900 1.879500
v -0.756300 0.075500 1.892200
v -0.756100 0.075900 1.880500
v -0.754800 0.075400 1.893100
v -0.754800 0.075400 1.893100
v -0.755300 0.074500 1.900900
v -0.756300 0.075500 1.892200
v -0.755300 0.074500 1.900900
v -0.754800 0.075400 1.893100
v -0.753800 0.074500 1.901800
v -0.752600 0.071800 1.911700
v -0.755300 0.074500 1.900900
v -0.753800 0.074500 1.901800
v -0.755300 0.074500 1.900900
v -0.752600 0.071800 1.911700
v -0.754100 0.071700 1.910700
v -0.617200 0.077400 1.951400
v -0.612700 0.076800 1.994600
v -0.614800 0.079500 1.979400
v -0.617200 0.077400 1.951400
v -0.614800 0.079500 1.979400
v -0.616400 0.080300 1.965900
v -0.617200 0.077400 1.951400
v -0.616400 0.080300 1.965900
v -0.618600 0.080700 1.947600
v -0.701000 0.134000 1.866200
v -0.698700 0.134700 1.892500
v -0.700000 0.136100 1.883200
v -0.701000 0.134000 1.866200
v -0.700000 0.136100 1.883200
v -0.700900 0.136400 1.875400
v -0.701000 0.134000 1.866200
v -0.700900 0.136400 1.875400
v -0.702200 0.136100 1.863800
v -0.704500 0.133500 1.865000
v -0.703800 0.135900 1.863200
v -0.702300 0.136200 1.875400
v -0.704500 0.133500 1.865000
v -0.702300 0.136200 1.875400
v -0.701400 0.135800 1.883100
v -0.700400 0.134500 1.892200
v -0.704500 0.133500 1.865000
v -0.701400 0.135800 1.883100
v -0.621000 0.077200 1.949900
v -0.620400 0.080700 1.947000
v -0.618000 0.080400 1.965600
v -0.621000 0.077200 1.949900
v -0.618000 0.080400 1.965600
v -0.616300 0.079500 1.979000
v -0.614300 0.076800 1.994000
v -0.621000 0.077200 1.949900
v -0.616300 0.079500 1.979000
v -0.618600 0.080700 1.947600
v -0.618000 0.080400 1.965600
v -0.620400 0.080700 1.947000
v -0.618000 0.080400 1.965600
v -0.618600 0.080700 1.947600
v -0.616400 0.080300 1.965900
v -0.616400 0.080300 1.965900
v -0.616300 0.079500 1.979000
v -0.618000 0.080400 1.965600
v -0.616300 0.079500 1.979000
v -0.616400 0.080300 1.965900
v -0.614800 0.079500 1.979400
v -0.612700 0.076800 1.994600
v -0.616300 0.079500 1.979000
v -0.614800 0.079500 1.979400
v -0.616300 0.079500 1.979000
v -0.612700 0.076800 1.994600
v -0.614300 0.076800 1.994000
v -0.702200 0.136100 1.863800
v -0.702300 0.136200 1.875400
v -0.703800 0.135900 1.863200
v -0.702300 0.136200 1.875400
v -0.702200 0.136100 1.863800
v -0.700900 0.136400 1.875400
v -0.700900 0.136400 1.875400
v -0.701400 0.135800 1.883100
v -0.702300 0.136200 1.875400
v -0.701400 0.135800 1.883100
v -0.700900 0.136400 1.875400
v -0.700000 0.136100 1.883200
v -0.698700 0.134700 1.892500
v -0.701400 0.135800 1.883100
v -0.700000 0.136100 1.883200
v -0.701400 0.135800 1.883100
v -0.698700 0.134700 1.892500
v -0.700400 0.134500 1.892200
v -0.644400 0.076600 1.939600
v -0.640400 0.076100 1.980600
v -0.642300 0.078700 1.966300
v -0.644400 0.076600 1.939600
v -0.642300 0.078700 1.966300
v -0.643800 0.079600 1.953500
v -0.644400 0.076600 1.939600
v -0.643800 0.079600 1.953500
v -0.645700 0.080000 1.935600
v -0.822400 0.115700 1.814000
v -0.814600 0.116600 1.794900
v -0.821100 0.115700 1.792400
v -0.822400 0.115700 1.814000
v -0.790800 0.120000 1.803900
v -0.814600 0.116600 1.794900
v -0.790800 0.120000 1.803900
v -0.822400 0.115700 1.814000
v -0.791900 0.120000 1.826700
v -0.735900 0.126500 1.851100
v -0.790800 0.120000 1.803900
v -0.791900 0.120000 1.826700
v -0.790800 0.120000 1.803900
v -0.735900 0.126500 1.851100
v -0.736300 0.126400 1.823300
v -0.679100 0.131800 1.874100
v -0.736300 0.126400 1.823300
v -0.735900 0.126500 1.851100
v -0.736300 0.126400 1.823300
v -0.679100 0.131800 1.874100
v -0.678700 0.131800 1.843000
v -0.621000 0.136200 1.895000
v -0.678700 0.131800 1.843000
v -0.679100 0.131800 1.874100
v -0.678700 0.131800 1.843000
v -0.621000 0.136200 1.895000
v -0.620900 0.136200 1.860600
v -0.568000 0.139400 1.911600
v -0.620900 0.136200 1.860600
v -0.621000 0.136200 1.895000
v -0.620900 0.136200 1.860600
v -0.568000 0.139400 1.911600
v -0.568200 0.139400 1.874800
v -0.514500 0.141900 1.926100
v -0.568200 0.139400 1.874800
v -0.568000 0.139400 1.911600
v -0.568200 0.139400 1.874800
v -0.514500 0.141900 1.926100
v -0.514900 0.141900 1.887300
v -0.514500 0.141900 1.926100
v -0.480200 0.142700 1.898000
v -0.514900 0.141900 1.887300
v -0.480200 0.142700 1.898000
v -0.514500 0.141900 1.926100
v -0.463400 0.142700 1.938400
v -0.463400 0.142700 1.938400
v -0.478800 0.141500 1.899300
v -0.480200 0.142700 1.898000
v -0.478800 0.141500 1.899300
v -0.463400 0.142700 1.938400
v -0.462100 0.141500 1.928500
v -0.463400 0.142700 1.938400
v -0.461900 0.141500 1.939900
v -0.462100 0.141500 1.928500
v -0.461900 0.141500 1.939900
v -0.462600 0.139100 1.930700
v -0.462100 0.141500 1.928500
v -0.462600 0.139100 1.930700
v -0.461900 0.141500 1.939900
v -0.462400 0.139100 1.942500
v -0.462400 0.139100 1.942500
v -0.465000 0.134300 1.935300
v -0.462600 0.139100 1.930700
v -0.465000 0.134300 1.935300
v -0.462400 0.139100 1.942500
v -0.464800 0.134300 1.947100
v -0.464800 0.134300 1.947100
v -0.471200 0.124600 1.943400
v -0.465000 0.134300 1.935300
v -0.471200 0.124600 1.943400
v -0.464800 0.134300 1.947100
v -0.471000 0.124600 1.954900
v -0.471000 0.124600 1.954900
v -0.477500 0.115400 1.951500
v -0.471200 0.124600 1.943400
v -0.477500 0.115400 1.951500
v -0.471000 0.124600 1.954900
v -0.477300 0.115400 1.962500
v -0.477300 0.115400 1.962500
v -0.482500 0.109100 1.956600
v -0.477500 0.115400 1.951500
v -0.482500 0.109100 1.956600
v -0.477300 0.115400 1.962500
v -0.482300 0.109100 1.967500
v -0.482300 0.109100 1.967500
v -0.487300 0.104300 1.960200
v -0.482500 0.109100 1.956600
v -0.487300 0.104300 1.960200
v -0.482300 0.109100 1.967500
v -0.487000 0.104300 1.971000
v -0.487000 0.104300 1.971000
v -0.492600 0.100000 1.963100
v -0.487300 0.104300 1.960200
v -0.492600 0.100000 1.963100
v -0.487000 0.104300 1.971000
v -0.492400 0.100000 1.973700
v -0.492400 0.100000 1.973700
v -0.499600 0.095600 1.965500
v -0.492600 0.100000 1.963100
v -0.499600 0.095600 1.965500
v -0.492400 0.100000 1.973700
v -0.499300 0.095600 1.976000
v -0.499300 0.095600 1.976000
v -0.507400 0.092000 1.966500
v -0.499600 0.095600 1.965500
v -0.507400 0.092000 1.966500
v -0.499300 0.095600 1.976000
v -0.507200 0.092000 1.977000
v -0.516100 0.089500 1.976800
v -0.507400 0.092000 1.966500
v -0.507200 0.092000 1.977000
v -0.507400 0.092000 1.966500
v -0.516100 0.089500 1.976800
v -0.516400 0.089500 1.966300
v -0.527400 0.087700 1.975400
v -0.516400 0.089500 1.966300
v -0.516100 0.089500 1.976800
v -0.516400 0.089500 1.966300
v -0.527400 0.087700 1.975400
v -0.527600 0.087700 1.964900
v -0.573500 0.085300 1.961900
v -0.527600 0.087700 1.964900
v -0.527400 0.087700 1.975400
v -0.527600 0.087700 1.964900
v -0.573500 0.085300 1.961900
v -0.573700 0.085300 1.951800
v -0.624300 0.083500 1.942800
v -0.573700 0.085300 1.951800
v -0.573500 0.085300 1.961900
v -0.573700 0.085300 1.951800
v -0.624300 0.083500 1.942800
v -0.624400 0.083500 1.933300
v -0.685100 0.081300 1.915900
v -0.624400 0.083500 1.933300
v -0.624300 0.083500 1.942800
v -0.624400 0.083500 1.933300
v -0.685100 0.081300 1.915900
v -0.685100 0.081300 1.907300
v -0.741600 0.079100 1.887000
v -0.685100 0.081300 1.907300
v -0.685100 0.081300 1.915900
v -0.685100 0.081300 1.907300
v -0.741600 0.079100 1.887000
v -0.741600 0.079100 1.879500
v -0.791900 0.077000 1.857800
v -0.741600 0.079100 1.879500
v -0.741600 0.079100 1.887000
v -0.741600 0.079100 1.879500
v -0.791900 0.077000 1.857800
v -0.791800 0.077000 1.851300
v -0.817900 0.075900 1.840800
v -0.791800 0.077000 1.851300
v -0.791900 0.077000 1.857800
v -0.791800 0.077000 1.851300
v -0.817900 0.075900 1.840800
v -0.817700 0.075900 1.834600
v -0.820400 0.076300 1.838800
v -0.817700 0.075900 1.834600
v -0.817900 0.075900 1.840800
v -0.817700 0.075900 1.834600
v -0.820400 0.076300 1.838800
v -0.820200 0.076300 1.832700
v -0.822500 0.077000 1.836800
v -0.820200 0.076300 1.832700
v -0.820400 0.076300 1.838800
v -0.820200 0.076300 1.832700
v -0.822500 0.077000 1.836800
v -0.822300 0.077000 1.830800
v -0.824500 0.079000 1.834200
v -0.822300 0.077000 1.830800
v -0.822500 0.077000 1.836800
v -0.822300 0.077000 1.830800
v -0.824500 0.079000 1.834200
v -0.824300 0.079000 1.828000
v -0.825600 0.081600 1.831900
v -0.824300 0.079000 1.828000
v -0.824500 0.079000 1.834200
v -0.824300 0.079000 1.828000
v -0.825600 0.081600 1.831900
v -0.825400 0.081600 1.825500
v -0.826000 0.089700 1.826800
v -0.825400 0.081600 1.825500
v -0.825600 0.081600 1.831900
v -0.825400 0.081600 1.825500
v -0.826000 0.089700 1.826800
v -0.825700 0.089700 1.820200
v -0.825000 0.109400 1.816100
v -0.825700 0.089700 1.820200
v -0.826000 0.089700 1.826800
v -0.825700 0.089700 1.820200
v -0.825000 0.109400 1.816100
v -0.824700 0.108800 1.810900
v -0.824900 0.111600 1.814800
v -0.824700 0.108800 1.810900
v -0.825000 0.109400 1.816100
v -0.824700 0.108800 1.810900
v -0.824900 0.111600 1.814800
v -0.824600 0.111600 1.809600
v -0.824400 0.114100 1.813600
v -0.824600 0.111600 1.809600
v -0.824900 0.111600 1.814800
v -0.824600 0.111600 1.809600
v -0.824400 0.114100 1.813600
v -0.824100 0.114100 1.808700
v -0.824400 0.114100 1.813600
v -0.822400 0.115700 1.814000
v -0.824100 0.114100 1.808700
v -0.822400 0.115700 1.814000
v -0.823100 0.114100 1.792100
v -0.824100 0.114100 1.808700
v -0.823100 0.114100 1.792100
v -0.822400 0.115700 1.814000
v -0.821100 0.115700 1.792400
v -0.823600 0.111600 1.793100
v -0.822200 0.113800 1.806900
v -0.823100 0.114100 1.792100
v -0.822200 0.113800 1.806900
v -0.823600 0.111600 1.793100
v -0.822700 0.111400 1.807900
v -0.823900 0.107200 1.795100
v -0.822700 0.111400 1.807900
v -0.823600 0.111600 1.793100
v -0.822700 0.111400 1.807900
v -0.823900 0.107200 1.795100
v -0.822800 0.108600 1.809200
v -0.824900 0.089700 1.802600
v -0.822800 0.108600 1.809200
v -0.823900 0.107200 1.795100
v -0.822800 0.108600 1.809200
v -0.824900 0.089700 1.802600
v -0.823800 0.089800 1.818500
v -0.824500 0.085200 1.806600
v -0.823800 0.089800 1.818500
v -0.824900 0.089700 1.802600
v -0.823800 0.089800 1.818500
v -0.824500 0.085200 1.806600
v -0.823500 0.082100 1.823800
v -0.823500 0.082500 1.808600
v -0.823500 0.082100 1.823800
v -0.824500 0.085200 1.806600
v -0.823500 0.082100 1.823800
v -0.823500 0.082500 1.808600
v -0.822700 0.080000 1.826300
v -0.821500 0.080600 1.810700
v -0.822700 0.080000 1.826300
v -0.823500 0.082500 1.808600
v -0.822700 0.080000 1.826300
v -0.821500 0.080600 1.810700
v -0.821300 0.078600 1.829000
v -0.819400 0.079900 1.812300
v -0.821300 0.078600 1.829000
v -0.821500 0.080600 1.810700
v -0.821300 0.078600 1.829000
v -0.819400 0.079900 1.812300
v -0.819700 0.078100 1.830900
v -0.817000 0.079500 1.813900
v -0.819700 0.078100 1.830900
v -0.819400 0.079900 1.812300
v -0.819700 0.078100 1.830900
v -0.817000 0.079500 1.813900
v -0.817600 0.077700 1.832800
v -0.791300 0.080600 1.827900
v -0.817600 0.077700 1.832800
v -0.817000 0.079500 1.813900
v -0.817600 0.077700 1.832800
v -0.791300 0.080600 1.827900
v -0.791800 0.078900 1.849500
v -0.741400 0.082700 1.852200
v -0.791800 0.078900 1.849500
v -0.791300 0.080600 1.827900
v -0.791800 0.078900 1.849500
v -0.741400 0.082700 1.852200
v -0.741600 0.081000 1.877700
v -0.685300 0.084900 1.876200
v -0.741600 0.081000 1.877700
v -0.741400 0.082700 1.852200
v -0.741600 0.081000 1.877700
v -0.685300 0.084900 1.876200
v -0.685200 0.083200 1.905500
v -0.624900 0.087100 1.898800
v -0.685200 0.083200 1.905500
v -0.685300 0.084900 1.876200
v -0.685200 0.083200 1.905500
v -0.624900 0.087100 1.898800
v -0.624500 0.085400 1.931500
v -0.574400 0.088900 1.914900
v -0.624500 0.085400 1.931500
v -0.624900 0.087100 1.898800
v -0.624500 0.085400 1.931500
v -0.574400 0.088900 1.914900
v -0.573800 0.087200 1.950000
v -0.531000 0.092800 1.926500
v -0.573800 0.087200 1.950000
v -0.574400 0.088900 1.914900
v -0.573800 0.087200 1.950000
v -0.531000 0.092800 1.926500
v -0.527800 0.089600 1.963100
v -0.520300 0.095300 1.927800
v -0.527800 0.089600 1.963100
v -0.531000 0.092800 1.926500
v -0.527800 0.089600 1.963100
v -0.520300 0.095300 1.927800
v -0.516800 0.091300 1.964400
v -0.511800 0.098900 1.928100
v -0.516800 0.091300 1.964400
v -0.520300 0.095300 1.927800
v -0.516800 0.091300 1.964400
v -0.511800 0.098900 1.928100
v -0.508100 0.093800 1.964700
v -0.505000 0.103300 1.927400
v -0.508100 0.093800 1.964700
v -0.511800 0.098900 1.928100
v -0.508100 0.093800 1.964700
v -0.505000 0.103300 1.927400
v -0.500500 0.097300 1.963700
v -0.498600 0.108900 1.925700
v -0.500500 0.097300 1.963700
v -0.505000 0.103300 1.927400
v -0.500500 0.097300 1.963700
v -0.498600 0.108900 1.925700
v -0.493800 0.101500 1.961300
v -0.493700 0.114000 1.923600
v -0.493800 0.101500 1.961300
v -0.498600 0.108900 1.925700
v -0.493800 0.101500 1.961300
v -0.493700 0.114000 1.923600
v -0.488600 0.105700 1.958400
v -0.489600 0.119600 1.920900
v -0.488600 0.105700 1.958400
v -0.493700 0.114000 1.923600
v -0.488600 0.105700 1.958400
v -0.489600 0.119600 1.920900
v -0.484000 0.110400 1.954800
v -0.489600 0.119600 1.920900
v -0.479100 0.116600 1.949700
v -0.484000 0.110400 1.954800
v -0.483100 0.130300 1.911100
v -0.479100 0.116600 1.949700
v -0.489600 0.119600 1.920900
v -0.479100 0.116600 1.949700
v -0.483100 0.130300 1.911100
v -0.472800 0.125700 1.941600
v -0.479300 0.139100 1.901300
v -0.472800 0.125700 1.941600
v -0.483100 0.130300 1.911100
v -0.472800 0.125700 1.941600
v -0.479300 0.139100 1.901300
v -0.466600 0.135300 1.933500
v -0.479300 0.139100 1.901300
v -0.464400 0.139800 1.928900
v -0.466600 0.135300 1.933500
v -0.479300 0.139100 1.901300
v -0.463900 0.141900 1.926700
v -0.464400 0.139800 1.928900
v -0.463900 0.141900 1.926700
v -0.479300 0.139100 1.901300
v -0.478800 0.141500 1.899300
v -0.648100 0.076500 1.937600
v -0.647500 0.079900 1.934900
v -0.645300 0.079600 1.953200
v -0.648100 0.076500 1.937600
v -0.645300 0.079600 1.953200
v -0.643800 0.078700 1.965800
v -0.642000 0.076000 1.980000
v -0.648100 0.076500 1.937600
v -0.643800 0.078700 1.965800
v -0.645700 0.080000 1.935600
v -0.645300 0.079600 1.953200
v -0.647500 0.079900 1.934900
v -0.645300 0.079600 1.953200
v -0.645700 0.080000 1.935600
v -0.643800 0.079600 1.953500
v -0.643800 0.079600 1.953500
v -0.643800 0.078700 1.965800
v -0.645300 0.079600 1.953200
v -0.643800 0.078700 1.965800
v -0.643800 0.079600 1.953500
v -0.642300 0.078700 1.966300
v -0.640400 0.076100 1.980600
v -0.643800 0.078700 1.965800
v -0.642300 0.078700 1.966300
v -0.643800 0.078700 1.965800
v -0.640400 0.076100 1.980600
v -0.642000 0.076000 1.980000
v -0.671500 0.075700 1.927400
v -0.668000 0.075100 1.965400
v -0.669700 0.077800 1.951900
v -0.671500 0.075700 1.927400
v -0.669700 0.077800 1.951900
v -0.671000 0.078600 1.939900
v -0.671500 0.075700 1.927400
v -0.671000 0.078600 1.939900
v -0.672800 0.079000 1.923600
v -0.675200 0.075500 1.925600
v -0.674600 0.079000 1.923100
v -0.672500 0.078700 1.939200
v -0.675200 0.075500 1.925600
v -0.672500 0.078700 1.939200
v -0.671200 0.077800 1.951100
v -0.669600 0.075100 1.964500
v -0.675200 0.075500 1.925600
v -0.671200 0.077800 1.951100
v -0.672800 0.079000 1.923600
v -0.672500 0.078700 1.939200
v -0.674600 0.079000 1.923100
v -0.672500 0.078700 1.939200
v -0.672800 0.079000 1.923600
v -0.671000 0.078600 1.939900
v -0.671000 0.078600 1.939900
v -0.671200 0.077800 1.951100
v -0.672500 0.078700 1.939200
v -0.671200 0.077800 1.951100
v -0.671000 0.078600 1.939900
v -0.669700 0.077800 1.951900
v -0.668000 0.075100 1.965400
v -0.671200 0.077800 1.951100
v -0.669700 0.077800 1.951900
v -0.671200 0.077800 1.951100
v -0.668000 0.075100 1.965400
v -0.669600 0.075100 1.964500
v -0.699400 0.074600 1.913800
v -0.696000 0.074000 1.948900
v -0.697700 0.076700 1.936400
v -0.699400 0.074600 1.913800
v -0.697700 0.076700 1.936400
v -0.699000 0.077500 1.925300
v -0.699400 0.074600 1.913800
v -0.699000 0.077500 1.925300
v -0.700700 0.077900 1.910300
v -0.732300 0.130800 1.854300
v -0.731600 0.133100 1.853000
v -0.730100 0.133400 1.864100
v -0.732300 0.130800 1.854300
v -0.730100 0.133400 1.864100
v -0.729100 0.133000 1.871400
v -0.728000 0.131800 1.880000
v -0.732300 0.130800 1.854300
v -0.729100 0.133000 1.871400
v -0.730000 0.133300 1.853600
v -0.730100 0.133400 1.864100
v -0.731600 0.133100 1.853000
v -0.730100 0.133400 1.864100
v -0.730000 0.133300 1.853600
v -0.728600 0.133700 1.864100
v -0.728600 0.133700 1.864100
v -0.729100 0.133000 1.871400
v -0.730100 0.133400 1.864100
v -0.729100 0.133000 1.871400
v -0.728600 0.133700 1.864100
v -0.727600 0.133300 1.871500
v -0.726300 0.132100 1.880200
v -0.729100 0.133000 1.871400
v -0.727600 0.133300 1.871500
v -0.729100 0.133000 1.871400
v -0.726300 0.132100 1.880200
v -0.728000 0.131800 1.880000
v -0.703100 0.074400 1.912000
v -0.702500 0.077900 1.909500
v -0.700500 0.077500 1.924700
v -0.703100 0.074400 1.912000
v -0.700500 0.077500 1.924700
v -0.699100 0.076600 1.935700
v -0.697600 0.074000 1.948000
v -0.703100 0.074400 1.912000
v -0.699100 0.076600 1.935700
v -0.700700 0.077900 1.910300
v -0.700500 0.077500 1.924700
v -0.702500 0.077900 1.909500
v -0.700500 0.077500 1.924700
v -0.700700 0.077900 1.910300
v -0.699000 0.077500 1.925300
v -0.699000 0.077500 1.925300
v -0.699100 0.076600 1.935700
v -0.700500 0.077500 1.924700
v -0.699100 0.076600 1.935700
v -0.699000 0.077500 1.925300
v -0.697700 0.076700 1.936400
v -0.696000 0.074000 1.948900
v -0.699100 0.076600 1.935700
v -0.697700 0.076700 1.936400
v -0.699100 0.076600 1.935700
v -0.696000 0.074000 1.948900
v -0.697600 0.074000 1.948000
v -0.727100 0.073800 1.899100
v -0.724300 0.072900 1.931100
v -0.725700 0.075700 1.919900
v -0.727100 0.073800 1.899100
v -0.725700 0.075700 1.919900
v -0.726800 0.076600 1.910000
v -0.727100 0.073800 1.899100
v -0.726800 0.076600 1.910000
v -0.728300 0.077100 1.895600
v -0.811600 0.069400 1.867000
v -0.814600 0.070600 1.847300
v -0.812200 0.071900 1.860800
v -0.814600 0.070600 1.847300
v -0.813100 0.073400 1.854000
v -0.812200 0.071900 1.860800
v -0.814600 0.070600 1.847300
v -0.814100 0.074200 1.844700
v -0.813100 0.073400 1.854000
v -0.811600 0.070700 1.849100
v -0.811700 0.073500 1.854600
v -0.812500 0.074300 1.845600
v -0.811600 0.070700 1.849100
v -0.810900 0.072000 1.861500
v -0.811700 0.073500 1.854600
v -0.811600 0.070700 1.849100
v -0.810000 0.069500 1.868300
v -0.810900 0.072000 1.861500
v -0.758600 0.072400 1.882100
v -0.757900 0.075900 1.879500
v -0.756300 0.075500 1.892200
v -0.758600 0.072400 1.882100
v -0.756300 0.075500 1.892200
v -0.755300 0.074500 1.900900
v -0.754100 0.071700 1.910700
v -0.758600 0.072400 1.882100
v -0.755300 0.074500 1.900900
v -0.812500 0.074300 1.845600
v -0.813100 0.073400 1.854000
v -0.814100 0.074200 1.844700
v -0.813100 0.073400 1.854000
v -0.812500 0.074300 1.845600
v -0.811700 0.073500 1.854600
v -0.811700 0.073500 1.854600
v -0.812200 0.071900 1.860800
v -0.813100 0.073400 1.854000
v -0.812200 0.071900 1.860800
v -0.811700 0.073500 1.854600
v -0.810900 0.072000 1.861500
v -0.810000 0.069500 1.868300
v -0.812200 0.071900 1.860800
v -0.810900 0.072000 1.861500
v -0.812200 0.071900 1.860800
v -0.810000 0.069500 1.868300
v -0.811600 0.069400 1.867000
v -0.730700 0.073600 1.897500
v -0.730100 0.077100 1.895200
v -0.728300 0.076700 1.909000
v -0.730700 0.073600 1.897500
v -0.728300 0.076700 1.909000
v -0.727200 0.075700 1.918900
v -0.725800 0.072900 1.929900
v -0.730700 0.073600 1.897500
v -0.727200 0.075700 1.918900
v -0.782700 0.070500 1.889800
v -0.786400 0.071600 1.865800
v -0.783700 0.073500 1.880700
v -0.786400 0.071600 1.865800
v -0.784800 0.074500 1.873300
v -0.783700 0.073500 1.880700
v -0.786400 0.071600 1.865800
v -0.786000 0.075200 1.862800
v -0.784800 0.074500 1.873300
v -0.783400 0.071700 1.867600
v -0.783100 0.074500 1.874500
v -0.784300 0.075300 1.863700
v -0.783400 0.071700 1.867600
v -0.782300 0.073600 1.881500
v -0.783100 0.074500 1.874500
v -0.783400 0.071700 1.867600
v -0.781000 0.070300 1.891400
v -0.782300 0.073600 1.881500
v -0.728300 0.077100 1.895600
v -0.728300 0.076700 1.909000
v -0.730100 0.077100 1.895200
v -0.728300 0.076700 1.909000
v -0.728300 0.077100 1.895600
v -0.726800 0.076600 1.910000
v -0.726800 0.076600 1.910000
v -0.727200 0.075700 1.918900
v -0.728300 0.076700 1.909000
v -0.727200 0.075700 1.918900
v -0.726800 0.076600 1.910000
v -0.725700 0.075700 1.919900
v -0.724300 0.072900 1.931100
v -0.727200 0.075700 1.918900
v -0.725700 0.075700 1.919900
v -0.727200 0.075700 1.918900
v -0.724300 0.072900 1.931100
v -0.725800 0.072900 1.929900
v -0.784300 0.075300 1.863700
v -0.784800 0.074500 1.873300
v -0.786000 0.075200 1.862800
v -0.784800 0.074500 1.873300
v -0.784300 0.075300 1.863700
v -0.783100 0.074500 1.874500
v -0.783100 0.074500 1.874500
v -0.783700 0.073500 1.880700
v -0.784800 0.074500 1.873300
v -0.783700 0.073500 1.880700
v -0.783100 0.074500 1.874500
v -0.782300 0.073600 1.881500
v -0.781000 0.070300 1.891400
v -0.783700 0.073500 1.880700
v -0.782300 0.073600 1.881500
v -0.783700 0.073500 1.880700
v -0.781000 0.070300 1.891400
v -0.782700 0.070500 1.889800
v -0.458700 0.148400 1.931400
v -0.456000 0.148900 1.962200
v -0.457400 0.150600 1.951900
v -0.458700 0.148400 1.931400
v -0.457400 0.150600 1.951900
v -0.458500 0.151100 1.943100
v -0.458700 0.148400 1.931400
v -0.458500 0.151100 1.943100
v -0.460000 0.150800 1.928500
v -0.462200 0.147900 1.930500
v -0.461600 0.150500 1.928200
v -0.460000 0.150800 1.943100
v -0.462200 0.147900 1.930500
v -0.460000 0.150800 1.943100
v -0.458900 0.150300 1.951700
v -0.457800 0.148800 1.961900
v -0.462200 0.147900 1.930500
v -0.458900 0.150300 1.951700
v -0.460000 0.150800 1.928500
v -0.460000 0.150800 1.943100
v -0.461600 0.150500 1.928200
v -0.460000 0.150800 1.943100
v -0.460000 0.150800 1.928500
v -0.458500 0.151100 1.943100
v -0.458500 0.151100 1.943100
v -0.458900 0.150300 1.951700
v -0.460000 0.150800 1.943100
v -0.458900 0.150300 1.951700
v -0.458500 0.151100 1.943100
v -0.457400 0.150600 1.951900
v -0.456000 0.148900 1.962200
v -0.458900 0.150300 1.951700
v -0.457400 0.150600 1.951900
v -0.458900 0.150300 1.951700
v -0.456000 0.148900 1.962200
v -0.457800 0.148800 1.961900
v -0.485300 0.147400 1.927100
v -0.482600 0.148100 1.957900
v -0.483900 0.149800 1.947600
v -0.485300 0.147400 1.927100
v -0.483900 0.149800 1.947600
v -0.485000 0.150200 1.938800
v -0.485300 0.147400 1.927100
v -0.485000 0.150200 1.938800
v -0.486500 0.149700 1.924200
v -0.488700 0.146900 1.926300
v -0.488100 0.149500 1.923900
v -0.486500 0.149900 1.938800
v -0.488700 0.146900 1.926300
v -0.486500 0.149900 1.938800
v -0.485500 0.149500 1.947500
v -0.484300 0.148000 1.957600
v -0.488700 0.146900 1.926300
v -0.485500 0.149500 1.947500
v -0.486500 0.149700 1.924200
v -0.486500 0.149900 1.938800
v -0.488100 0.149500 1.923900
v -0.486500 0.149900 1.938800
v -0.486500 0.149700 1.924200
v -0.485000 0.150200 1.938800
v -0.485000 0.150200 1.938800
v -0.485500 0.149500 1.947500
v -0.486500 0.149900 1.938800
v -0.485500 0.149500 1.947500
v -0.485000 0.150200 1.938800
v -0.483900 0.149800 1.947600
v -0.482600 0.148100 1.957900
v -0.485500 0.149500 1.947500
v -0.483900 0.149800 1.947600
v -0.485500 0.149500 1.947500
v -0.482600 0.148100 1.957900
v -0.484300 0.148000 1.957600
v -0.512200 0.146200 1.922200
v -0.509400 0.147100 1.953000
v -0.510800 0.148700 1.942700
v -0.512200 0.146200 1.922200
v -0.510800 0.148700 1.942700
v -0.511900 0.149000 1.934000
v -0.512200 0.146200 1.922200
v -0.511900 0.149000 1.934000
v -0.513400 0.148600 1.919300
v -0.515600 0.145800 1.921400
v -0.515000 0.148400 1.919000
v -0.513400 0.148800 1.933900
v -0.515600 0.145800 1.921400
v -0.513400 0.148800 1.933900
v -0.512400 0.148400 1.942600
v -0.511200 0.147000 1.952700
v -0.515600 0.145800 1.921400
v -0.512400 0.148400 1.942600
v -0.513400 0.148600 1.919300
v -0.513400 0.148800 1.933900
v -0.515000 0.148400 1.919000
v -0.513400 0.148800 1.933900
v -0.513400 0.148600 1.919300
v -0.511900 0.149000 1.934000
v -0.511900 0.149000 1.934000
v -0.512400 0.148400 1.942600
v -0.513400 0.148800 1.933900
v -0.512400 0.148400 1.942600
v -0.511900 0.149000 1.934000
v -0.510800 0.148700 1.942700
v -0.509400 0.147100 1.953000
v -0.512400 0.148400 1.942600
v -0.510800 0.148700 1.942700
v -0.512400 0.148400 1.942600
v -0.509400 0.147100 1.953000
v -0.511200 0.147000 1.952700
v 0.821500 0.117200 1.832900
v 0.786300 0.125500 1.853700
v 0.822000 0.120100 1.831500
v 0.786300 0.125500 1.853700
v 0.821500 0.117200 1.832900
v 0.785800 0.122500 1.854600
v 0.785800 0.122500 1.854600
v 0.734900 0.131400 1.880000
v 0.786300 0.125500 1.853700
v 0.734900 0.131400 1.880000
v 0.785800 0.122500 1.854600
v 0.734600 0.128400 1.880800
v 0.734600 0.128400 1.880800
v 0.676900 0.136800 1.904800
v 0.734900 0.131400 1.880000
v 0.676900 0.136800 1.904800
v 0.734600 0.128400 1.880800
v 0.676700 0.133800 1.905600
v 0.676700 0.133800 1.905600
v 0.618800 0.141200 1.925900
v 0.676900 0.136800 1.904800
v 0.618800 0.141200 1.925900
v 0.676700 0.133800 1.905600
v 0.618600 0.138200 1.926700
v 0.618600 0.138200 1.926700
v 0.565800 0.144700 1.942500
v 0.618800 0.141200 1.925900
v 0.565800 0.144700 1.942500
v 0.618600 0.138200 1.926700
v 0.565600 0.141700 1.943300
v 0.565600 0.141700 1.943300
v 0.512200 0.147200 1.957000
v 0.565800 0.144700 1.942500
v 0.512200 0.147200 1.957000
v 0.565600 0.141700 1.943300
v 0.512100 0.144200 1.957800
v 0.512100 0.144200 1.957800
v 0.458000 0.148900 1.969100
v 0.512200 0.147200 1.957000
v 0.458000 0.148900 1.969100
v 0.512100 0.144200 1.957800
v 0.458000 0.145900 1.970700
v 0.447100 0.145900 1.973800
v 0.458000 0.148900 1.969100
v 0.458000 0.145900 1.970700
v 0.458000 0.148900 1.969100
v 0.447100 0.145900 1.973800
v 0.446300 0.148900 1.971600
v 0.440700 0.145400 1.976600
v 0.446300 0.148900 1.971600
v 0.447100 0.145900 1.973800
v 0.446300 0.148900 1.971600
v 0.440700 0.145400 1.976600
v 0.439100 0.148100 1.974400
v 0.436900 0.144100 1.979900
v 0.439100 0.148100 1.974400
v 0.440700 0.145400 1.976600
v 0.439100 0.148100 1.974400
v 0.436900 0.144100 1.979900
v 0.434000 0.145800 1.978800
v 0.436300 0.141500 1.984000
v 0.434000 0.145800 1.978800
v 0.436900 0.144100 1.979900
v 0.434000 0.145800 1.978800
v 0.436300 0.141500 1.984000
v 0.433000 0.142100 1.984000
v 0.437400 0.137900 1.989600
v 0.433000 0.142100 1.984000
v 0.436300 0.141500 1.984000
v 0.433000 0.142100 1.984000
v 0.437400 0.137900 1.989600
v 0.434500 0.137000 1.990500
v 0.443600 0.126600 2.004300
v 0.434500 0.137000 1.990500
v 0.437400 0.137900 1.989600
v 0.434500 0.137000 1.990500
v 0.443600 0.126600 2.004300
v 0.441100 0.125000 2.005300
v 0.443600 0.126600 2.004300
v 0.449600 0.111700 2.020700
v 0.441100 0.125000 2.005300
v 0.449600 0.111700 2.020700
v 0.443600 0.126600 2.004300
v 0.451800 0.113500 2.019900
v 0.451800 0.113500 2.019900
v 0.455900 0.102800 2.030200
v 0.449600 0.111700 2.020700
v 0.455900 0.102800 2.030200
v 0.451800 0.113500 2.019900
v 0.458000 0.105000 2.029300
v 0.465400 0.097500 2.036400
v 0.455900 0.102800 2.030200
v 0.458000 0.105000 2.029300
v 0.455900 0.102800 2.030200
v 0.465400 0.097500 2.036400
v 0.463300 0.095400 2.037000
v 0.473100 0.091600 2.040900
v 0.463300 0.095400 2.037000
v 0.465400 0.097500 2.036400
v 0.463300 0.095400 2.037000
v 0.473100 0.091600 2.040900
v 0.471500 0.089300 2.041400
v 0.482500 0.086900 2.043200
v 0.471500 0.089300 2.041400
v 0.473100 0.091600 2.040900
v 0.471500 0.089300 2.041400
v 0.482500 0.086900 2.043200
v 0.481400 0.084200 2.044000
v 0.827600 0.118500 1.828000
v 0.821500 0.117200 1.832900
v 0.822000 0.120100 1.831500
v 0.821500 0.117200 1.832900
v 0.827600 0.118500 1.828000
v 0.826700 0.115900 1.829900
v 0.831300 0.115400 1.826900
v 0.826700 0.115900 1.829900
v 0.827600 0.118500 1.828000
v 0.826700 0.115900 1.829900
v 0.831300 0.115400 1.826900
v 0.829600 0.113800 1.829100
v 0.833200 0.110700 1.828300
v 0.829600 0.113800 1.829100
v 0.831300 0.115400 1.826900
v 0.829600 0.113800 1.829100
v 0.833200 0.110700 1.828300
v 0.831100 0.109900 1.830100
v 0.833900 0.105300 1.831300
v 0.831100 0.109900 1.830100
v 0.833200 0.110700 1.828300
v 0.831100 0.109900 1.830100
v 0.833900 0.105300 1.831300
v 0.831700 0.105100 1.832400
v 0.834600 0.091600 1.838400
v 0.831700 0.105100 1.832400
v 0.833900 0.105300 1.831300
v 0.831700 0.105100 1.832400
v 0.834600 0.091600 1.838400
v 0.832600 0.091700 1.839200
v 0.834600 0.077800 1.845500
v 0.832600 0.091700 1.839200
v 0.834600 0.091600 1.838400
v 0.832600 0.091700 1.839200
v 0.834600 0.077800 1.845500
v 0.832400 0.078200 1.846000
v 0.833700 0.072600 1.848800
v 0.832400 0.078200 1.846000
v 0.834600 0.077800 1.845500
v 0.832400 0.078200 1.846000
v 0.833700 0.072600 1.848800
v 0.831700 0.073800 1.849000
v 0.831200 0.068700 1.852900
v 0.831700 0.073800 1.849000
v 0.833700 0.072600 1.848800
v 0.831700 0.073800 1.849000
v 0.831200 0.068700 1.852900
v 0.829800 0.070800 1.852700
v 0.827300 0.066600 1.857600
v 0.829800 0.070800 1.852700
v 0.831200 0.068700 1.852900
v 0.829800 0.070800 1.852700
v 0.827300 0.066600 1.857600
v 0.826300 0.069200 1.856900
v 0.822400 0.065900 1.862500
v 0.826300 0.069200 1.856900
v 0.827300 0.066600 1.857600
v 0.826300 0.069200 1.856900
v 0.822400 0.065900 1.862500
v 0.822000 0.068800 1.861100
v 0.822400 0.065900 1.862500
v 0.791100 0.070100 1.887600
v 0.822000 0.068800 1.861100
v 0.791100 0.070100 1.887600
v 0.822400 0.065900 1.862500
v 0.790200 0.067100 1.889400
v 0.740400 0.069200 1.925900
v 0.791100 0.070100 1.887600
v 0.790200 0.067100 1.889400
v 0.791100 0.070100 1.887600
v 0.740400 0.069200 1.925900
v 0.740700 0.072200 1.924800
v 0.683900 0.071400 1.961800
v 0.740700 0.072200 1.924800
v 0.740400 0.069200 1.925900
v 0.740700 0.072200 1.924800
v 0.683900 0.071400 1.961800
v 0.683800 0.074400 1.961000
v 0.623800 0.073500 1.995100
v 0.683800 0.074400 1.961000
v 0.683900 0.071400 1.961800
v 0.683800 0.074400 1.961000
v 0.623800 0.073500 1.995100
v 0.623600 0.076600 1.994200
v 0.623800 0.073500 1.995100
v 0.573000 0.078200 2.017800
v 0.623600 0.076600 1.994200
v 0.573000 0.078200 2.017800
v 0.623800 0.073500 1.995100
v 0.573800 0.075200 2.018500
v 0.525300 0.076800 2.036800
v 0.573000 0.078200 2.017800
v 0.573800 0.075200 2.018500
v 0.573000 0.078200 2.017800
v 0.525300 0.076800 2.036800
v 0.524600 0.079900 2.036000
v 0.508200 0.078100 2.041500
v 0.524600 0.079900 2.036000
v 0.525300 0.076800 2.036800
v 0.524600 0.079900 2.036000
v 0.508200 0.078100 2.041500
v 0.507900 0.081300 2.040600
v 0.494500 0.080400 2.043800
v 0.507900 0.081300 2.040600
v 0.508200 0.078100 2.041500
v 0.507900 0.081300 2.040600
v 0.494500 0.080400 2.043800
v 0.494600 0.083400 2.042900
v 0.481400 0.084200 2.044000
v 0.494600 0.083400 2.042900
v 0.494500 0.080400 2.043800
v 0.494600 0.083400 2.042900
v 0.481400 0.084200 2.044000
v 0.482500 0.086900 2.043200
v -0.786300 0.125500 1.853700
v -0.821500 0.117200 1.832900
v -0.822000 0.120100 1.831500
v -0.821500 0.117200 1.832900
v -0.786300 0.125500 1.853700
v -0.785800 0.122500 1.854600
v -0.734900 0.131400 1.880000
v -0.785800 0.122500 1.854600
v -0.786300 0.125500 1.853700
v -0.785800 0.122500 1.854600
v -0.734900 0.131400 1.880000
v -0.734600 0.128400 1.880800
v -0.676900 0.136800 1.904800
v -0.734600 0.128400 1.880800
v -0.734900 0.131400 1.880000
v -0.734600 0.128400 1.880800
v -0.676900 0.136800 1.904800
v -0.676700 0.133800 1.905600
v -0.618800 0.141200 1.925900
v -0.676700 0.133800 1.905600
v -0.676900 0.136800 1.904800
v -0.676700 0.133800 1.905600
v -0.618800 0.141200 1.925900
v -0.618600 0.138200 1.926700
v -0.565800 0.144700 1.942500
v -0.618600 0.138200 1.926700
v -0.618800 0.141200 1.925900
v -0.618600 0.138200 1.926700
v -0.565800 0.144700 1.942500
v -0.565600 0.141700 1.943300
v -0.512200 0.147200 1.957000
v -0.565600 0.141700 1.943300
v -0.565800 0.144700 1.942500
v -0.565600 0.141700 1.943300
v -0.512200 0.147200 1.957000
v -0.512100 0.144200 1.957800
v -0.458000 0.148900 1.969100
v -0.512100 0.144200 1.957800
v -0.512200 0.147200 1.957000
v -0.512100 0.144200 1.957800
v -0.458000 0.148900 1.969100
v -0.458000 0.145900 1.970700
v -0.458000 0.148900 1.969100
v -0.447100 0.145900 1.973800
v -0.458000 0.145900 1.970700
v -0.447100 0.145900 1.973800
v -0.458000 0.148900 1.969100
v -0.446300 0.148900 1.971600
v -0.446300 0.148900 1.971600
v -0.440700 0.145400 1.976600
v -0.447100 0.145900 1.973800
v -0.440700 0.145400 1.976600
v -0.446300 0.148900 1.971600
v -0.439100 0.148100 1.974400
v -0.439100 0.148100 1.974400
v -0.436900 0.144100 1.979900
v -0.440700 0.145400 1.976600
v -0.436900 0.144100 1.979900
v -0.439100 0.148100 1.974400
v -0.434000 0.145800 1.978800
v -0.434000 0.145800 1.978800
v -0.436300 0.141500 1.984000
v -0.436900 0.144100 1.979900
v -0.436300 0.141500 1.984000
v -0.434000 0.145800 1.978800
v -0.433000 0.142100 1.984000
v -0.433000 0.142100 1.984000
v -0.437400 0.137900 1.989600
v -0.436300 0.141500 1.984000
v -0.437400 0.137900 1.989600
v -0.433000 0.142100 1.984000
v -0.434500 0.137000 1.990500
v -0.434500 0.137000 1.990500
v -0.443600 0.126600 2.004300
v -0.437400 0.137900 1.989600
v -0.443600 0.126600 2.004300
v -0.434500 0.137000 1.990500
v -0.441100 0.125000 2.005300
v -0.449600 0.111700 2.020700
v -0.443600 0.126600 2.004300
v -0.441100 0.125000 2.005300
v -0.443600 0.126600 2.004300
v -0.449600 0.111700 2.020700
v -0.451800 0.113500 2.019900
v -0.455900 0.102800 2.030200
v -0.451800 0.113500 2.019900
v -0.449600 0.111700 2.020700
v -0.451800 0.113500 2.019900
v -0.455900 0.102800 2.030200
v -0.458000 0.105000 2.029300
v -0.455900 0.102800 2.030200
v -0.465400 0.097500 2.036400
v -0.458000 0.105000 2.029300
v -0.465400 0.097500 2.036400
v -0.455900 0.102800 2.030200
v -0.463300 0.095400 2.037000
v -0.463300 0.095400 2.037000
v -0.473100 0.091600 2.040900
v -0.465400 0.097500 2.036400
v -0.473100 0.091600 2.040900
v -0.463300 0.095400 2.037000
v -0.471500 0.089300 2.041400
v -0.471500 0.089300 2.041400
v -0.482500 0.086900 2.043200
v -0.473100 0.091600 2.040900
v -0.482500 0.086900 2.043200
v -0.471500 0.089300 2.041400
v -0.481400 0.084200 2.044000
v -0.821500 0.117200 1.832900
v -0.827600 0.118500 1.828000
v -0.822000 0.120100 1.831500
v -0.827600 0.118500 1.828000
v -0.821500 0.117200 1.832900
v -0.826700 0.115900 1.829900
v -0.826700 0.115900 1.829900
v -0.831300 0.115400 1.826900
v -0.827600 0.118500 1.828000
v -0.831300 0.115400 1.826900
v -0.826700 0.115900 1.829900
v -0.829600 0.113800 1.829100
v -0.829600 0.113800 1.829100
v -0.833200 0.110700 1.828300
v -0.831300 0.115400 1.826900
v -0.833200 0.110700 1.828300
v -0.829600 0.113800 1.829100
v -0.831100 0.109900 1.830100
v -0.831100 0.109900 1.830100
v -0.833900 0.105300 1.831300
v -0.833200 0.110700 1.828300
v -0.833900 0.105300 1.831300
v -0.831100 0.109900 1.830100
v -0.831700 0.105100 1.832400
v -0.831700 0.105100 1.832400
v -0.834600 0.091600 1.838400
v -0.833900 0.105300 1.831300
v -0.834600 0.091600 1.838400
v -0.831700 0.105100 1.832400
v -0.832600 0.091700 1.839200
v -0.832600 0.091700 1.839200
v -0.834600 0.077800 1.845500
v -0.834600 0.091600 1.838400
v -0.834600 0.077800 1.845500
v -0.832600 0.091700 1.839200
v -0.832400 0.078200 1.846000
v -0.832400 0.078200 1.846000
v -0.833700 0.072600 1.848800
v -0.834600 0.077800 1.845500
v -0.833700 0.072600 1.848800
v -0.832400 0.078200 1.846000
v -0.831700 0.073800 1.849000
v -0.831700 0.073800 1.849000
v -0.831200 0.068700 1.852800
v -0.833700 0.072600 1.848800
v -0.831200 0.068700 1.852800
v -0.831700 0.073800 1.849000
v -0.829800 0.070800 1.852700
v -0.829800 0.070800 1.852700
v -0.827300 0.066600 1.857600
v -0.831200 0.068700 1.852800
v -0.827300 0.066600 1.857600
v -0.829800 0.070800 1.852700
v -0.826300 0.069200 1.856900
v -0.826300 0.069200 1.856900
v -0.822400 0.065900 1.862500
v -0.827300 0.066600 1.857600
v -0.822400 0.065900 1.862500
v -0.826300 0.069200 1.856900
v -0.822000 0.068800 1.861100
v -0.791100 0.070100 1.887600
v -0.822400 0.065900 1.862500
v -0.822000 0.068800 1.861100
v -0.822400 0.065900 1.862500
v -0.791100 0.070100 1.887600
v -0.790200 0.067100 1.889400
v -0.791100 0.070100 1.887600
v -0.740400 0.069200 1.925900
v -0.790200 0.067100 1.889400
v -0.740400 0.069200 1.925900
v -0.791100 0.070100 1.887600
v -0.740700 0.072200 1.924800
v -0.740700 0.072200 1.924800
v -0.683900 0.071400 1.961800
v -0.740400 0.069200 1.925900
v -0.683900 0.071400 1.961800
v -0.740700 0.072200 1.924800
v -0.683800 0.074400 1.961000
v -0.683800 0.074400 1.961000
v -0.623800 0.073500 1.995100
v -0.683900 0.071400 1.961800
v -0.623800 0.073500 1.995100
v -0.683800 0.074400 1.961000
v -0.623600 0.076600 1.994200
v -0.573000 0.078200 2.017800
v -0.623800 0.073500 1.995100
v -0.623600 0.076600 1.994200
v -0.623800 0.073500 1.995100
v -0.573000 0.078200 2.017800
v -0.573800 0.075200 2.018500
v -0.573000 0.078200 2.017800
v -0.525300 0.076800 2.036800
v -0.573800 0.075200 2.018500
v -0.525300 0.076800 2.036800
v -0.573000 0.078200 2.017800
v -0.524600 0.079900 2.036000
v -0.524600 0.079900 2.036000
v -0.508200 0.078100 2.041500
v -0.525300 0.076800 2.036800
v -0.508200 0.078100 2.041500
v -0.524600 0.079900 2.036000
v -0.507900 0.081300 2.040600
v -0.507900 0.081300 2.040600
v -0.494500 0.080400 2.043800
v -0.508200 0.078100 2.041500
v -0.494500 0.080400 2.043800
v -0.507900 0.081300 2.040600
v -0.494600 0.083400 2.042900
v -0.494600 0.083400 2.042900
v -0.481400 0.084200 2.044000
v -0.494500 0.080400 2.043800
v -0.481400 0.084200 2.044000
v -0.494600 0.083400 2.042900
v -0.482500 0.086900 2.043200
v -0.482500 0.086900 2.043200
v -0.494600 0.083400 2.042900
v -0.481400 0.084200 2.044000
v -0.494500 0.080400 2.043800
v -0.481400 0.084200 2.044000
v -0.494600 0.083400 2.042900
v -0.494600 0.083400 2.042900
v -0.507900 0.081300 2.040600
v -0.494500 0.080400 2.043800
v -0.508200 0.078100 2.041500
v -0.494500 0.080400 2.043800
v -0.507900 0.081300 2.040600
v -0.507900 0.081300 2.040600
v -0.524600 0.079900 2.036000
v -0.508200 0.078100 2.041500
v -0.525300 0.076800 2.036800
v -0.508200 0.078100 2.041500
v -0.524600 0.079900 2.036000
v -0.524600 0.079900 2.036000
v -0.573000 0.078200 2.017800
v -0.525300 0.076800 2.036800
v -0.573800 0.075200 2.018500
v -0.525300 0.076800 2.036800
v -0.573000 0.078200 2.017800
v -0.573800 0.075200 2.018500
v -0.573000 0.078200 2.017800
v -0.623800 0.073500 1.995100
v -0.623600 0.076600 1.994200
v -0.623800 0.073500 1.995100
v -0.573000 0.078200 2.017800
v -0.623600 0.076600 1.994200
v -0.683800 0.074400 1.961000
v -0.623800 0.073500 1.995100
v -0.683900 0.071400 1.961800
v -0.623800 0.073500 1.995100
v -0.683800 0.074400 1.961000
v -0.683800 0.074400 1.961000
v -0.740700 0.072200 1.924800
v -0.683900 0.071400 1.961800
v -0.740400 0.069200 1.925900
v -0.683900 0.071400 1.961800
v -0.740700 0.072200 1.924800
v -0.740700 0.072200 1.924800
v -0.791100 0.070100 1.887600
v -0.740400 0.069200 1.925900
v -0.790200 0.067100 1.889400
v -0.740400 0.069200 1.925900
v -0.791100 0.070100 1.887600
v -0.790200 0.067100 1.889400
v -0.791100 0.070100 1.887600
v -0.822400 0.065900 1.862500
v -0.822000 0.068800 1.861100
v -0.822400 0.065900 1.862500
v -0.791100 0.070100 1.887600
v -0.822000 0.068800 1.861100
v -0.826300 0.069200 1.856900
v -0.822400 0.065900 1.862500
v -0.827300 0.066600 1.857600
v -0.822400 0.065900 1.862500
v -0.826300 0.069200 1.856900
v -0.826300 0.069200 1.856900
v -0.829800 0.070800 1.852700
v -0.827300 0.066600 1.857600
v -0.831200 0.068700 1.852800
v -0.827300 0.066600 1.857600
v -0.829800 0.070800 1.852700
v -0.829800 0.070800 1.852700
v -0.831700 0.073800 1.849000
v -0.831200 0.068700 1.852800
v -0.833700 0.072600 1.848800
v -0.831200 0.068700 1.852800
v -0.831700 0.073800 1.849000
v -0.831700 0.073800 1.849000
v -0.832400 0.078200 1.846000
v -0.833700 0.072600 1.848800
v -0.834600 0.077800 1.845500
v -0.833700 0.072600 1.848800
v -0.832400 0.078200 1.846000
v -0.832400 0.078200 1.846000
v -0.832600 0.091700 1.839200
v -0.834600 0.077800 1.845500
v -0.834600 0.091600 1.838400
v -0.834600 0.077800 1.845500
v -0.832600 0.091700 1.839200
v -0.832600 0.091700 1.839200
v -0.831700 0.105100 1.832400
v -0.834600 0.091600 1.838400
v -0.833900 0.105300 1.831300
v -0.834600 0.091600 1.838400
v -0.831700 0.105100 1.832400
v -0.831700 0.105100 1.832400
v -0.831100 0.109900 1.830100
v -0.833900 0.105300 1.831300
v -0.833200 0.110700 1.828300
v -0.833900 0.105300 1.831300
v -0.831100 0.109900 1.830100
v -0.831100 0.109900 1.830100
v -0.829600 0.113800 1.829100
v -0.833200 0.110700 1.828300
v -0.831300 0.115400 1.826900
v -0.833200 0.110700 1.828300
v -0.829600 0.113800 1.829100
v -0.829600 0.113800 1.829100
v -0.826700 0.115900 1.829900
v -0.831300 0.115400 1.826900
v -0.827600 0.118500 1.828000
v -0.831300 0.115400 1.826900
v -0.826700 0.115900 1.829900
v -0.826700 0.115900 1.829900
v -0.821500 0.117200 1.832900
v -0.827600 0.118500 1.828000
v -0.822000 0.120100 1.831500
v -0.827600 0.118500 1.828000
v -0.821500 0.117200 1.832900
v -0.481400 0.084200 2.044000
v -0.471500 0.089300 2.041400
v -0.482500 0.086900 2.043200
v -0.473100 0.091600 2.040900
v -0.482500 0.086900 2.043200
v -0.471500 0.089300 2.041400
v -0.471500 0.089300 2.041400
v -0.463300 0.095400 2.037000
v -0.473100 0.091600 2.040900
v -0.465400 0.097500 2.036400
v -0.473100 0.091600 2.040900
v -0.463300 0.095400 2.037000
v -0.463300 0.095400 2.037000
v -0.455900 0.102800 2.030200
v -0.465400 0.097500 2.036400
v -0.458000 0.105000 2.029300
v -0.465400 0.097500 2.036400
v -0.455900 0.102800 2.030200
v -0.458000 0.105000 2.029300
v -0.455900 0.102800 2.030200
v -0.451800 0.113500 2.019900
v -0.449600 0.111700 2.020700
v -0.451800 0.113500 2.019900
v -0.455900 0.102800 2.030200
v -0.451800 0.113500 2.019900
v -0.449600 0.111700 2.020700
v -0.443600 0.126600 2.004300
v -0.441100 0.125000 2.005300
v -0.443600 0.126600 2.004300
v -0.449600 0.111700 2.020700
v -0.441100 0.125000 2.005300
v -0.434500 0.137000 1.990500
v -0.443600 0.126600 2.004300
v -0.437400 0.137900 1.989600
v -0.443600 0.126600 2.004300
v -0.434500 0.137000 1.990500
v -0.434500 0.137000 1.990500
v -0.433000 0.142100 1.984000
v -0.437400 0.137900 1.989600
v -0.436300 0.141500 1.984000
v -0.437400 0.137900 1.989600
v -0.433000 0.142100 1.984000
v -0.433000 0.142100 1.984000
v -0.434000 0.145800 1.978800
v -0.436300 0.141500 1.984000
v -0.436900 0.144100 1.979900
v -0.436300 0.141500 1.984000
v -0.434000 0.145800 1.978800
v -0.434000 0.145800 1.978800
v -0.439100 0.148100 1.974400
v -0.436900 0.144100 1.979900
v -0.440700 0.145400 1.976600
v -0.436900 0.144100 1.979900
v -0.439100 0.148100 1.974400
v -0.439100 0.148100 1.974400
v -0.446300 0.148900 1.971600
v -0.440700 0.145400 1.976600
v -0.447100 0.145900 1.973800
v -0.440700 0.145400 1.976600
v -0.446300 0.148900 1.971600
v -0.446300 0.148900 1.971600
v -0.458000 0.148900 1.969100
v -0.447100 0.145900 1.973800
v -0.458000 0.145900 1.970700
v -0.447100 0.145900 1.973800
v -0.458000 0.148900 1.969100
v -0.458000 0.145900 1.970700
v -0.458000 0.148900 1.969100
v -0.512100 0.144200 1.957800
v -0.512200 0.147200 1.957000
v -0.512100 0.144200 1.957800
v -0.458000 0.148900 1.969100
v -0.512100 0.144200 1.957800
v -0.512200 0.147200 1.957000
v -0.565600 0.141700 1.943300
v -0.565800 0.144700 1.942500
v -0.565600 0.141700 1.943300
v -0.512200 0.147200 1.957000
v -0.565600 0.141700 1.943300
v -0.565800 0.144700 1.942500
v -0.618600 0.138200 1.926700
v -0.618800 0.141200 1.925900
v -0.618600 0.138200 1.926700
v -0.565800 0.144700 1.942500
v -0.618600 0.138200 1.926700
v -0.618800 0.141200 1.925900
v -0.676700 0.133800 1.905600
v -0.676900 0.136800 1.904800
v -0.676700 0.133800 1.905600
v -0.618800 0.141200 1.925900
v -0.676700 0.133800 1.905600
v -0.676900 0.136800 1.904800
v -0.734600 0.128400 1.880800
v -0.734900 0.131400 1.880000
v -0.734600 0.128400 1.880800
v -0.676900 0.136800 1.904800
v -0.734600 0.128400 1.880800
v -0.734900 0.131400 1.880000
v -0.785800 0.122500 1.854600
v -0.786300 0.125500 1.853700
v -0.785800 0.122500 1.854600
v -0.734900 0.131400 1.880000
v -0.785800 0.122500 1.854600
v -0.786300 0.125500 1.853700
v -0.821500 0.117200 1.832900
v -0.822000 0.120100 1.831500
v -0.821500 0.117200 1.832900
v -0.786300 0.125500 1.853700
v 0.482500 0.086900 2.043200
v 0.481400 0.084200 2.044000
v 0.494600 0.083400 2.042900
v 0.494500 0.080400 2.043800
v 0.494600 0.083400 2.042900
v 0.481400 0.084200 2.044000
v 0.494600 0.083400 2.042900
v 0.494500 0.080400 2.043800
v 0.507900 0.081300 2.040600
v 0.508200 0.078100 2.041500
v 0.507900 0.081300 2.040600
v 0.494500 0.080400 2.043800
v 0.507900 0.081300 2.040600
v 0.508200 0.078100 2.041500
v 0.524600 0.079900 2.036000
v 0.525300 0.076800 2.036800
v 0.524600 0.079900 2.036000
v 0.508200 0.078100 2.041500
v 0.524600 0.079900 2.036000
v 0.525300 0.076800 2.036800
v 0.573000 0.078200 2.017800
v 0.573800 0.075200 2.018500
v 0.573000 0.078200 2.017800
v 0.525300 0.076800 2.036800
v 0.573800 0.075200 2.018500
v 0.623800 0.073500 1.995100
v 0.573000 0.078200 2.017800
v 0.623600 0.076600 1.994200
v 0.573000 0.078200 2.017800
v 0.623800 0.073500 1.995100
v 0.623600 0.076600 1.994200
v 0.623800 0.073500 1.995100
v 0.683800 0.074400 1.961000
v 0.683900 0.071400 1.961800
v 0.683800 0.074400 1.961000
v 0.623800 0.073500 1.995100
v 0.683800 0.074400 1.961000
v 0.683900 0.071400 1.961800
v 0.740700 0.072200 1.924800
v 0.740400 0.069200 1.925900
v 0.740700 0.072200 1.924800
v 0.683900 0.071400 1.961800
v 0.740700 0.072200 1.924800
v 0.740400 0.069200 1.925900
v 0.791100 0.070100 1.887600
v 0.790200 0.067100 1.889400
v 0.791100 0.070100 1.887600
v 0.740400 0.069200 1.925900
v 0.790200 0.067100 1.889400
v 0.822400 0.065900 1.862500
v 0.791100 0.070100 1.887600
v 0.822000 0.068800 1.861100
v 0.791100 0.070100 1.887600
v 0.822400 0.065900 1.862500
v 0.822000 0.068800 1.861100
v 0.822400 0.065900 1.862500
v 0.826300 0.069200 1.856900
v 0.827300 0.066600 1.857600
v 0.826300 0.069200 1.856900
v 0.822400 0.065900 1.862500
v 0.826300 0.069200 1.856900
v 0.827300 0.066600 1.857600
v 0.829800 0.070800 1.852700
v 0.831200 0.068700 1.852900
v 0.829800 0.070800 1.852700
v 0.827300 0.066600 1.857600
v 0.829800 0.070800 1.852700
v 0.831200 0.068700 1.852900
v 0.831700 0.073800 1.849000
v 0.833700 0.072600 1.848800
v 0.831700 0.073800 1.849000
v 0.831200 0.068700 1.852900
v 0.831700 0.073800 1.849000
v 0.833700 0.072600 1.848800
v 0.832400 0.078200 1.846000
v 0.834600 0.077800 1.845500
v 0.832400 0.078200 1.846000
v 0.833700 0.072600 1.848800
v 0.832400 0.078200 1.846000
v 0.834600 0.077800 1.845500
v 0.832600 0.091700 1.839200
v 0.834600 0.091600 1.838400
v 0.832600 0.091700 1.839200
v 0.834600 0.077800 1.845500
v 0.832600 0.091700 1.839200
v 0.834600 0.091600 1.838400
v 0.831700 0.105100 1.832400
v 0.833900 0.105300 1.831300
v 0.831700 0.105100 1.832400
v 0.834600 0.091600 1.838400
v 0.831700 0.105100 1.832400
v 0.833900 0.105300 1.831300
v 0.831100 0.109900 1.830100
v 0.833200 0.110700 1.828300
v 0.831100 0.109900 1.830100
v 0.833900 0.105300 1.831300
v 0.831100 0.109900 1.830100
v 0.833200 0.110700 1.828300
v 0.829600 0.113800 1.829100
v 0.831300 0.115400 1.826900
v 0.829600 0.113800 1.829100
v 0.833200 0.110700 1.828300
v 0.829600 0.113800 1.829100
v 0.831300 0.115400 1.826900
v 0.826700 0.115900 1.829900
v 0.827600 0.118500 1.828000
v 0.826700 0.115900 1.829900
v 0.831300 0.115400 1.826900
v 0.826700 0.115900 1.829900
v 0.827600 0.118500 1.828000
v 0.821500 0.117200 1.832900
v 0.822000 0.120100 1.831500
v 0.821500 0.117200 1.832900
v 0.827600 0.118500 1.828000
v 0.481400 0.084200 2.044000
v 0.482500 0.086900 2.043200
v 0.471500 0.089300 2.041400
v 0.473100 0.091600 2.040900
v 0.471500 0.089300 2.041400
v 0.482500 0.086900 2.043200
v 0.471500 0.089300 2.041400
v 0.473100 0.091600 2.040900
v 0.463300 0.095400 2.037000
v 0.465400 0.097500 2.036400
v 0.463300 0.095400 2.037000
v 0.473100 0.091600 2.040900
v 0.463300 0.095400 2.037000
v 0.465400 0.097500 2.036400
v 0.455900 0.102800 2.030200
v 0.458000 0.105000 2.029300
v 0.455900 0.102800 2.030200
v 0.465400 0.097500 2.036400
v 0.458000 0.105000 2.029300
v 0.451800 0.113500 2.019900
v 0.455900 0.102800 2.030200
v 0.449600 0.111700 2.020700
v 0.455900 0.102800 2.030200
v 0.451800 0.113500 2.019900
v 0.451800 0.113500 2.019900
v 0.443600 0.126600 2.004300
v 0.449600 0.111700 2.020700
v 0.441100 0.125000 2.005300
v 0.449600 0.111700 2.020700
v 0.443600 0.126600 2.004300
v 0.441100 0.125000 2.005300
v 0.443600 0.126600 2.004300
v 0.434500 0.137000 1.990500
v 0.437400 0.137900 1.989600
v 0.434500 0.137000 1.990500
v 0.443600 0.126600 2.004300
v 0.434500 0.137000 1.990500
v 0.437400 0.137900 1.989600
v 0.433000 0.142100 1.984000
v 0.436300 0.141500 1.984000
v 0.433000 0.142100 1.984000
v 0.437400 0.137900 1.989600
v 0.433000 0.142100 1.984000
v 0.436300 0.141500 1.984000
v 0.434000 0.145800 1.978800
v 0.436900 0.144100 1.979900
v 0.434000 0.145800 1.978800
v 0.436300 0.141500 1.984000
v 0.434000 0.145800 1.978800
v 0.436900 0.144100 1.979900
v 0.439100 0.148100 1.974400
v 0.440700 0.145400 1.976600
v 0.439100 0.148100 1.974400
v 0.436900 0.144100 1.979900
v 0.439100 0.148100 1.974400
v 0.440700 0.145400 1.976600
v 0.446300 0.148900 1.971600
v 0.447100 0.145900 1.973800
v 0.446300 0.148900 1.971600
v 0.440700 0.145400 1.976600
v 0.446300 0.148900 1.971600
v 0.447100 0.145900 1.973800
v 0.458000 0.148900 1.969100
v 0.458000 0.145900 1.970700
v 0.458000 0.148900 1.969100
v 0.447100 0.145900 1.973800
v 0.458000 0.145900 1.970700
v 0.512100 0.144200 1.957800
v 0.458000 0.148900 1.969100
v 0.512200 0.147200 1.957000
v 0.458000 0.148900 1.969100
v 0.512100 0.144200 1.957800
v 0.512100 0.144200 1.957800
v 0.565600 0.141700 1.943300
v 0.512200 0.147200 1.957000
v 0.565800 0.144700 1.942500
v 0.512200 0.147200 1.957000
v 0.565600 0.141700 1.943300
v 0.565600 0.141700 1.943300
v 0.618600 0.138200 1.926700
v 0.565800 0.144700 1.942500
v 0.618800 0.141200 1.925900
v 0.565800 0.144700 1.942500
v 0.618600 0.138200 1.926700
v 0.618600 0.138200 1.926700
v 0.676700 0.133800 1.905600
v 0.618800 0.141200 1.925900
v 0.676900 0.136800 1.904800
v 0.618800 0.141200 1.925900
v 0.676700 0.133800 1.905600
v 0.676700 0.133800 1.905600
v 0.734600 0.128400 1.880800
v 0.676900 0.136800 1.904800
v 0.734900 0.131400 1.880000
v 0.676900 0.136800 1.904800
v 0.734600 0.128400 1.880800
v 0.734600 0.128400 1.880800
v 0.785800 0.122500 1.854600
v 0.734900 0.131400 1.880000
v 0.786300 0.125500 1.853700
v 0.734900 0.131400 1.880000
v 0.785800 0.122500 1.854600
v 0.785800 0.122500 1.854600
v 0.821500 0.117200 1.832900
v 0.786300 0.125500 1.853700
v 0.822000 0.120100 1.831500
v 0.786300 0.125500 1.853700
v 0.821500 0.117200 1.832900
v -0.511200 0.147000 1.952700
v -0.509400 0.147100 1.953000
v -0.512400 0.148400 1.942600
v -0.510800 0.148700 1.942700
v -0.512400 0.148400 1.942600
v -0.509400 0.147100 1.953000
v -0.510800 0.148700 1.942700
v -0.511900 0.149000 1.934000
v -0.512400 0.148400 1.942600
v -0.513400 0.148800 1.933900
v -0.512400 0.148400 1.942600
v -0.511900 0.149000 1.934000
v -0.511900 0.149000 1.934000
v -0.513400 0.148600 1.919300
v -0.513400 0.148800 1.933900
v -0.515000 0.148400 1.919000
v -0.513400 0.148800 1.933900
v -0.513400 0.148600 1.919300
v -0.512400 0.148400 1.942600
v -0.515600 0.145800 1.921400
v -0.511200 0.147000 1.952700
v -0.512400 0.148400 1.942600
v -0.513400 0.148800 1.933900
v -0.515600 0.145800 1.921400
v -0.513400 0.148800 1.933900
v -0.515000 0.148400 1.919000
v -0.515600 0.145800 1.921400
v -0.513400 0.148600 1.919300
v -0.511900 0.149000 1.934000
v -0.512200 0.146200 1.922200
v -0.511900 0.149000 1.934000
v -0.510800 0.148700 1.942700
v -0.512200 0.146200 1.922200
v -0.510800 0.148700 1.942700
v -0.509400 0.147100 1.953000
v -0.512200 0.146200 1.922200
v -0.484300 0.148000 1.957600
v -0.482600 0.148100 1.957900
v -0.485500 0.149500 1.947500
v -0.483900 0.149800 1.947600
v -0.485500 0.149500 1.947500
v -0.482600 0.148100 1.957900
v -0.483900 0.149800 1.947600
v -0.485000 0.150200 1.938800
v -0.485500 0.149500 1.947500
v -0.486500 0.149900 1.938800
v -0.485500 0.149500 1.947500
v -0.485000 0.150200 1.938800
v -0.485000 0.150200 1.938800
v -0.486500 0.149700 1.924200
v -0.486500 0.149900 1.938800
v -0.488100 0.149500 1.923900
v -0.486500 0.149900 1.938800
v -0.486500 0.149700 1.924200
v -0.485500 0.149500 1.947500
v -0.488700 0.146900 1.926300
v -0.484300 0.148000 1.957600
v -0.485500 0.149500 1.947500
v -0.486500 0.149900 1.938800
v -0.488700 0.146900 1.926300
v -0.486500 0.149900 1.938800
v -0.488100 0.149500 1.923900
v -0.488700 0.146900 1.926300
v -0.486500 0.149700 1.924200
v -0.485000 0.150200 1.938800
v -0.485300 0.147400 1.927100
v -0.485000 0.150200 1.938800
v -0.483900 0.149800 1.947600
v -0.485300 0.147400 1.927100
v -0.483900 0.149800 1.947600
v -0.482600 0.148100 1.957900
v -0.485300 0.147400 1.927100
v -0.457800 0.148800 1.961900
v -0.456000 0.148900 1.962200
v -0.458900 0.150300 1.951700
v -0.457400 0.150600 1.951900
v -0.458900 0.150300 1.951700
v -0.456000 0.148900 1.962200
v -0.457400 0.150600 1.951900
v -0.458500 0.151100 1.943100
v -0.458900 0.150300 1.951700
v -0.460000 0.150800 1.943100
v -0.458900 0.150300 1.951700
v -0.458500 0.151100 1.943100
v -0.458500 0.151100 1.943100
v -0.460000 0.150800 1.928500
v -0.460000 0.150800 1.943100
v -0.461600 0.150500 1.928200
v -0.460000 0.150800 1.943100
v -0.460000 0.150800 1.928500
v -0.458900 0.150300 1.951700
v -0.462200 0.147900 1.930500
v -0.457800 0.148800 1.961900
v -0.458900 0.150300 1.951700
v -0.460000 0.150800 1.943100
v -0.462200 0.147900 1.930500
v -0.460000 0.150800 1.943100
v -0.461600 0.150500 1.928200
v -0.462200 0.147900 1.930500
v -0.460000 0.150800 1.928500
v -0.458500 0.151100 1.943100
v -0.458700 0.148400 1.931400
v -0.458500 0.151100 1.943100
v -0.457400 0.150600 1.951900
v -0.458700 0.148400 1.931400
v -0.457400 0.150600 1.951900
v -0.456000 0.148900 1.962200
v -0.458700 0.148400 1.931400
v -0.782700 0.070500 1.889800
v -0.781000 0.070300 1.891400
v -0.783700 0.073500 1.880700
v -0.782300 0.073600 1.881500
v -0.783700 0.073500 1.880700
v -0.781000 0.070300 1.891400
v -0.782300 0.073600 1.881500
v -0.783100 0.074500 1.874500
v -0.783700 0.073500 1.880700
v -0.784800 0.074500 1.873300
v -0.783700 0.073500 1.880700
v -0.783100 0.074500 1.874500
v -0.783100 0.074500 1.874500
v -0.784300 0.075300 1.863700
v -0.784800 0.074500 1.873300
v -0.786000 0.075200 1.862800
v -0.784800 0.074500 1.873300
v -0.784300 0.075300 1.863700
v -0.725800 0.072900 1.929900
v -0.724300 0.072900 1.931100
v -0.727200 0.075700 1.918900
v -0.725700 0.075700 1.919900
v -0.727200 0.075700 1.918900
v -0.724300 0.072900 1.931100
v -0.725700 0.075700 1.919900
v -0.726800 0.076600 1.910000
v -0.727200 0.075700 1.918900
v -0.728300 0.076700 1.909000
v -0.727200 0.075700 1.918900
v -0.726800 0.076600 1.910000
v -0.726800 0.076600 1.910000
v -0.728300 0.077100 1.895600
v -0.728300 0.076700 1.909000
v -0.730100 0.077100 1.895200
v -0.728300 0.076700 1.909000
v -0.728300 0.077100 1.895600
v -0.782300 0.073600 1.881500
v -0.781000 0.070300 1.891400
v -0.783400 0.071700 1.867600
v -0.783100 0.074500 1.874500
v -0.782300 0.073600 1.881500
v -0.783400 0.071700 1.867600
v -0.784300 0.075300 1.863700
v -0.783100 0.074500 1.874500
v -0.783400 0.071700 1.867600
v -0.784800 0.074500 1.873300
v -0.786000 0.075200 1.862800
v -0.786400 0.071600 1.865800
v -0.783700 0.073500 1.880700
v -0.784800 0.074500 1.873300
v -0.786400 0.071600 1.865800
v -0.783700 0.073500 1.880700
v -0.786400 0.071600 1.865800
v -0.782700 0.070500 1.889800
v -0.727200 0.075700 1.918900
v -0.730700 0.073600 1.897500
v -0.725800 0.072900 1.929900
v -0.727200 0.075700 1.918900
v -0.728300 0.076700 1.909000
v -0.730700 0.073600 1.897500
v -0.728300 0.076700 1.909000
v -0.730100 0.077100 1.895200
v -0.730700 0.073600 1.897500
v -0.811600 0.069400 1.867000
v -0.810000 0.069500 1.868300
v -0.812200 0.071900 1.860800
v -0.810900 0.072000 1.861500
v -0.812200 0.071900 1.860800
v -0.810000 0.069500 1.868300
v -0.810900 0.072000 1.861500
v -0.811700 0.073500 1.854600
v -0.812200 0.071900 1.860800
v -0.813100 0.073400 1.854000
v -0.812200 0.071900 1.860800
v -0.811700 0.073500 1.854600
v -0.811700 0.073500 1.854600
v -0.812500 0.074300 1.845600
v -0.813100 0.073400 1.854000
v -0.814100 0.074200 1.844700
v -0.813100 0.073400 1.854000
v -0.812500 0.074300 1.845600
v -0.755300 0.074500 1.900900
v -0.758600 0.072400 1.882100
v -0.754100 0.071700 1.910700
v -0.755300 0.074500 1.900900
v -0.756300 0.075500 1.892200
v -0.758600 0.072400 1.882100
v -0.756300 0.075500 1.892200
v -0.757900 0.075900 1.879500
v -0.758600 0.072400 1.882100
v -0.810900 0.072000 1.861500
v -0.810000 0.069500 1.868300
v -0.811600 0.070700 1.849100
v -0.811700 0.073500 1.854600
v -0.810900 0.072000 1.861500
v -0.811600 0.070700 1.849100
v -0.812500 0.074300 1.845600
v -0.811700 0.073500 1.854600
v -0.811600 0.070700 1.849100
v -0.813100 0.073400 1.854000
v -0.814100 0.074200 1.844700
v -0.814600 0.070600 1.847300
v -0.812200 0.071900 1.860800
v -0.813100 0.073400 1.854000
v -0.814600 0.070600 1.847300
v -0.812200 0.071900 1.860800
v -0.814600 0.070600 1.847300
v -0.811600 0.069400 1.867000
v -0.728300 0.077100 1.895600
v -0.726800 0.076600 1.910000
v -0.727100 0.073800 1.899100
v -0.726800 0.076600 1.910000
v -0.725700 0.075700 1.919900
v -0.727100 0.073800 1.899100
v -0.725700 0.075700 1.919900
v -0.724300 0.072900 1.931100
v -0.727100 0.073800 1.899100
v -0.697600 0.074000 1.948000
v -0.696000 0.074000 1.948900
v -0.699100 0.076600 1.935700
v -0.697700 0.076700 1.936400
v -0.699100 0.076600 1.935700
v -0.696000 0.074000 1.948900
v -0.697700 0.076700 1.936400
v -0.699000 0.077500 1.925300
v -0.699100 0.076600 1.935700
v -0.700500 0.077500 1.924700
v -0.699100 0.076600 1.935700
v -0.699000 0.077500 1.925300
v -0.699000 0.077500 1.925300
v -0.700700 0.077900 1.910300
v -0.700500 0.077500 1.924700
v -0.702500 0.077900 1.909500
v -0.700500 0.077500 1.924700
v -0.700700 0.077900 1.910300
v -0.699100 0.076600 1.935700
v -0.703100 0.074400 1.912000
v -0.697600 0.074000 1.948000
v -0.699100 0.076600 1.935700
v -0.700500 0.077500 1.924700
v -0.703100 0.074400 1.912000
v -0.700500 0.077500 1.924700
v -0.702500 0.077900 1.909500
v -0.703100 0.074400 1.912000
v -0.728000 0.131800 1.880000
v -0.726300 0.132100 1.880200
v -0.729100 0.133000 1.871400
v -0.727600 0.133300 1.871500
v -0.729100 0.133000 1.871400
v -0.726300 0.132100 1.880200
v -0.727600 0.133300 1.871500
v -0.728600 0.133700 1.864100
v -0.729100 0.133000 1.871400
v -0.730100 0.133400 1.864100
v -0.729100 0.133000 1.871400
v -0.728600 0.133700 1.864100
v -0.728600 0.133700 1.864100
v -0.730000 0.133300 1.853600
v -0.730100 0.133400 1.864100
v -0.731600 0.133100 1.853000
v -0.730100 0.133400 1.864100
v -0.730000 0.133300 1.853600
v -0.729100 0.133000 1.871400
v -0.732300 0.130800 1.854300
v -0.728000 0.131800 1.880000
v -0.729100 0.133000 1.871400
v -0.730100 0.133400 1.864100
v -0.732300 0.130800 1.854300
v -0.730100 0.133400 1.864100
v -0.731600 0.133100 1.853000
v -0.732300 0.130800 1.854300
v -0.700700 0.077900 1.910300
v -0.699000 0.077500 1.925300
v -0.699400 0.074600 1.913800
v -0.699000 0.077500 1.925300
v -0.697700 0.076700 1.936400
v -0.699400 0.074600 1.913800
v -0.697700 0.076700 1.936400
v -0.696000 0.074000 1.948900
v -0.699400 0.074600 1.913800
v -0.669600 0.075100 1.964500
v -0.668000 0.075100 1.965400
v -0.671200 0.077800 1.951100
v -0.669700 0.077800 1.951900
v -0.671200 0.077800 1.951100
v -0.668000 0.075100 1.965400
v -0.669700 0.077800 1.951900
v -0.671000 0.078600 1.939900
v -0.671200 0.077800 1.951100
v -0.672500 0.078700 1.939200
v -0.671200 0.077800 1.951100
v -0.671000 0.078600 1.939900
v -0.671000 0.078600 1.939900
v -0.672800 0.079000 1.923600
v -0.672500 0.078700 1.939200
v -0.674600 0.079000 1.923100
v -0.672500 0.078700 1.939200
v -0.672800 0.079000 1.923600
v -0.671200 0.077800 1.951100
v -0.675200 0.075500 1.925600
v -0.669600 0.075100 1.964500
v -0.671200 0.077800 1.951100
v -0.672500 0.078700 1.939200
v -0.675200 0.075500 1.925600
v -0.672500 0.078700 1.939200
v -0.674600 0.079000 1.923100
v -0.675200 0.075500 1.925600
v -0.672800 0.079000 1.923600
v -0.671000 0.078600 1.939900
v -0.671500 0.075700 1.927400
v -0.671000 0.078600 1.939900
v -0.669700 0.077800 1.951900
v -0.671500 0.075700 1.927400
v -0.669700 0.077800 1.951900
v -0.668000 0.075100 1.965400
v -0.671500 0.075700 1.927400
v -0.642000 0.076000 1.980000
v -0.640400 0.076100 1.980600
v -0.643800 0.078700 1.965800
v -0.642300 0.078700 1.966300
v -0.643800 0.078700 1.965800
v -0.640400 0.076100 1.980600
v -0.642300 0.078700 1.966300
v -0.643800 0.079600 1.953500
v -0.643800 0.078700 1.965800
v -0.645300 0.079600 1.953200
v -0.643800 0.078700 1.965800
v -0.643800 0.079600 1.953500
v -0.643800 0.079600 1.953500
v -0.645700 0.080000 1.935600
v -0.645300 0.079600 1.953200
v -0.647500 0.079900 1.934900
v -0.645300 0.079600 1.953200
v -0.645700 0.080000 1.935600
v -0.643800 0.078700 1.965800
v -0.648100 0.076500 1.937600
v -0.642000 0.076000 1.980000
v -0.643800 0.078700 1.965800
v -0.645300 0.079600 1.953200
v -0.648100 0.076500 1.937600
v -0.645300 0.079600 1.953200
v -0.647500 0.079900 1.934900
v -0.648100 0.076500 1.937600
v -0.478800 0.141500 1.899300
v -0.479300 0.139100 1.901300
v -0.463900 0.141900 1.926700
v -0.464400 0.139800 1.928900
v -0.463900 0.141900 1.926700
v -0.479300 0.139100 1.901300
v -0.466600 0.135300 1.933500
v -0.464400 0.139800 1.928900
v -0.479300 0.139100 1.901300
v -0.466600 0.135300 1.933500
v -0.479300 0.139100 1.901300
v -0.472800 0.125700 1.941600
v -0.483100 0.130300 1.911100
v -0.472800 0.125700 1.941600
v -0.479300 0.139100 1.901300
v -0.472800 0.125700 1.941600
v -0.483100 0.130300 1.911100
v -0.479100 0.116600 1.949700
v -0.489600 0.119600 1.920900
v -0.479100 0.116600 1.949700
v -0.483100 0.130300 1.911100
v -0.484000 0.110400 1.954800
v -0.479100 0.116600 1.949700
v -0.489600 0.119600 1.920900
v -0.484000 0.110400 1.954800
v -0.489600 0.119600 1.920900
v -0.488600 0.105700 1.958400
v -0.493700 0.114000 1.923600
v -0.488600 0.105700 1.958400
v -0.489600 0.119600 1.920900
v -0.488600 0.105700 1.958400
v -0.493700 0.114000 1.923600
v -0.493800 0.101500 1.961300
v -0.498600 0.108900 1.925700
v -0.493800 0.101500 1.961300
v -0.493700 0.114000 1.923600
v -0.493800 0.101500 1.961300
v -0.498600 0.108900 1.925700
v -0.500500 0.097300 1.963700
v -0.505000 0.103300 1.927400
v -0.500500 0.097300 1.963700
v -0.498600 0.108900 1.925700
v -0.500500 0.097300 1.963700
v -0.505000 0.103300 1.927400
v -0.508100 0.093800 1.964700
v -0.511800 0.098900 1.928100
v -0.508100 0.093800 1.964700
v -0.505000 0.103300 1.927400
v -0.508100 0.093800 1.964700
v -0.511800 0.098900 1.928100
v -0.516800 0.091300 1.964400
v -0.520300 0.095300 1.927800
v -0.516800 0.091300 1.964400
v -0.511800 0.098900 1.928100
v -0.516800 0.091300 1.964400
v -0.520300 0.095300 1.927800
v -0.527800 0.089600 1.963100
v -0.531000 0.092800 1.926500
v -0.527800 0.089600 1.963100
v -0.520300 0.095300 1.927800
v -0.527800 0.089600 1.963100
v -0.531000 0.092800 1.926500
v -0.573800 0.087200 1.950000
v -0.574400 0.088900 1.914900
v -0.573800 0.087200 1.950000
v -0.531000 0.092800 1.926500
v -0.573800 0.087200 1.950000
v -0.574400 0.088900 1.914900
v -0.624500 0.085400 1.931500
v -0.624900 0.087100 1.898800
v -0.624500 0.085400 1.931500
v -0.574400 0.088900 1.914900
v -0.624500 0.085400 1.931500
v -0.624900 0.087100 1.898800
v -0.685200 0.083200 1.905500
v -0.685300 0.084900 1.876200
v -0.685200 0.083200 1.905500
v -0.624900 0.087100 1.898800
v -0.685200 0.083200 1.905500
v -0.685300 0.084900 1.876200
v -0.741600 0.081000 1.877700
v -0.741400 0.082700 1.852200
v -0.741600 0.081000 1.877700
v -0.685300 0.084900 1.876200
v -0.741600 0.081000 1.877700
v -0.741400 0.082700 1.852200
v -0.791800 0.078900 1.849500
v -0.791300 0.080600 1.827900
v -0.791800 0.078900 1.849500
v -0.741400 0.082700 1.852200
v -0.791800 0.078900 1.849500
v -0.791300 0.080600 1.827900
v -0.817600 0.077700 1.832800
v -0.817000 0.079500 1.813900
v -0.817600 0.077700 1.832800
v -0.791300 0.080600 1.827900
v -0.817600 0.077700 1.832800
v -0.817000 0.079500 1.813900
v -0.819700 0.078100 1.830900
v -0.819400 0.079900 1.812300
v -0.819700 0.078100 1.830900
v -0.817000 0.079500 1.813900
v -0.819700 0.078100 1.830900
v -0.819400 0.079900 1.812300
v -0.821300 0.078600 1.829000
v -0.821500 0.080600 1.810700
v -0.821300 0.078600 1.829000
v -0.819400 0.079900 1.812300
v -0.821300 0.078600 1.829000
v -0.821500 0.080600 1.810700
v -0.822700 0.080000 1.826300
v -0.823500 0.082500 1.808600
v -0.822700 0.080000 1.826300
v -0.821500 0.080600 1.810700
v -0.822700 0.080000 1.826300
v -0.823500 0.082500 1.808600
v -0.823500 0.082100 1.823800
v -0.824500 0.085200 1.806600
v -0.823500 0.082100 1.823800
v -0.823500 0.082500 1.808600
v -0.823500 0.082100 1.823800
v -0.824500 0.085200 1.806600
v -0.823800 0.089800 1.818500
v -0.824900 0.089700 1.802600
v -0.823800 0.089800 1.818500
v -0.824500 0.085200 1.806600
v -0.823800 0.089800 1.818500
v -0.824900 0.089700 1.802600
v -0.822800 0.108600 1.809200
v -0.823900 0.107200 1.795100
v -0.822800 0.108600 1.809200
v -0.824900 0.089700 1.802600
v -0.822800 0.108600 1.809200
v -0.823900 0.107200 1.795100
v -0.822700 0.111400 1.807900
v -0.823600 0.111600 1.793100
v -0.822700 0.111400 1.807900
v -0.823900 0.107200 1.795100
v -0.822700 0.111400 1.807900
v -0.823600 0.111600 1.793100
v -0.822200 0.113800 1.806900
v -0.823100 0.114100 1.792100
v -0.822200 0.113800 1.806900
v -0.823600 0.111600 1.793100
v -0.821100 0.115700 1.792400
v -0.822400 0.115700 1.814000
v -0.823100 0.114100 1.792100
v -0.824100 0.114100 1.808700
v -0.823100 0.114100 1.792100
v -0.822400 0.115700 1.814000
v -0.824100 0.114100 1.808700
v -0.822400 0.115700 1.814000
v -0.824400 0.114100 1.813600
v -0.824100 0.114100 1.808700
v -0.824400 0.114100 1.813600
v -0.824600 0.111600 1.809600
v -0.824900 0.111600 1.814800
v -0.824600 0.111600 1.809600
v -0.824400 0.114100 1.813600
v -0.824600 0.111600 1.809600
v -0.824900 0.111600 1.814800
v -0.824700 0.108800 1.810900
v -0.825000 0.109400 1.816100
v -0.824700 0.108800 1.810900
v -0.824900 0.111600 1.814800
v -0.824700 0.108800 1.810900
v -0.825000 0.109400 1.816100
v -0.825700 0.089700 1.820200
v -0.826000 0.089700 1.826800
v -0.825700 0.089700 1.820200
v -0.825000 0.109400 1.816100
v -0.825700 0.089700 1.820200
v -0.826000 0.089700 1.826800
v -0.825400 0.081600 1.825500
v -0.825600 0.081600 1.831900
v -0.825400 0.081600 1.825500
v -0.826000 0.089700 1.826800
v -0.825400 0.081600 1.825500
v -0.825600 0.081600 1.831900
v -0.824300 0.079000 1.828000
v -0.824500 0.079000 1.834200
v -0.824300 0.079000 1.828000
v -0.825600 0.081600 1.831900
v -0.824300 0.079000 1.828000
v -0.824500 0.079000 1.834200
v -0.822300 0.077000 1.830800
v -0.822500 0.077000 1.836800
v -0.822300 0.077000 1.830800
v -0.824500 0.079000 1.834200
v -0.822300 0.077000 1.830800
v -0.822500 0.077000 1.836800
v -0.820200 0.076300 1.832700
v -0.820400 0.076300 1.838800
v -0.820200 0.076300 1.832700
v -0.822500 0.077000 1.836800
v -0.820200 0.076300 1.832700
v -0.820400 0.076300 1.838800
v -0.817700 0.075900 1.834600
v -0.817900 0.075900 1.840800
v -0.817700 0.075900 1.834600
v -0.820400 0.076300 1.838800
v -0.817700 0.075900 1.834600
v -0.817900 0.075900 1.840800
v -0.791800 0.077000 1.851300
v -0.791900 0.077000 1.857800
v -0.791800 0.077000 1.851300
v -0.817900 0.075900 1.840800
v -0.791800 0.077000 1.851300
v -0.791900 0.077000 1.857800
v -0.741600 0.079100 1.879500
v -0.741600 0.079100 1.887000
v -0.741600 0.079100 1.879500
v -0.791900 0.077000 1.857800
v -0.741600 0.079100 1.879500
v -0.741600 0.079100 1.887000
v -0.685100 0.081300 1.907300
v -0.685100 0.081300 1.915900
v -0.685100 0.081300 1.907300
v -0.741600 0.079100 1.887000
v -0.685100 0.081300 1.907300
v -0.685100 0.081300 1.915900
v -0.624400 0.083500 1.933300
v -0.624300 0.083500 1.942800
v -0.624400 0.083500 1.933300
v -0.685100 0.081300 1.915900
v -0.624400 0.083500 1.933300
v -0.624300 0.083500 1.942800
v -0.573700 0.085300 1.951800
v -0.573500 0.085300 1.961900
v -0.573700 0.085300 1.951800
v -0.624300 0.083500 1.942800
v -0.573700 0.085300 1.951800
v -0.573500 0.085300 1.961900
v -0.527600 0.087700 1.964900
v -0.527400 0.087700 1.975400
v -0.527600 0.087700 1.964900
v -0.573500 0.085300 1.961900
v -0.527600 0.087700 1.964900
v -0.527400 0.087700 1.975400
v -0.516400 0.089500 1.966300
v -0.516100 0.089500 1.976800
v -0.516400 0.089500 1.966300
v -0.527400 0.087700 1.975400
v -0.516400 0.089500 1.966300
v -0.516100 0.089500 1.976800
v -0.507400 0.092000 1.966500
v -0.507200 0.092000 1.977000
v -0.507400 0.092000 1.966500
v -0.516100 0.089500 1.976800
v -0.507200 0.092000 1.977000
v -0.499300 0.095600 1.976000
v -0.507400 0.092000 1.966500
v -0.499600 0.095600 1.965500
v -0.507400 0.092000 1.966500
v -0.499300 0.095600 1.976000
v -0.499300 0.095600 1.976000
v -0.492400 0.100000 1.973700
v -0.499600 0.095600 1.965500
v -0.492600 0.100000 1.963100
v -0.499600 0.095600 1.965500
v -0.492400 0.100000 1.973700
v -0.492400 0.100000 1.973700
v -0.487000 0.104300 1.971000
v -0.492600 0.100000 1.963100
v -0.487300 0.104300 1.960200
v -0.492600 0.100000 1.963100
v -0.487000 0.104300 1.971000
v -0.487000 0.104300 1.971000
v -0.482300 0.109100 1.967500
v -0.487300 0.104300 1.960200
v -0.482500 0.109100 1.956600
v -0.487300 0.104300 1.960200
v -0.482300 0.109100 1.967500
v -0.482300 0.109100 1.967500
v -0.477300 0.115400 1.962500
v -0.482500 0.109100 1.956600
v -0.477500 0.115400 1.951500
v -0.482500 0.109100 1.956600
v -0.477300 0.115400 1.962500
v -0.477300 0.115400 1.962500
v -0.471000 0.124600 1.954900
v -0.477500 0.115400 1.951500
v -0.471200 0.124600 1.943400
v -0.477500 0.115400 1.951500
v -0.471000 0.124600 1.954900
v -0.471000 0.124600 1.954900
v -0.464800 0.134300 1.947100
v -0.471200 0.124600 1.943400
v -0.465000 0.134300 1.935300
v -0.471200 0.124600 1.943400
v -0.464800 0.134300 1.947100
v -0.464800 0.134300 1.947100
v -0.462400 0.139100 1.942500
v -0.465000 0.134300 1.935300
v -0.462600 0.139100 1.930700
v -0.465000 0.134300 1.935300
v -0.462400 0.139100 1.942500
v -0.462400 0.139100 1.942500
v -0.461900 0.141500 1.939900
v -0.462600 0.139100 1.930700
v -0.462100 0.141500 1.928500
v -0.462600 0.139100 1.930700
v -0.461900 0.141500 1.939900
v -0.462100 0.141500 1.928500
v -0.461900 0.141500 1.939900
v -0.463400 0.142700 1.938400
v -0.462100 0.141500 1.928500
v -0.463400 0.142700 1.938400
v -0.478800 0.141500 1.899300
v -0.480200 0.142700 1.898000
v -0.478800 0.141500 1.899300
v -0.463400 0.142700 1.938400
v -0.463400 0.142700 1.938400
v -0.514500 0.141900 1.926100
v -0.480200 0.142700 1.898000
v -0.514900 0.141900 1.887300
v -0.480200 0.142700 1.898000
v -0.514500 0.141900 1.926100
v -0.514900 0.141900 1.887300
v -0.514500 0.141900 1.926100
v -0.568200 0.139400 1.874800
v -0.568000 0.139400 1.911600
v -0.568200 0.139400 1.874800
v -0.514500 0.141900 1.926100
v -0.568200 0.139400 1.874800
v -0.568000 0.139400 1.911600
v -0.620900 0.136200 1.860600
v -0.621000 0.136200 1.895000
v -0.620900 0.136200 1.860600
v -0.568000 0.139400 1.911600
v -0.620900 0.136200 1.860600
v -0.621000 0.136200 1.895000
v -0.678700 0.131800 1.843000
v -0.679100 0.131800 1.874100
v -0.678700 0.131800 1.843000
v -0.621000 0.136200 1.895000
v -0.678700 0.131800 1.843000
v -0.679100 0.131800 1.874100
v -0.736300 0.126400 1.823300
v -0.735900 0.126500 1.851100
v -0.736300 0.126400 1.823300
v -0.679100 0.131800 1.874100
v -0.736300 0.126400 1.823300
v -0.735900 0.126500 1.851100
v -0.790800 0.120000 1.803900
v -0.791900 0.120000 1.826700
v -0.790800 0.120000 1.803900
v -0.735900 0.126500 1.851100
v -0.791900 0.120000 1.826700
v -0.822400 0.115700 1.814000
v -0.790800 0.120000 1.803900
v -0.814600 0.116600 1.794900
v -0.790800 0.120000 1.803900
v -0.822400 0.115700 1.814000
v -0.821100 0.115700 1.792400
v -0.814600 0.116600 1.794900
v -0.822400 0.115700 1.814000
v -0.645700 0.080000 1.935600
v -0.643800 0.079600 1.953500
v -0.644400 0.076600 1.939600
v -0.643800 0.079600 1.953500
v -0.642300 0.078700 1.966300
v -0.644400 0.076600 1.939600
v -0.642300 0.078700 1.966300
v -0.640400 0.076100 1.980600
v -0.644400 0.076600 1.939600
v -0.700400 0.134500 1.892200
v -0.698700 0.134700 1.892500
v -0.701400 0.135800 1.883100
v -0.700000 0.136100 1.883200
v -0.701400 0.135800 1.883100
v -0.698700 0.134700 1.892500
v -0.700000 0.136100 1.883200
v -0.700900 0.136400 1.875400
v -0.701400 0.135800 1.883100
v -0.702300 0.136200 1.875400
v -0.701400 0.135800 1.883100
v -0.700900 0.136400 1.875400
v -0.700900 0.136400 1.875400
v -0.702200 0.136100 1.863800
v -0.702300 0.136200 1.875400
v -0.703800 0.135900 1.863200
v -0.702300 0.136200 1.875400
v -0.702200 0.136100 1.863800
v -0.614300 0.076800 1.994000
v -0.612700 0.076800 1.994600
v -0.616300 0.079500 1.979000
v -0.614800 0.079500 1.979400
v -0.616300 0.079500 1.979000
v -0.612700 0.076800 1.994600
v -0.614800 0.079500 1.979400
v -0.616400 0.080300 1.965900
v -0.616300 0.079500 1.979000
v -0.618000 0.080400 1.965600
v -0.616300 0.079500 1.979000
v -0.616400 0.080300 1.965900
v -0.616400 0.080300 1.965900
v -0.618600 0.080700 1.947600
v -0.618000 0.080400 1.965600
v -0.620400 0.080700 1.947000
v -0.618000 0.080400 1.965600
v -0.618600 0.080700 1.947600
v -0.616300 0.079500 1.979000
v -0.621000 0.077200 1.949900
v -0.614300 0.076800 1.994000
v -0.616300 0.079500 1.979000
v -0.618000 0.080400 1.965600
v -0.621000 0.077200 1.949900
v -0.618000 0.080400 1.965600
v -0.620400 0.080700 1.947000
v -0.621000 0.077200 1.949900
v -0.701400 0.135800 1.883100
v -0.704500 0.133500 1.865000
v -0.700400 0.134500 1.892200
v -0.701400 0.135800 1.883100
v -0.702300 0.136200 1.875400
v -0.704500 0.133500 1.865000
v -0.702300 0.136200 1.875400
v -0.703800 0.135900 1.863200
v -0.704500 0.133500 1.865000
v -0.702200 0.136100 1.863800
v -0.700900 0.136400 1.875400
v -0.701000 0.134000 1.866200
v -0.700900 0.136400 1.875400
v -0.700000 0.136100 1.883200
v -0.701000 0.134000 1.866200
v -0.700000 0.136100 1.883200
v -0.698700 0.134700 1.892500
v -0.701000 0.134000 1.866200
v -0.618600 0.080700 1.947600
v -0.616400 0.080300 1.965900
v -0.617200 0.077400 1.951400
v -0.616400 0.080300 1.965900
v -0.614800 0.079500 1.979400
v -0.617200 0.077400 1.951400
v -0.614800 0.079500 1.979400
v -0.612700 0.076800 1.994600
v -0.617200 0.077400 1.951400
v -0.754100 0.071700 1.910700
v -0.752600 0.071800 1.911700
v -0.755300 0.074500 1.900900
v -0.753800 0.074500 1.901800
v -0.755300 0.074500 1.900900
v -0.752600 0.071800 1.911700
v -0.753800 0.074500 1.901800
v -0.754800 0.075400 1.893100
v -0.755300 0.074500 1.900900
v -0.756300 0.075500 1.892200
v -0.755300 0.074500 1.900900
v -0.754800 0.075400 1.893100
v -0.754800 0.075400 1.893100
v -0.756100 0.075900 1.880500
v -0.756300 0.075500 1.892200
v -0.757900 0.075900 1.879500
v -0.756300 0.075500 1.892200
v -0.756100 0.075900 1.880500
v -0.587000 0.077900 2.006900
v -0.585300 0.077900 2.007700
v -0.589100 0.080500 1.990900
v -0.587600 0.080500 1.991500
v -0.589100 0.080500 1.990900
v -0.585300 0.077900 2.007700
v -0.587600 0.080500 1.991500
v -0.589400 0.081300 1.977100
v -0.589100 0.080500 1.990900
v -0.591000 0.081300 1.976600
v -0.589100 0.080500 1.990900
v -0.589400 0.081300 1.977100
v -0.589400 0.081300 1.977100
v -0.591800 0.081600 1.957900
v -0.591000 0.081300 1.976600
v -0.593500 0.081500 1.957200
v -0.591000 0.081300 1.976600
v -0.591800 0.081600 1.957900
v -0.589100 0.080500 1.990900
v -0.594200 0.078100 1.960200
v -0.587000 0.077900 2.006900
v -0.589100 0.080500 1.990900
v -0.591000 0.081300 1.976600
v -0.594200 0.078100 1.960200
v -0.591000 0.081300 1.976600
v -0.593500 0.081500 1.957200
v -0.594200 0.078100 1.960200
v -0.591800 0.081600 1.957900
v -0.589400 0.081300 1.977100
v -0.590400 0.078300 1.961800
v -0.589400 0.081300 1.977100
v -0.587600 0.080500 1.991500
v -0.590400 0.078300 1.961800
v -0.587600 0.080500 1.991500
v -0.585300 0.077900 2.007700
v -0.590400 0.078300 1.961800
v -0.673800 0.138200 1.893900
v -0.676900 0.136000 1.875500
v -0.672800 0.137000 1.903200
v -0.673800 0.138200 1.893900
v -0.674800 0.138600 1.886100
v -0.676900 0.136000 1.875500
v -0.674800 0.138600 1.886100
v -0.676200 0.138300 1.873500
v -0.676900 0.136000 1.875500
v -0.560200 0.078800 2.017800
v -0.558500 0.078900 2.018500
v -0.562300 0.081500 2.001100
v -0.560800 0.081500 2.001700
v -0.562300 0.081500 2.001100
v -0.558500 0.078900 2.018500
v -0.560800 0.081500 2.001700
v -0.562600 0.082300 1.986800
v -0.562300 0.081500 2.001100
v -0.564200 0.082400 1.986300
v -0.562300 0.081500 2.001100
v -0.562600 0.082300 1.986800
v -0.562600 0.082300 1.986800
v -0.565000 0.082700 1.967400
v -0.564200 0.082400 1.986300
v -0.566600 0.082600 1.966600
v -0.564200 0.082400 1.986300
v -0.565000 0.082700 1.967400
v -0.562300 0.081500 2.001100
v -0.567400 0.079200 1.970000
v -0.560200 0.078800 2.017800
v -0.562300 0.081500 2.001100
v -0.564200 0.082400 1.986300
v -0.567400 0.079200 1.970000
v -0.564200 0.082400 1.986300
v -0.566600 0.082600 1.966600
v -0.567400 0.079200 1.970000
v -0.674600 0.138500 1.873800
v -0.673300 0.138900 1.886100
v -0.673400 0.136500 1.876400
v -0.673300 0.138900 1.886100
v -0.672400 0.138500 1.894100
v -0.673400 0.136500 1.876400
v -0.672400 0.138500 1.894100
v -0.671100 0.137100 1.903500
v -0.673400 0.136500 1.876400
v -0.727600 0.133300 1.871500
v -0.726300 0.132100 1.880200
v -0.728700 0.131300 1.855900
v -0.728600 0.133700 1.864100
v -0.727600 0.133300 1.871500
v -0.728700 0.131300 1.855900
v -0.730000 0.133300 1.853600
v -0.728600 0.133700 1.864100
v -0.728700 0.131300 1.855900
v -0.565000 0.082700 1.967400
v -0.562600 0.082300 1.986800
v -0.563600 0.079400 1.970800
v -0.562600 0.082300 1.986800
v -0.560800 0.081500 2.001700
v -0.563600 0.079400 1.970800
v -0.560800 0.081500 2.001700
v -0.558500 0.078900 2.018500
v -0.563600 0.079400 1.970800
v -0.462100 0.141500 1.928500
v -0.463900 0.141900 1.926700
v -0.462600 0.139100 1.930700
v -0.464400 0.139800 1.928900
v -0.462600 0.139100 1.930700
v -0.463900 0.141900 1.926700
v -0.462600 0.139100 1.930700
v -0.464400 0.139800 1.928900
v -0.465000 0.134300 1.935300
v -0.466600 0.135300 1.933500
v -0.465000 0.134300 1.935300
v -0.464400 0.139800 1.928900
v -0.465000 0.134300 1.935300
v -0.466600 0.135300 1.933500
v -0.471200 0.124600 1.943400
v -0.472800 0.125700 1.941600
v -0.471200 0.124600 1.943400
v -0.466600 0.135300 1.933500
v -0.471200 0.124600 1.943400
v -0.472800 0.125700 1.941600
v -0.477500 0.115400 1.951500
v -0.479100 0.116600 1.949700
v -0.477500 0.115400 1.951500
v -0.472800 0.125700 1.941600
v -0.477500 0.115400 1.951500
v -0.479100 0.116600 1.949700
v -0.482500 0.109100 1.956600
v -0.484000 0.110400 1.954800
v -0.482500 0.109100 1.956600
v -0.479100 0.116600 1.949700
v -0.482500 0.109100 1.956600
v -0.484000 0.110400 1.954800
v -0.487300 0.104300 1.960200
v -0.488600 0.105700 1.958400
v -0.487300 0.104300 1.960200
v -0.484000 0.110400 1.954800
v -0.487300 0.104300 1.960200
v -0.488600 0.105700 1.958400
v -0.492600 0.100000 1.963100
v -0.493800 0.101500 1.961300
v -0.492600 0.100000 1.963100
v -0.488600 0.105700 1.958400
v -0.492600 0.100000 1.963100
v -0.493800 0.101500 1.961300
v -0.499600 0.095600 1.965500
v -0.500500 0.097300 1.963700
v -0.499600 0.095600 1.965500
v -0.493800 0.101500 1.961300
v -0.499600 0.095600 1.965500
v -0.500500 0.097300 1.963700
v -0.507400 0.092000 1.966500
v -0.508100 0.093800 1.964700
v -0.507400 0.092000 1.966500
v -0.500500 0.097300 1.963700
v -0.507400 0.092000 1.966500
v -0.508100 0.093800 1.964700
v -0.516400 0.089500 1.966300
v -0.516800 0.091300 1.964400
v -0.516400 0.089500 1.966300
v -0.508100 0.093800 1.964700
v -0.516400 0.089500 1.966300
v -0.516800 0.091300 1.964400
v -0.527600 0.087700 1.964900
v -0.527800 0.089600 1.963100
v -0.527600 0.087700 1.964900
v -0.516800 0.091300 1.964400
v -0.527600 0.087700 1.964900
v -0.527800 0.089600 1.963100
v -0.573700 0.085300 1.951800
v -0.573800 0.087200 1.950000
v -0.573700 0.085300 1.951800
v -0.527800 0.089600 1.963100
v -0.573700 0.085300 1.951800
v -0.573800 0.087200 1.950000
v -0.624400 0.083500 1.933300
v -0.624500 0.085400 1.931500
v -0.624400 0.083500 1.933300
v -0.573800 0.087200 1.950000
v -0.624400 0.083500 1.933300
v -0.624500 0.085400 1.931500
v -0.685100 0.081300 1.907300
v -0.685200 0.083200 1.905500
v -0.685100 0.081300 1.907300
v -0.624500 0.085400 1.931500
v -0.685100 0.081300 1.907300
v -0.685200 0.083200 1.905500
v -0.741600 0.079100 1.879500
v -0.741600 0.081000 1.877700
v -0.741600 0.079100 1.879500
v -0.685200 0.083200 1.905500
v -0.741600 0.079100 1.879500
v -0.741600 0.081000 1.877700
v -0.791800 0.077000 1.851300
v -0.791800 0.078900 1.849500
v -0.791800 0.077000 1.851300
v -0.741600 0.081000 1.877700
v -0.791800 0.077000 1.851300
v -0.791800 0.078900 1.849500
v -0.817700 0.075900 1.834600
v -0.817600 0.077700 1.832800
v -0.817700 0.075900 1.834600
v -0.791800 0.078900 1.849500
v -0.817700 0.075900 1.834600
v -0.817600 0.077700 1.832800
v -0.820200 0.076300 1.832700
v -0.819700 0.078100 1.830900
v -0.820200 0.076300 1.832700
v -0.817600 0.077700 1.832800
v -0.820200 0.076300 1.832700
v -0.819700 0.078100 1.830900
v -0.822300 0.077000 1.830800
v -0.821300 0.078600 1.829000
v -0.822300 0.077000 1.830800
v -0.819700 0.078100 1.830900
v -0.822300 0.077000 1.830800
v -0.821300 0.078600 1.829000
v -0.824300 0.079000 1.828000
v -0.822700 0.080000 1.826300
v -0.824300 0.079000 1.828000
v -0.821300 0.078600 1.829000
v -0.824300 0.079000 1.828000
v -0.822700 0.080000 1.826300
v -0.825400 0.081600 1.825500
v -0.823500 0.082100 1.823800
v -0.825400 0.081600 1.825500
v -0.822700 0.080000 1.826300
v -0.825400 0.081600 1.825500
v -0.823500 0.082100 1.823800
v -0.825700 0.089700 1.820200
v -0.823800 0.089800 1.818500
v -0.825700 0.089700 1.820200
v -0.823500 0.082100 1.823800
v -0.825700 0.089700 1.820200
v -0.823800 0.089800 1.818500
v -0.824700 0.108800 1.810900
v -0.822800 0.108600 1.809200
v -0.824700 0.108800 1.810900
v -0.823800 0.089800 1.818500
v -0.824700 0.108800 1.810900
v -0.822800 0.108600 1.809200
v -0.824600 0.111600 1.809600
v -0.822700 0.111400 1.807900
v -0.824600 0.111600 1.809600
v -0.822800 0.108600 1.809200
v -0.824600 0.111600 1.809600
v -0.822700 0.111400 1.807900
v -0.824100 0.114100 1.808700
v -0.822200 0.113800 1.806900
v -0.824100 0.114100 1.808700
v -0.822700 0.111400 1.807900
v -0.533200 0.079800 2.029600
v -0.531600 0.079800 2.030400
v -0.535500 0.082500 2.011600
v -0.534000 0.082600 2.012200
v -0.535500 0.082500 2.011600
v -0.531600 0.079800 2.030400
v -0.534000 0.082600 2.012200
v -0.536000 0.083500 1.996000
v -0.535500 0.082500 2.011600
v -0.537600 0.083500 1.995500
v -0.535500 0.082500 2.011600
v -0.536000 0.083500 1.996000
v -0.536000 0.083500 1.996000
v -0.538600 0.083900 1.974700
v -0.537600 0.083500 1.995500
v -0.540200 0.083900 1.974500
v -0.537600 0.083500 1.995500
v -0.538600 0.083900 1.974700
v -0.645700 0.139100 1.913300
v -0.644000 0.139200 1.913600
v -0.646700 0.140500 1.903900
v -0.645200 0.140800 1.904000
v -0.646700 0.140500 1.903900
v -0.644000 0.139200 1.913600
v -0.645200 0.140800 1.904000
v -0.646100 0.141100 1.895900
v -0.646700 0.140500 1.903900
v -0.647600 0.140800 1.895900
v -0.646700 0.140500 1.903900
v -0.646100 0.141100 1.895900
v -0.646100 0.141100 1.895900
v -0.647500 0.140800 1.882300
v -0.647600 0.140800 1.895900
v -0.649100 0.140600 1.882000
v -0.647600 0.140800 1.895900
v -0.647500 0.140800 1.882300
v -0.535500 0.082500 2.011600
v -0.541000 0.080400 1.977500
v -0.533200 0.079800 2.029600
v -0.535500 0.082500 2.011600
v -0.537600 0.083500 1.995500
v -0.541000 0.080400 1.977500
v -0.537600 0.083500 1.995500
v -0.540200 0.083900 1.974500
v -0.541000 0.080400 1.977500
v -0.646700 0.140500 1.903900
v -0.649800 0.137900 1.884000
v -0.645700 0.139100 1.913300
v -0.646700 0.140500 1.903900
v -0.647600 0.140800 1.895900
v -0.649800 0.137900 1.884000
v -0.647600 0.140800 1.895900
v -0.649100 0.140600 1.882000
v -0.649800 0.137900 1.884000
v -0.538600 0.083900 1.974700
v -0.536000 0.083500 1.996000
v -0.537100 0.080600 1.978700
v -0.536000 0.083500 1.996000
v -0.534000 0.082600 2.012200
v -0.537100 0.080600 1.978700
v -0.534000 0.082600 2.012200
v -0.531600 0.079800 2.030400
v -0.537100 0.080600 1.978700
v -0.506200 0.081900 2.035700
v -0.504600 0.082100 2.036200
v -0.508800 0.084800 2.020100
v -0.507300 0.085200 2.020700
v -0.508800 0.084800 2.020100
v -0.504600 0.082100 2.036200
v -0.507300 0.085200 2.020700
v -0.509700 0.086700 2.003000
v -0.508800 0.084800 2.020100
v -0.511300 0.086400 2.002500
v -0.508800 0.084800 2.020100
v -0.509700 0.086700 2.003000
v -0.509700 0.086700 2.003000
v -0.512700 0.087200 1.980400
v -0.511300 0.086400 2.002500
v -0.514400 0.086900 1.980100
v -0.511300 0.086400 2.002500
v -0.512700 0.087200 1.980400
v -0.508800 0.084800 2.020100
v -0.513900 0.083300 1.983600
v -0.506200 0.081900 2.035700
v -0.508800 0.084800 2.020100
v -0.511300 0.086400 2.002500
v -0.513900 0.083300 1.983600
v -0.511300 0.086400 2.002500
v -0.514400 0.086900 1.980100
v -0.513900 0.083300 1.983600
v -0.618600 0.141200 1.922500
v -0.616900 0.141400 1.922800
v -0.619800 0.142600 1.912500
v -0.618300 0.142900 1.912700
v -0.619800 0.142600 1.912500
v -0.616900 0.141400 1.922800
v -0.618300 0.142900 1.912700
v -0.619300 0.143200 1.904100
v -0.619800 0.142600 1.912500
v -0.620900 0.143000 1.904100
v -0.619800 0.142600 1.912500
v -0.619300 0.143200 1.904100
v -0.619300 0.143200 1.904100
v -0.620800 0.142800 1.890800
v -0.620900 0.143000 1.904100
v -0.622500 0.142600 1.890500
v -0.620900 0.143000 1.904100
v -0.620800 0.142800 1.890800
v -0.756100 0.075900 1.880500
v -0.754800 0.075400 1.893100
v -0.755000 0.072600 1.884100
v -0.754800 0.075400 1.893100
v -0.753800 0.074500 1.901800
v -0.755000 0.072600 1.884100
v -0.753800 0.074500 1.901800
v -0.752600 0.071800 1.911700
v -0.755000 0.072600 1.884100
v -0.619800 0.142600 1.912500
v -0.623100 0.140000 1.892500
v -0.618600 0.141200 1.922500
v -0.619800 0.142600 1.912500
v -0.620900 0.143000 1.904100
v -0.623100 0.140000 1.892500
v -0.620900 0.143000 1.904100
v -0.622500 0.142600 1.890500
v -0.623100 0.140000 1.892500
v -0.620800 0.142800 1.890800
v -0.619300 0.143200 1.904100
v -0.619600 0.140400 1.893500
v -0.619300 0.143200 1.904100
v -0.618300 0.142900 1.912700
v -0.619600 0.140400 1.893500
v -0.618300 0.142900 1.912700
v -0.616900 0.141400 1.922800
v -0.619600 0.140400 1.893500
v -0.480900 0.088300 2.038400
v -0.479700 0.088800 2.038200
v -0.485400 0.091700 2.020400
v -0.484200 0.092300 2.020200
v -0.485400 0.091700 2.020400
v -0.479700 0.088800 2.038200
v -0.484200 0.092300 2.020200
v -0.487500 0.093900 2.002800
v -0.485400 0.091700 2.020400
v -0.488700 0.093400 2.003000
v -0.485400 0.091700 2.020400
v -0.487500 0.093900 2.002800
v -0.487500 0.093900 2.002800
v -0.491800 0.095500 1.979000
v -0.488700 0.093400 2.003000
v -0.493200 0.094600 1.979400
v -0.488700 0.093400 2.003000
v -0.491800 0.095500 1.979000
v -0.485400 0.091700 2.020400
v -0.491700 0.090700 1.982900
v -0.480900 0.088300 2.038400
v -0.485400 0.091700 2.020400
v -0.488700 0.093400 2.003000
v -0.491700 0.090700 1.982900
v -0.488700 0.093400 2.003000
v -0.493200 0.094600 1.979400
v -0.491700 0.090700 1.982900
v -0.491800 0.095500 1.979000
v -0.487500 0.093900 2.002800
v -0.488500 0.092800 1.981900
v -0.487500 0.093900 2.002800
v -0.484200 0.092300 2.020200
v -0.488500 0.092800 1.981900
v -0.484200 0.092300 2.020200
v -0.479700 0.088800 2.038200
v -0.488500 0.092800 1.981900
v -0.591700 0.143000 1.931000
v -0.590000 0.143100 1.931300
v -0.592900 0.144400 1.920800
v -0.591400 0.144700 1.920900
v -0.592900 0.144400 1.920800
v -0.590000 0.143100 1.931300
v -0.591400 0.144700 1.920900
v -0.592500 0.145000 1.912200
v -0.592900 0.144400 1.920800
v -0.594000 0.144800 1.912200
v -0.592900 0.144400 1.920800
v -0.592500 0.145000 1.912200
v -0.592500 0.145000 1.912200
v -0.593900 0.144600 1.898400
v -0.594000 0.144800 1.912200
v -0.595600 0.144400 1.897900
v -0.594000 0.144800 1.912200
v -0.593900 0.144600 1.898400
v -0.461700 0.102300 2.027800
v -0.460900 0.103200 2.027000
v -0.465300 0.104400 2.017500
v -0.464300 0.105100 2.017500
v -0.465300 0.104400 2.017500
v -0.460900 0.103200 2.027000
v -0.464300 0.105100 2.017500
v -0.468900 0.107000 2.001300
v -0.465300 0.104400 2.017500
v -0.469700 0.106100 2.001700
v -0.465300 0.104400 2.017500
v -0.468900 0.107000 2.001300
v -0.468900 0.107000 2.001300
v -0.476200 0.109300 1.969400
v -0.469700 0.106100 2.001700
v -0.477000 0.108200 1.970200
v -0.469700 0.106100 2.001700
v -0.476200 0.109300 1.969400
v -0.465300 0.104400 2.017500
v -0.474500 0.105000 1.973700
v -0.461700 0.102300 2.027800
v -0.465300 0.104400 2.017500
v -0.469700 0.106100 2.001700
v -0.474500 0.105000 1.973700
v -0.469700 0.106100 2.001700
v -0.477000 0.108200 1.970200
v -0.474500 0.105000 1.973700
v -0.592900 0.144400 1.920800
v -0.596200 0.141800 1.900300
v -0.591700 0.143000 1.931000
v -0.592900 0.144400 1.920800
v -0.594000 0.144800 1.912200
v -0.596200 0.141800 1.900300
v -0.594000 0.144800 1.912200
v -0.595600 0.144400 1.897900
v -0.596200 0.141800 1.900300
v -0.593900 0.144600 1.898400
v -0.592500 0.145000 1.912200
v -0.592700 0.142200 1.901100
v -0.592500 0.145000 1.912200
v -0.591400 0.144700 1.920900
v -0.592700 0.142200 1.901100
v -0.591400 0.144700 1.920900
v -0.590000 0.143100 1.931300
v -0.592700 0.142200 1.901100
v -0.476200 0.109300 1.969400
v -0.468900 0.107000 2.001300
v -0.472300 0.107300 1.972000
v -0.468900 0.107000 2.001300
v -0.464300 0.105100 2.017500
v -0.472300 0.107300 1.972000
v -0.464300 0.105100 2.017500
v -0.460900 0.103200 2.027000
v -0.472300 0.107300 1.972000
v -0.449500 0.119100 2.009200
v -0.448800 0.120200 2.008000
v -0.453800 0.121100 1.998800
v -0.452700 0.121900 1.998400
v -0.453800 0.121100 1.998800
v -0.448800 0.120200 2.008000
v -0.452700 0.121900 1.998400
v -0.457400 0.123400 1.984200
v -0.453800 0.121100 1.998800
v -0.458200 0.122400 1.984500
v -0.453800 0.121100 1.998800
v -0.457400 0.123400 1.984200
v -0.457400 0.123400 1.984200
v -0.465000 0.125400 1.956200
v -0.458200 0.122400 1.984500
v -0.465700 0.124300 1.956800
v -0.458200 0.122400 1.984500
v -0.465000 0.125400 1.956200
v -0.453800 0.121100 1.998800
v -0.462400 0.121300 1.960400
v -0.449500 0.119100 2.009200
v -0.453800 0.121100 1.998800
v -0.458200 0.122400 1.984500
v -0.462400 0.121300 1.960400
v -0.458200 0.122400 1.984500
v -0.465700 0.124300 1.956800
v -0.462400 0.121300 1.960400
v -0.564700 0.144700 1.938600
v -0.563000 0.144800 1.938900
v -0.565900 0.146100 1.928400
v -0.564400 0.146400 1.928600
v -0.565900 0.146100 1.928400
v -0.563000 0.144800 1.938900
v -0.564400 0.146400 1.928600
v -0.565500 0.146800 1.919800
v -0.565900 0.146100 1.928400
v -0.567000 0.146500 1.919800
v -0.565900 0.146100 1.928400
v -0.565500 0.146800 1.919800
v -0.565500 0.146800 1.919800
v -0.566900 0.146300 1.906100
v -0.567000 0.146500 1.919800
v -0.568600 0.146100 1.905500
v -0.567000 0.146500 1.919800
v -0.566900 0.146300 1.906100
v -0.507300 0.085200 2.020700
v -0.504600 0.082100 2.036200
v -0.510200 0.084100 1.983700
v -0.509700 0.086700 2.003000
v -0.507300 0.085200 2.020700
v -0.510200 0.084100 1.983700
v -0.512700 0.087200 1.980400
v -0.509700 0.086700 2.003000
v -0.510200 0.084100 1.983700
v -0.672800 0.137000 1.903200
v -0.671100 0.137100 1.903500
v -0.673800 0.138200 1.893900
v -0.672400 0.138500 1.894100
v -0.673800 0.138200 1.893900
v -0.671100 0.137100 1.903500
v -0.672400 0.138500 1.894100
v -0.673300 0.138900 1.886100
v -0.673800 0.138200 1.893900
v -0.674800 0.138600 1.886100
v -0.673800 0.138200 1.893900
v -0.673300 0.138900 1.886100
v -0.673300 0.138900 1.886100
v -0.674600 0.138500 1.873800
v -0.674800 0.138600 1.886100
v -0.676200 0.138300 1.873500
v -0.674800 0.138600 1.886100
v -0.674600 0.138500 1.873800
v -0.565900 0.146100 1.928400
v -0.569200 0.143500 1.907900
v -0.564700 0.144700 1.938600
v -0.565900 0.146100 1.928400
v -0.567000 0.146500 1.919800
v -0.569200 0.143500 1.907900
v -0.567000 0.146500 1.919800
v -0.568600 0.146100 1.905500
v -0.569200 0.143500 1.907900
v -0.827900 0.122200 1.806700
v -0.827800 0.121400 1.790300
v -0.834000 0.120700 1.803300
v -0.832700 0.119000 1.789300
v -0.834000 0.120700 1.803300
v -0.827800 0.121400 1.790300
v -0.834000 0.120700 1.803300
v -0.832700 0.119000 1.789300
v -0.838500 0.117800 1.801800
v -0.836800 0.116500 1.788400
v -0.838500 0.117800 1.801800
v -0.832700 0.119000 1.789300
v -0.822000 0.120100 1.831500
v -0.823200 0.119100 1.811700
v -0.827600 0.118500 1.828000
v -0.828900 0.117400 1.808900
v -0.827600 0.118500 1.828000
v -0.823200 0.119100 1.811700
v -0.836800 0.116500 1.788400
v -0.838300 0.111700 1.789400
v -0.838500 0.117800 1.801800
v -0.827600 0.118500 1.828000
v -0.828900 0.117400 1.808900
v -0.831300 0.115400 1.826900
v -0.832500 0.114600 1.808100
v -0.831300 0.115400 1.826900
v -0.828900 0.117400 1.808900
v -0.840600 0.113400 1.802500
v -0.838500 0.117800 1.801800
v -0.838300 0.111700 1.789400
v -0.838300 0.111700 1.789400
v -0.838400 0.103700 1.792000
v -0.840600 0.113400 1.802500
v -0.831300 0.115400 1.826900
v -0.832500 0.114600 1.808100
v -0.833200 0.110700 1.828300
v -0.834400 0.109900 1.809200
v -0.833200 0.110700 1.828300
v -0.832500 0.114600 1.808100
v -0.841800 0.107000 1.805100
v -0.840600 0.113400 1.802500
v -0.838400 0.103700 1.792000
v -0.838400 0.103700 1.792000
v -0.838600 0.089600 1.797100
v -0.841800 0.107000 1.805100
v -0.833200 0.110700 1.828300
v -0.834400 0.109900 1.809200
v -0.833900 0.105300 1.831300
v -0.835100 0.104300 1.811800
v -0.833900 0.105300 1.831300
v -0.834400 0.109900 1.809200
v -0.842900 0.090000 1.813400
v -0.841800 0.107000 1.805100
v -0.838600 0.089600 1.797100
v -0.838600 0.089600 1.797100
v -0.837800 0.075900 1.802900
v -0.842900 0.090000 1.813400
v -0.833900 0.105300 1.831300
v -0.835100 0.104300 1.811800
v -0.834600 0.091600 1.838400
v -0.835800 0.090600 1.818800
v -0.834600 0.091600 1.838400
v -0.835100 0.104300 1.811800
v -0.841900 0.075800 1.822100
v -0.842900 0.090000 1.813400
v -0.837800 0.075900 1.802900
v -0.837800 0.075900 1.802900
v -0.836100 0.070600 1.805700
v -0.841900 0.075800 1.822100
v -0.834600 0.091600 1.838400
v -0.835800 0.090600 1.818800
v -0.834600 0.077800 1.845500
v -0.835600 0.076900 1.826500
v -0.834600 0.077800 1.845500
v -0.835800 0.090600 1.818800
v -0.839000 0.070700 1.827400
v -0.841900 0.075800 1.822100
v -0.836100 0.070600 1.805700
v -0.836100 0.070600 1.805700
v -0.833600 0.066700 1.808700
v -0.839000 0.070700 1.827400
v -0.834600 0.077800 1.845500
v -0.835600 0.076900 1.826500
v -0.833700 0.072600 1.848800
v -0.834700 0.071800 1.830900
v -0.833700 0.072600 1.848800
v -0.835600 0.076900 1.826500
v -0.832200 0.067900 1.834600
v -0.839000 0.070700 1.827400
v -0.833600 0.066700 1.808700
v -0.833700 0.072600 1.848800
v -0.834700 0.071800 1.830900
v -0.831200 0.068700 1.852800
v -0.832200 0.067900 1.834600
v -0.831200 0.068700 1.852800
v -0.834700 0.071800 1.830900
v -0.833600 0.066700 1.808700
v -0.829600 0.064700 1.812600
v -0.832200 0.067900 1.834600
v -0.832200 0.067900 1.834600
v -0.829600 0.064700 1.812600
v -0.831200 0.068700 1.852800
v -0.827800 0.121400 1.790300
v -0.827900 0.122200 1.806700
v -0.788700 0.125900 1.800400
v -0.787400 0.128100 1.827800
v -0.788700 0.125900 1.800400
v -0.827900 0.122200 1.806700
v -0.788700 0.125900 1.800400
v -0.787400 0.128100 1.827800
v -0.736000 0.130800 1.813600
v -0.831200 0.068700 1.852800
v -0.829600 0.064700 1.812600
v -0.827300 0.066600 1.857600
v -0.735000 0.134000 1.850900
v -0.736000 0.130800 1.813600
v -0.787400 0.128100 1.827800
v -0.736000 0.130800 1.813600
v -0.735000 0.134000 1.850900
v -0.679300 0.135400 1.825800
v -0.677400 0.139200 1.872300
v -0.679300 0.135400 1.825800
v -0.735000 0.134000 1.850900
v -0.827300 0.066600 1.857600
v -0.829600 0.064700 1.812600
v -0.822400 0.065900 1.862500
v -0.679300 0.135400 1.825800
v -0.677400 0.139200 1.872300
v -0.621200 0.139600 1.835900
v -0.824800 0.063900 1.815900
v -0.822400 0.065900 1.862500
v -0.829600 0.064700 1.812600
v -0.619000 0.143400 1.891100
v -0.621200 0.139600 1.835900
v -0.677400 0.139200 1.872300
v -0.621200 0.139600 1.835900
v -0.619000 0.143400 1.891100
v -0.568200 0.142800 1.843300
v -0.566000 0.146500 1.906100
v -0.568200 0.142800 1.843300
v -0.619000 0.143400 1.891100
v -0.822400 0.065900 1.862500
v -0.824800 0.063900 1.815900
v -0.790200 0.067100 1.889400
v -0.792600 0.065200 1.832700
v -0.790200 0.067100 1.889400
v -0.824800 0.063900 1.815900
v -0.568200 0.142800 1.843300
v -0.566000 0.146500 1.906100
v -0.514600 0.145200 1.849700
v -0.512400 0.149000 1.919000
v -0.514600 0.145200 1.849700
v -0.566000 0.146500 1.906100
v -0.790200 0.067100 1.889400
v -0.792600 0.065200 1.832700
v -0.740400 0.069200 1.925900
v -0.742800 0.067300 1.857000
v -0.740400 0.069200 1.925900
v -0.792600 0.065200 1.832700
v -0.514600 0.145200 1.849700
v -0.512400 0.149000 1.919000
v -0.460400 0.146900 1.855100
v -0.458800 0.150800 1.928500
v -0.460400 0.146900 1.855100
v -0.512400 0.149000 1.919000
v -0.740400 0.069200 1.925900
v -0.742800 0.067300 1.857000
v -0.683900 0.071400 1.961800
v -0.686300 0.069500 1.883800
v -0.683900 0.071400 1.961800
v -0.742800 0.067300 1.857000
v -0.460400 0.146900 1.855100
v -0.458800 0.150800 1.928500
v -0.448700 0.147300 1.856200
v -0.447300 0.151000 1.928700
v -0.448700 0.147300 1.856200
v -0.458800 0.150800 1.928500
v -0.683900 0.071400 1.961800
v -0.686300 0.069500 1.883800
v -0.623800 0.073500 1.995100
v -0.626200 0.071600 1.910100
v -0.623800 0.073500 1.995100
v -0.686300 0.069500 1.883800
v -0.448700 0.147300 1.856200
v -0.447300 0.151000 1.928700
v -0.440000 0.146200 1.857500
v -0.436300 0.150000 1.929900
v -0.440000 0.146200 1.857500
v -0.447300 0.151000 1.928700
v -0.623800 0.073500 1.995100
v -0.626200 0.071600 1.910100
v -0.573800 0.075200 2.018500
v -0.576200 0.073300 1.931400
v -0.573800 0.075200 2.018500
v -0.626200 0.071600 1.910100
v -0.440000 0.146200 1.857500
v -0.436300 0.150000 1.929900
v -0.436400 0.143900 1.859400
v -0.431700 0.147800 1.932000
v -0.436400 0.143900 1.859400
v -0.436300 0.150000 1.929900
v -0.573800 0.075200 2.018500
v -0.576200 0.073300 1.931400
v -0.525300 0.076800 2.036800
v -0.527700 0.074800 1.949600
v -0.525300 0.076800 2.036800
v -0.576200 0.073300 1.931400
v -0.436400 0.143900 1.859400
v -0.431700 0.147800 1.932000
v -0.435400 0.140200 1.861700
v -0.430700 0.143500 1.935900
v -0.435400 0.140200 1.861700
v -0.431700 0.147800 1.932000
v -0.525300 0.076800 2.036800
v -0.527700 0.074800 1.949600
v -0.508200 0.078100 2.041500
v -0.510600 0.076200 1.952000
v -0.508200 0.078100 2.041500
v -0.527700 0.074800 1.949600
v -0.435400 0.140200 1.861700
v -0.430700 0.143500 1.935900
v -0.436900 0.135100 1.868500
v -0.433900 0.136400 1.941500
v -0.436900 0.135100 1.868500
v -0.430700 0.143500 1.935900
v -0.508200 0.078100 2.041500
v -0.510600 0.076200 1.952000
v -0.494500 0.080400 2.043800
v -0.496900 0.078500 1.949400
v -0.494500 0.080400 2.043800
v -0.510600 0.076200 1.952000
v -0.436900 0.135100 1.868500
v -0.433900 0.136400 1.941500
v -0.443500 0.123100 1.887800
v -0.440200 0.124400 1.951500
v -0.443500 0.123100 1.887800
v -0.433900 0.136400 1.941500
v -0.494500 0.080400 2.043800
v -0.496900 0.078500 1.949400
v -0.481400 0.084200 2.044000
v -0.483300 0.082800 1.942800
v -0.481400 0.084200 2.044000
v -0.496900 0.078500 1.949400
v -0.443500 0.123100 1.887800
v -0.440200 0.124400 1.951500
v -0.452000 0.109800 1.907400
v -0.449300 0.110600 1.961600
v -0.452000 0.109800 1.907400
v -0.440200 0.124400 1.951500
v -0.481400 0.084200 2.044000
v -0.483300 0.082800 1.942800
v -0.471500 0.089300 2.041400
v -0.473900 0.087400 1.936200
v -0.471500 0.089300 2.041400
v -0.483300 0.082800 1.942800
v -0.452000 0.109800 1.907400
v -0.449300 0.110600 1.961600
v -0.458300 0.100900 1.918800
v -0.457200 0.101800 1.968400
v -0.458300 0.100900 1.918800
v -0.449300 0.110600 1.961600
v -0.471500 0.089300 2.041400
v -0.473900 0.087400 1.936200
v -0.463300 0.095400 2.037000
v -0.465700 0.093400 1.928000
v -0.463300 0.095400 2.037000
v -0.473900 0.087400 1.936200
v -0.458300 0.100900 1.918800
v -0.457200 0.101800 1.968400
v -0.465700 0.093400 1.928000
v -0.463300 0.095400 2.037000
v -0.465700 0.093400 1.928000
v -0.455900 0.102800 2.030200
v -0.465700 0.093400 1.928000
v -0.457200 0.101800 1.968400
v -0.455900 0.102800 2.030200
v -0.455900 0.102800 2.030200
v -0.457200 0.101800 1.968400
v -0.449600 0.111700 2.020700
v -0.450800 0.110700 1.962200
v -0.449600 0.111700 2.020700
v -0.457200 0.101800 1.968400
v -0.449600 0.111700 2.020700
v -0.450800 0.110700 1.962200
v -0.441100 0.125000 2.005300
v -0.442200 0.124200 1.952300
v -0.441100 0.125000 2.005300
v -0.450800 0.110700 1.962200
v -0.441100 0.125000 2.005300
v -0.442200 0.124200 1.952300
v -0.434500 0.137000 1.990500
v -0.435400 0.136200 1.942200
v -0.434500 0.137000 1.990500
v -0.442200 0.124200 1.952300
v -0.434500 0.137000 1.990500
v -0.435400 0.136200 1.942200
v -0.433000 0.142100 1.984000
v -0.433900 0.141400 1.937900
v -0.433000 0.142100 1.984000
v -0.435400 0.136200 1.942200
v -0.433000 0.142100 1.984000
v -0.433900 0.141400 1.937900
v -0.434000 0.145800 1.978800
v -0.434900 0.145100 1.934700
v -0.434000 0.145800 1.978800
v -0.433900 0.141400 1.937900
v -0.434000 0.145800 1.978800
v -0.434900 0.145100 1.934700
v -0.439100 0.148100 1.974400
v -0.439900 0.147400 1.932400
v -0.439100 0.148100 1.974400
v -0.434900 0.145100 1.934700
v -0.439100 0.148100 1.974400
v -0.439900 0.147400 1.932400
v -0.446300 0.148900 1.971600
v -0.447200 0.148200 1.931600
v -0.446300 0.148900 1.971600
v -0.439900 0.147400 1.932400
v -0.446300 0.148900 1.971600
v -0.447200 0.148200 1.931600
v -0.458000 0.148900 1.969100
v -0.458800 0.148200 1.931500
v -0.458000 0.148900 1.969100
v -0.447200 0.148200 1.931600
v -0.458000 0.148900 1.969100
v -0.458800 0.148200 1.931500
v -0.512200 0.147200 1.957000
v -0.513000 0.146500 1.921800
v -0.512200 0.147200 1.957000
v -0.458800 0.148200 1.931500
v -0.512200 0.147200 1.957000
v -0.513000 0.146500 1.921800
v -0.565800 0.144700 1.942500
v -0.566600 0.144000 1.908600
v -0.565800 0.144700 1.942500
v -0.513000 0.146500 1.921800
v -0.565800 0.144700 1.942500
v -0.566600 0.144000 1.908600
v -0.618800 0.141200 1.925900
v -0.619600 0.140500 1.893800
v -0.618800 0.141200 1.925900
v -0.566600 0.144000 1.908600
v -0.618800 0.141200 1.925900
v -0.619600 0.140500 1.893800
v -0.676900 0.136800 1.904800
v -0.677900 0.136000 1.875100
v -0.676900 0.136800 1.904800
v -0.619600 0.140500 1.893800
v -0.676900 0.136800 1.904800
v -0.677900 0.136000 1.875100
v -0.734900 0.131400 1.880000
v -0.735300 0.130700 1.853500
v -0.734900 0.131400 1.880000
v -0.677900 0.136000 1.875100
v -0.734900 0.131400 1.880000
v -0.735300 0.130700 1.853500
v -0.786300 0.125500 1.853700
v -0.787500 0.124600 1.830300
v -0.786300 0.125500 1.853700
v -0.735300 0.130700 1.853500
v -0.786300 0.125500 1.853700
v -0.787500 0.124600 1.830300
v -0.822000 0.120100 1.831500
v -0.823200 0.119100 1.811700
v -0.822000 0.120100 1.831500
v -0.787500 0.124600 1.830300
v -0.823200 0.119100 1.811700
v -0.827900 0.122200 1.806700
v -0.828900 0.117400 1.808900
v -0.834000 0.120700 1.803300
v -0.828900 0.117400 1.808900
v -0.827900 0.122200 1.806700
v -0.828900 0.117400 1.808900
v -0.834000 0.120700 1.803300
v -0.832500 0.114600 1.808100
v -0.838500 0.117800 1.801800
v -0.832500 0.114600 1.808100
v -0.834000 0.120700 1.803300
v -0.832500 0.114600 1.808100
v -0.838500 0.117800 1.801800
v -0.834400 0.109900 1.809200
v -0.840600 0.113400 1.802500
v -0.834400 0.109900 1.809200
v -0.838500 0.117800 1.801800
v -0.834400 0.109900 1.809200
v -0.840600 0.113400 1.802500
v -0.835100 0.104300 1.811800
v -0.841800 0.107000 1.805100
v -0.835100 0.104300 1.811800
v -0.840600 0.113400 1.802500
v -0.835100 0.104300 1.811800
v -0.841800 0.107000 1.805100
v -0.835800 0.090600 1.818800
v -0.842900 0.090000 1.813400
v -0.835800 0.090600 1.818800
v -0.841800 0.107000 1.805100
v -0.835800 0.090600 1.818800
v -0.842900 0.090000 1.813400
v -0.835600 0.076900 1.826500
v -0.841900 0.075800 1.822100
v -0.835600 0.076900 1.826500
v -0.842900 0.090000 1.813400
v -0.835600 0.076900 1.826500
v -0.841900 0.075800 1.822100
v -0.834700 0.071800 1.830900
v -0.839000 0.070700 1.827400
v -0.834700 0.071800 1.830900
v -0.841900 0.075800 1.822100
v -0.832200 0.067900 1.834600
v -0.834700 0.071800 1.830900
v -0.839000 0.070700 1.827400
v -0.810500 0.122700 1.829800
v -0.809700 0.121800 1.835800
v -0.810900 0.121000 1.818000
v -0.811200 0.122900 1.823900
v -0.810500 0.122700 1.829800
v -0.810900 0.121000 1.818000
v -0.812000 0.122700 1.816100
v -0.811200 0.122900 1.823900
v -0.810900 0.121000 1.818000
v -0.566900 0.146300 1.906100
v -0.565500 0.146800 1.919800
v -0.565700 0.144000 1.908800
v -0.565500 0.146800 1.919800
v -0.564400 0.146400 1.928600
v -0.565700 0.144000 1.908800
v -0.564400 0.146400 1.928600
v -0.563000 0.144800 1.938900
v -0.565700 0.144000 1.908800
v -0.811400 0.121500 1.834600
v -0.809700 0.121800 1.835800
v -0.812000 0.122400 1.829200
v -0.810500 0.122700 1.829800
v -0.812000 0.122400 1.829200
v -0.809700 0.121800 1.835800
v -0.810500 0.122700 1.829800
v -0.811200 0.122900 1.823900
v -0.812000 0.122400 1.829200
v -0.812700 0.122700 1.823800
v -0.812000 0.122400 1.829200
v -0.811200 0.122900 1.823900
v -0.811200 0.122900 1.823900
v -0.812000 0.122700 1.816100
v -0.812700 0.122700 1.823800
v -0.813600 0.122500 1.815200
v -0.812700 0.122700 1.823800
v -0.812000 0.122700 1.816100
v -0.812000 0.122400 1.829200
v -0.814400 0.120500 1.816200
v -0.811400 0.121500 1.834600
v -0.812000 0.122400 1.829200
v -0.812700 0.122700 1.823800
v -0.814400 0.120500 1.816200
v -0.812700 0.122700 1.823800
v -0.813600 0.122500 1.815200
v -0.814400 0.120500 1.816200
v -0.645200 0.140800 1.904000
v -0.644000 0.139200 1.913600
v -0.646300 0.138400 1.885000
v -0.646100 0.141100 1.895900
v -0.645200 0.140800 1.904000
v -0.646300 0.138400 1.885000
v -0.647500 0.140800 1.882300
v -0.646100 0.141100 1.895900
v -0.646300 0.138400 1.885000
v -0.782500 0.126900 1.846400
v -0.781600 0.125900 1.853600
v -0.783100 0.125100 1.832200
v -0.783300 0.127100 1.839300
v -0.782500 0.126900 1.846400
v -0.783100 0.125100 1.832200
v -0.784200 0.126700 1.830300
v -0.783300 0.127100 1.839300
v -0.783100 0.125100 1.832200
v -0.537600 0.147500 1.935900
v -0.536200 0.145900 1.946200
v -0.538900 0.145100 1.915400
v -0.538700 0.147900 1.927100
v -0.537600 0.147500 1.935900
v -0.538900 0.145100 1.915400
v -0.540100 0.147400 1.912400
v -0.538700 0.147900 1.927100
v -0.538900 0.145100 1.915400
v -0.783300 0.125600 1.852900
v -0.781600 0.125900 1.853600
v -0.784000 0.126600 1.845700
v -0.782500 0.126900 1.846400
v -0.784000 0.126600 1.845700
v -0.781600 0.125900 1.853600
v -0.782500 0.126900 1.846400
v -0.783300 0.127100 1.839300
v -0.784000 0.126600 1.845700
v -0.784700 0.126800 1.839200
v -0.784000 0.126600 1.845700
v -0.783300 0.127100 1.839300
v -0.783300 0.127100 1.839300
v -0.784200 0.126700 1.830300
v -0.784700 0.126800 1.839200
v -0.785800 0.126500 1.829700
v -0.784700 0.126800 1.839200
v -0.784200 0.126700 1.830300
v -0.784000 0.126600 1.845700
v -0.786600 0.124500 1.830700
v -0.783300 0.125600 1.852900
v -0.784000 0.126600 1.845700
v -0.784700 0.126800 1.839200
v -0.786600 0.124500 1.830700
v -0.784700 0.126800 1.839200
v -0.785800 0.126500 1.829700
v -0.786600 0.124500 1.830700
v -0.540200 0.147600 1.927100
v -0.541800 0.147200 1.912100
v -0.542400 0.144600 1.914500
v -0.539100 0.147200 1.935700
v -0.540200 0.147600 1.927100
v -0.542400 0.144600 1.914500
v -0.539100 0.147200 1.935700
v -0.542400 0.144600 1.914500
v -0.537900 0.145800 1.945900
v -0.755100 0.130300 1.859400
v -0.754200 0.129000 1.867000
v -0.755700 0.128200 1.844400
v -0.755900 0.130600 1.852100
v -0.755100 0.130300 1.859400
v -0.755700 0.128200 1.844400
v -0.756800 0.130300 1.842000
v -0.755900 0.130600 1.852100
v -0.755700 0.128200 1.844400
v -0.537900 0.145800 1.945900
v -0.536200 0.145900 1.946200
v -0.539100 0.147200 1.935700
v -0.537600 0.147500 1.935900
v -0.539100 0.147200 1.935700
v -0.536200 0.145900 1.946200
v -0.537600 0.147500 1.935900
v -0.538700 0.147900 1.927100
v -0.539100 0.147200 1.935700
v -0.540200 0.147600 1.927100
v -0.539100 0.147200 1.935700
v -0.538700 0.147900 1.927100
v -0.538700 0.147900 1.927100
v -0.540100 0.147400 1.912400
v -0.540200 0.147600 1.927100
v -0.541800 0.147200 1.912100
v -0.540200 0.147600 1.927100
v -0.540100 0.147400 1.912400
v -0.755900 0.128800 1.866400
v -0.754200 0.129000 1.867000
v -0.756600 0.130000 1.858900
v -0.755100 0.130300 1.859400
v -0.756600 0.130000 1.858900
v -0.754200 0.129000 1.867000
v -0.755100 0.130300 1.859400
v -0.755900 0.130600 1.852100
v -0.756600 0.130000 1.858900
v -0.757300 0.130400 1.851700
v -0.756600 0.130000 1.858900
v -0.755900 0.130600 1.852100
v -0.755900 0.130600 1.852100
v -0.756800 0.130300 1.842000
v -0.757300 0.130400 1.851700
v -0.758400 0.130100 1.841300
v -0.757300 0.130400 1.851700
v -0.756800 0.130300 1.842000
v -0.821500 0.117200 1.832900
v -0.826700 0.115900 1.829900
v -0.822400 0.115700 1.814000
v -0.824400 0.114100 1.813600
v -0.822400 0.115700 1.814000
v -0.826700 0.115900 1.829900
v -0.824400 0.114100 1.813600
v -0.826700 0.115900 1.829900
v -0.831200 0.110900 1.812700
v -0.829600 0.113800 1.829100
v -0.831200 0.110900 1.812700
v -0.826700 0.115900 1.829900
v -0.831200 0.110900 1.812700
v -0.829600 0.113800 1.829100
v -0.831800 0.108400 1.813300
v -0.831100 0.109900 1.830100
v -0.831800 0.108400 1.813300
v -0.829600 0.113800 1.829100
v -0.831700 0.105100 1.832400
v -0.831800 0.108400 1.813300
v -0.831100 0.109900 1.830100
v -0.831800 0.108400 1.813300
v -0.831700 0.105100 1.832400
v -0.833100 0.086800 1.824600
v -0.832600 0.091700 1.839200
v -0.833100 0.086800 1.824600
v -0.831700 0.105100 1.832400
v -0.833100 0.086800 1.824600
v -0.832600 0.091700 1.839200
v -0.832600 0.076400 1.831200
v -0.832400 0.078200 1.846000
v -0.832600 0.076400 1.831200
v -0.832600 0.091700 1.839200
v -0.832600 0.076400 1.831200
v -0.832400 0.078200 1.846000
v -0.831200 0.073200 1.834000
v -0.831700 0.073800 1.849000
v -0.831200 0.073200 1.834000
v -0.832400 0.078200 1.846000
v -0.831200 0.073200 1.834000
v -0.831700 0.073800 1.849000
v -0.828300 0.071500 1.837000
v -0.829800 0.070800 1.852700
v -0.828300 0.071500 1.837000
v -0.831700 0.073800 1.849000
v -0.828300 0.071500 1.837000
v -0.829800 0.070800 1.852700
v -0.824600 0.070700 1.840500
v -0.826300 0.069200 1.856900
v -0.824600 0.070700 1.840500
v -0.829800 0.070800 1.852700
v -0.824600 0.070700 1.840500
v -0.826300 0.069200 1.856900
v -0.819100 0.070500 1.844500
v -0.822000 0.068800 1.861100
v -0.819100 0.070500 1.844500
v -0.826300 0.069200 1.856900
v -0.819100 0.070500 1.844500
v -0.822000 0.068800 1.861100
v -0.792200 0.071300 1.862600
v -0.791100 0.070100 1.887600
v -0.792200 0.071300 1.862600
v -0.822000 0.068800 1.861100
v -0.792200 0.071300 1.862600
v -0.791100 0.070100 1.887600
v -0.741600 0.073100 1.892300
v -0.740700 0.072200 1.924800
v -0.741600 0.073100 1.892300
v -0.791100 0.070100 1.887600
v -0.741600 0.073100 1.892300
v -0.740700 0.072200 1.924800
v -0.684400 0.075000 1.922200
v -0.683800 0.074400 1.961000
v -0.684400 0.075000 1.922200
v -0.740700 0.072200 1.924800
v -0.684400 0.075000 1.922200
v -0.683800 0.074400 1.961000
v -0.624400 0.077100 1.949000
v -0.623600 0.076600 1.994200
v -0.624400 0.077100 1.949000
v -0.683800 0.074400 1.961000
v -0.624400 0.077100 1.949000
v -0.623600 0.076600 1.994200
v -0.574100 0.078900 1.968100
v -0.573000 0.078200 2.017800
v -0.574100 0.078900 1.968100
v -0.623600 0.076600 1.994200
v -0.574100 0.078900 1.968100
v -0.573000 0.078200 2.017800
v -0.526600 0.081400 1.981900
v -0.524600 0.079900 2.036000
v -0.526600 0.081400 1.981900
v -0.573000 0.078200 2.017800
v -0.526600 0.081400 1.981900
v -0.524600 0.079900 2.036000
v -0.514700 0.083100 1.984000
v -0.507900 0.081300 2.040600
v -0.514700 0.083100 1.984000
v -0.524600 0.079900 2.036000
v -0.514700 0.083100 1.984000
v -0.507900 0.081300 2.040600
v -0.504600 0.085500 1.984400
v -0.494600 0.083400 2.042900
v -0.504600 0.085500 1.984400
v -0.507900 0.081300 2.040600
v -0.504600 0.085500 1.984400
v -0.494600 0.083400 2.042900
v -0.495900 0.088600 1.983900
v -0.482500 0.086900 2.043200
v -0.495900 0.088600 1.983900
v -0.494600 0.083400 2.042900
v -0.482500 0.086900 2.043200
v -0.473100 0.091600 2.040900
v -0.495900 0.088600 1.983900
v -0.487600 0.093100 1.981800
v -0.495900 0.088600 1.983900
v -0.473100 0.091600 2.040900
v -0.473100 0.091600 2.040900
v -0.465400 0.097500 2.036400
v -0.487600 0.093100 1.981800
v -0.481500 0.097800 1.978900
v -0.487600 0.093100 1.981800
v -0.465400 0.097500 2.036400
v -0.465400 0.097500 2.036400
v -0.458000 0.105000 2.029300
v -0.481500 0.097800 1.978900
v -0.475700 0.103400 1.974900
v -0.481500 0.097800 1.978900
v -0.458000 0.105000 2.029300
v -0.458000 0.105000 2.029300
v -0.451800 0.113500 2.019900
v -0.475700 0.103400 1.974900
v -0.469700 0.110700 1.969400
v -0.475700 0.103400 1.974900
v -0.451800 0.113500 2.019900
v -0.451800 0.113500 2.019900
v -0.443600 0.126600 2.004300
v -0.469700 0.110700 1.969400
v -0.462600 0.120900 1.960800
v -0.469700 0.110700 1.969400
v -0.443600 0.126600 2.004300
v -0.443600 0.126600 2.004300
v -0.437400 0.137900 1.989600
v -0.462600 0.120900 1.960800
v -0.455200 0.133100 1.949800
v -0.462600 0.120900 1.960800
v -0.437400 0.137900 1.989600
v -0.437400 0.137900 1.989600
v -0.436300 0.141500 1.984000
v -0.455200 0.133100 1.949800
v -0.452600 0.137500 1.945300
v -0.455200 0.133100 1.949800
v -0.436300 0.141500 1.984000
v -0.436300 0.141500 1.984000
v -0.436900 0.144100 1.979900
v -0.452600 0.137500 1.945300
v -0.451700 0.139700 1.943100
v -0.452600 0.137500 1.945300
v -0.436900 0.144100 1.979900
v -0.436900 0.144100 1.979900
v -0.440700 0.145400 1.976600
v -0.451700 0.139700 1.943100
v -0.451900 0.141600 1.940900
v -0.451700 0.139700 1.943100
v -0.440700 0.145400 1.976600
v -0.447100 0.145900 1.973800
v -0.451900 0.141600 1.940900
v -0.440700 0.145400 1.976600
v -0.447100 0.145900 1.973800
v -0.458000 0.145900 1.970700
v -0.451900 0.141600 1.940900
v -0.461900 0.141500 1.939900
v -0.451900 0.141600 1.940900
v -0.458000 0.145900 1.970700
v -0.458000 0.145900 1.970700
v -0.463400 0.142700 1.938400
v -0.461900 0.141500 1.939900
v -0.463400 0.142700 1.938400
v -0.458000 0.145900 1.970700
v -0.514500 0.141900 1.926100
v -0.512100 0.144200 1.957800
v -0.514500 0.141900 1.926100
v -0.458000 0.145900 1.970700
v -0.514500 0.141900 1.926100
v -0.512100 0.144200 1.957800
v -0.568000 0.139400 1.911600
v -0.565600 0.141700 1.943300
v -0.568000 0.139400 1.911600
v -0.512100 0.144200 1.957800
v -0.568000 0.139400 1.911600
v -0.565600 0.141700 1.943300
v -0.621000 0.136200 1.895000
v -0.618600 0.138200 1.926700
v -0.621000 0.136200 1.895000
v -0.565600 0.141700 1.943300
v -0.621000 0.136200 1.895000
v -0.618600 0.138200 1.926700
v -0.679100 0.131800 1.874100
v -0.676700 0.133800 1.905600
v -0.679100 0.131800 1.874100
v -0.618600 0.138200 1.926700
v -0.679100 0.131800 1.874100
v -0.676700 0.133800 1.905600
v -0.735900 0.126500 1.851100
v -0.734600 0.128400 1.880800
v -0.735900 0.126500 1.851100
v -0.676700 0.133800 1.905600
v -0.735900 0.126500 1.851100
v -0.734600 0.128400 1.880800
v -0.791900 0.120000 1.826700
v -0.785800 0.122500 1.854600
v -0.791900 0.120000 1.826700
v -0.734600 0.128400 1.880800
v -0.791900 0.120000 1.826700
v -0.785800 0.122500 1.854600
v -0.822400 0.115700 1.814000
v -0.821500 0.117200 1.832900
v -0.822400 0.115700 1.814000
v -0.785800 0.122500 1.854600
v -0.756600 0.130000 1.858900
v -0.759200 0.127800 1.842600
v -0.755900 0.128800 1.866400
v -0.756600 0.130000 1.858900
v -0.757300 0.130400 1.851700
v -0.759200 0.127800 1.842600
v -0.757300 0.130400 1.851700
v -0.758400 0.130100 1.841300
v -0.759200 0.127800 1.842600
v -0.465000 0.125400 1.956200
v -0.457400 0.123400 1.984200
v -0.460800 0.123800 1.958100
v -0.457400 0.123400 1.984200
v -0.452700 0.121900 1.998400
v -0.460800 0.123800 1.958100
v -0.452700 0.121900 1.998400
v -0.448800 0.120200 2.008000
v -0.460800 0.123800 1.958100
v -0.461900 0.141500 1.939900
v -0.462400 0.139100 1.942500
v -0.451900 0.141600 1.940900
v -0.451700 0.139700 1.943100
v -0.451900 0.141600 1.940900
v -0.462400 0.139100 1.942500
v -0.451700 0.139700 1.943100
v -0.462400 0.139100 1.942500
v -0.452600 0.137500 1.945300
v -0.462400 0.139100 1.942500
v -0.464800 0.134300 1.947100
v -0.452600 0.137500 1.945300
v -0.455200 0.133100 1.949800
v -0.452600 0.137500 1.945300
v -0.464800 0.134300 1.947100
v -0.464800 0.134300 1.947100
v -0.471000 0.124600 1.954900
v -0.455200 0.133100 1.949800
v -0.462600 0.120900 1.960800
v -0.455200 0.133100 1.949800
v -0.471000 0.124600 1.954900
v -0.471000 0.124600 1.954900
v -0.477300 0.115400 1.962500
v -0.462600 0.120900 1.960800
v -0.469700 0.110700 1.969400
v -0.462600 0.120900 1.960800
v -0.477300 0.115400 1.962500
v -0.477300 0.115400 1.962500
v -0.482300 0.109100 1.967500
v -0.469700 0.110700 1.969400
v -0.475700 0.103400 1.974900
v -0.469700 0.110700 1.969400
v -0.482300 0.109100 1.967500
v -0.482300 0.109100 1.967500
v -0.487000 0.104300 1.971000
v -0.475700 0.103400 1.974900
v -0.481500 0.097800 1.978900
v -0.475700 0.103400 1.974900
v -0.487000 0.104300 1.971000
v -0.487000 0.104300 1.971000
v -0.492400 0.100000 1.973700
v -0.481500 0.097800 1.978900
v -0.487600 0.093100 1.981800
v -0.481500 0.097800 1.978900
v -0.492400 0.100000 1.973700
v -0.492400 0.100000 1.973700
v -0.499300 0.095600 1.976000
v -0.487600 0.093100 1.981800
v -0.495900 0.088600 1.983900
v -0.487600 0.093100 1.981800
v -0.499300 0.095600 1.976000
v -0.495900 0.088600 1.983900
v -0.499300 0.095600 1.976000
v -0.504600 0.085500 1.984400
v -0.507200 0.092000 1.977000
v -0.504600 0.085500 1.984400
v -0.499300 0.095600 1.976000
v -0.504600 0.085500 1.984400
v -0.507200 0.092000 1.977000
v -0.514700 0.083100 1.984000
v -0.516100 0.089500 1.976800
v -0.514700 0.083100 1.984000
v -0.507200 0.092000 1.977000
v -0.514700 0.083100 1.984000
v -0.516100 0.089500 1.976800
v -0.526600 0.081400 1.981900
v -0.527400 0.087700 1.975400
v -0.526600 0.081400 1.981900
v -0.516100 0.089500 1.976800
v -0.526600 0.081400 1.981900
v -0.527400 0.087700 1.975400
v -0.574100 0.078900 1.968100
v -0.573500 0.085300 1.961900
v -0.574100 0.078900 1.968100
v -0.527400 0.087700 1.975400
v -0.574100 0.078900 1.968100
v -0.573500 0.085300 1.961900
v -0.624400 0.077100 1.949000
v -0.624300 0.083500 1.942800
v -0.624400 0.077100 1.949000
v -0.573500 0.085300 1.961900
v -0.624400 0.077100 1.949000
v -0.624300 0.083500 1.942800
v -0.684400 0.075000 1.922200
v -0.685100 0.081300 1.915900
v -0.684400 0.075000 1.922200
v -0.624300 0.083500 1.942800
v -0.684400 0.075000 1.922200
v -0.685100 0.081300 1.915900
v -0.741600 0.073100 1.892300
v -0.741600 0.079100 1.887000
v -0.741600 0.073100 1.892300
v -0.685100 0.081300 1.915900
v -0.741600 0.073100 1.892300
v -0.741600 0.079100 1.887000
v -0.792200 0.071300 1.862600
v -0.791900 0.077000 1.857800
v -0.792200 0.071300 1.862600
v -0.741600 0.079100 1.887000
v -0.792200 0.071300 1.862600
v -0.791900 0.077000 1.857800
v -0.819100 0.070500 1.844500
v -0.817900 0.075900 1.840800
v -0.819100 0.070500 1.844500
v -0.791900 0.077000 1.857800
v -0.819100 0.070500 1.844500
v -0.817900 0.075900 1.840800
v -0.824600 0.070700 1.840500
v -0.820400 0.076300 1.838800
v -0.824600 0.070700 1.840500
v -0.817900 0.075900 1.840800
v -0.824600 0.070700 1.840500
v -0.820400 0.076300 1.838800
v -0.828300 0.071500 1.837000
v -0.822500 0.077000 1.836800
v -0.828300 0.071500 1.837000
v -0.820400 0.076300 1.838800
v -0.828300 0.071500 1.837000
v -0.822500 0.077000 1.836800
v -0.831200 0.073200 1.834000
v -0.824500 0.079000 1.834200
v -0.831200 0.073200 1.834000
v -0.822500 0.077000 1.836800
v -0.831200 0.073200 1.834000
v -0.824500 0.079000 1.834200
v -0.832600 0.076400 1.831200
v -0.825600 0.081600 1.831900
v -0.832600 0.076400 1.831200
v -0.824500 0.079000 1.834200
v -0.832600 0.076400 1.831200
v -0.825600 0.081600 1.831900
v -0.833100 0.086800 1.824600
v -0.826000 0.089700 1.826800
v -0.833100 0.086800 1.824600
v -0.825600 0.081600 1.831900
v -0.833100 0.086800 1.824600
v -0.826000 0.089700 1.826800
v -0.831800 0.108400 1.813300
v -0.825000 0.109400 1.816100
v -0.831800 0.108400 1.813300
v -0.826000 0.089700 1.826800
v -0.831800 0.108400 1.813300
v -0.825000 0.109400 1.816100
v -0.831200 0.110900 1.812700
v -0.824900 0.111600 1.814800
v -0.831200 0.110900 1.812700
v -0.825000 0.109400 1.816100
v -0.831200 0.110900 1.812700
v -0.824900 0.111600 1.814800
v -0.824400 0.114100 1.813600
v -0.827900 0.122200 1.806700
v -0.823200 0.119100 1.811700
v -0.787400 0.128100 1.827800
v -0.787500 0.124600 1.830300
v -0.787400 0.128100 1.827800
v -0.823200 0.119100 1.811700
v -0.787400 0.128100 1.827800
v -0.787500 0.124600 1.830300
v -0.735000 0.134000 1.850900
v -0.735300 0.130700 1.853500
v -0.735000 0.134000 1.850900
v -0.787500 0.124600 1.830300
v -0.735000 0.134000 1.850900
v -0.735300 0.130700 1.853500
v -0.677400 0.139200 1.872300
v -0.677900 0.136000 1.875100
v -0.677400 0.139200 1.872300
v -0.735300 0.130700 1.853500
v -0.677400 0.139200 1.872300
v -0.677900 0.136000 1.875100
v -0.619000 0.143400 1.891100
v -0.619600 0.140500 1.893800
v -0.619000 0.143400 1.891100
v -0.677900 0.136000 1.875100
v -0.619000 0.143400 1.891100
v -0.619600 0.140500 1.893800
v -0.566000 0.146500 1.906100
v -0.566600 0.144000 1.908600
v -0.566000 0.146500 1.906100
v -0.619600 0.140500 1.893800
v -0.566000 0.146500 1.906100
v -0.566600 0.144000 1.908600
v -0.512400 0.149000 1.919000
v -0.513000 0.146500 1.921800
v -0.512400 0.149000 1.919000
v -0.566600 0.144000 1.908600
v -0.512400 0.149000 1.919000
v -0.513000 0.146500 1.921800
v -0.458800 0.150800 1.928500
v -0.458800 0.148200 1.931500
v -0.458800 0.150800 1.928500
v -0.513000 0.146500 1.921800
v -0.458800 0.150800 1.928500
v -0.458800 0.148200 1.931500
v -0.447300 0.151000 1.928700
v -0.447200 0.148200 1.931600
v -0.447300 0.151000 1.928700
v -0.458800 0.148200 1.931500
v -0.447300 0.151000 1.928700
v -0.447200 0.148200 1.931600
v -0.436300 0.150000 1.929900
v -0.439900 0.147400 1.932400
v -0.436300 0.150000 1.929900
v -0.447200 0.148200 1.931600
v -0.436300 0.150000 1.929900
v -0.439900 0.147400 1.932400
v -0.431700 0.147800 1.932000
v -0.434900 0.145100 1.934700
v -0.431700 0.147800 1.932000
v -0.439900 0.147400 1.932400
v -0.431700 0.147800 1.932000
v -0.434900 0.145100 1.934700
v -0.430700 0.143500 1.935900
v -0.433900 0.141400 1.937900
v -0.430700 0.143500 1.935900
v -0.434900 0.145100 1.934700
v -0.430700 0.143500 1.935900
v -0.433900 0.141400 1.937900
v -0.433900 0.136400 1.941500
v -0.435400 0.136200 1.942200
v -0.433900 0.136400 1.941500
v -0.433900 0.141400 1.937900
v -0.433900 0.136400 1.941500
v -0.435400 0.136200 1.942200
v -0.440200 0.124400 1.951500
v -0.442200 0.124200 1.952300
v -0.440200 0.124400 1.951500
v -0.435400 0.136200 1.942200
v -0.440200 0.124400 1.951500
v -0.442200 0.124200 1.952300
v -0.449300 0.110600 1.961600
v -0.450800 0.110700 1.962200
v -0.449300 0.110600 1.961600
v -0.442200 0.124200 1.952300
v -0.449300 0.110600 1.961600
v -0.450800 0.110700 1.962200
v -0.457200 0.101800 1.968400
v -0.463900 0.141900 1.926700
v -0.462100 0.141500 1.928500
v -0.478800 0.141500 1.899300
v -0.822200 0.113800 1.806900
v -0.823100 0.114100 1.792100
v -0.824100 0.114100 1.808700
v 0.811400 0.121500 1.834600
v 0.812000 0.122400 1.829200
v 0.809700 0.121800 1.835800
v 0.810500 0.122700 1.829800
v 0.809700 0.121800 1.835800
v 0.812000 0.122400 1.829200
v 0.810500 0.122700 1.829800
v 0.812000 0.122400 1.829200
v 0.811200 0.122900 1.823900
v 0.812700 0.122700 1.823800
v 0.811200 0.122900 1.823900
v 0.812000 0.122400 1.829200
v 0.811200 0.122900 1.823900
v 0.812700 0.122700 1.823800
v 0.812000 0.122700 1.816100
v 0.813600 0.122500 1.815200
v 0.812000 0.122700 1.816100
v 0.812700 0.122700 1.823800
v 0.783300 0.125600 1.852900
v 0.784000 0.126600 1.845700
v 0.781600 0.125900 1.853600
v 0.782500 0.126900 1.846400
v 0.781600 0.125900 1.853600
v 0.784000 0.126600 1.845700
v 0.782500 0.126900 1.846400
v 0.784000 0.126600 1.845700
v 0.783300 0.127100 1.839300
v 0.784700 0.126800 1.839200
v 0.783300 0.127100 1.839300
v 0.784000 0.126600 1.845700
v 0.783300 0.127100 1.839300
v 0.784700 0.126800 1.839200
v 0.784200 0.126700 1.830300
v 0.785800 0.126500 1.829700
v 0.784200 0.126700 1.830300
v 0.784700 0.126800 1.839200
v 0.755900 0.128800 1.866400
v 0.756600 0.130000 1.858900
v 0.754200 0.129000 1.867000
v 0.755100 0.130300 1.859400
v 0.754200 0.129000 1.867000
v 0.756600 0.130000 1.858900
v 0.755100 0.130300 1.859400
v 0.756600 0.130000 1.858900
v 0.755900 0.130600 1.852100
v 0.757300 0.130400 1.851700
v 0.755900 0.130600 1.852100
v 0.756600 0.130000 1.858900
v 0.755900 0.130600 1.852100
v 0.757300 0.130400 1.851700
v 0.756800 0.130300 1.842000
v 0.758400 0.130100 1.841300
v 0.756800 0.130300 1.842000
v 0.757300 0.130400 1.851700
v 0.728000 0.131800 1.880000
v 0.729100 0.133000 1.871400
v 0.726300 0.132100 1.880200
v 0.727600 0.133300 1.871500
v 0.726300 0.132100 1.880200
v 0.729100 0.133000 1.871400
v 0.727600 0.133300 1.871500
v 0.729100 0.133000 1.871400
v 0.728600 0.133700 1.864100
v 0.730100 0.133400 1.864100
v 0.728600 0.133700 1.864100
v 0.729100 0.133000 1.871400
v 0.728600 0.133700 1.864100
v 0.730100 0.133400 1.864100
v 0.730000 0.133300 1.853600
v 0.731600 0.133100 1.853000
v 0.730000 0.133300 1.853600
v 0.730100 0.133400 1.864100
v 0.728600 0.133700 1.864100
v 0.730000 0.133300 1.853600
v 0.728700 0.131300 1.855900
v 0.727600 0.133300 1.871500
v 0.728600 0.133700 1.864100
v 0.728700 0.131300 1.855900
v 0.726300 0.132100 1.880200
v 0.727600 0.133300 1.871500
v 0.728700 0.131300 1.855900
v 0.755900 0.130600 1.852100
v 0.756800 0.130300 1.842000
v 0.755700 0.128200 1.844400
v 0.755100 0.130300 1.859400
v 0.755900 0.130600 1.852100
v 0.755700 0.128200 1.844400
v 0.754200 0.129000 1.867000
v 0.755100 0.130300 1.859400
v 0.755700 0.128200 1.844400
v 0.783300 0.127100 1.839300
v 0.784200 0.126700 1.830300
v 0.783100 0.125100 1.832200
v 0.782500 0.126900 1.846400
v 0.783300 0.127100 1.839300
v 0.783100 0.125100 1.832200
v 0.781600 0.125900 1.853600
v 0.782500 0.126900 1.846400
v 0.783100 0.125100 1.832200
v 0.700400 0.134500 1.892200
v 0.701400 0.135800 1.883100
v 0.698700 0.134700 1.892500
v 0.700000 0.136100 1.883200
v 0.698700 0.134700 1.892500
v 0.701400 0.135800 1.883100
v 0.700000 0.136100 1.883200
v 0.701400 0.135800 1.883100
v 0.700900 0.136400 1.875400
v 0.702300 0.136200 1.875400
v 0.700900 0.136400 1.875400
v 0.701400 0.135800 1.883100
v 0.700900 0.136400 1.875400
v 0.702300 0.136200 1.875400
v 0.702200 0.136100 1.863800
v 0.703800 0.135900 1.863200
v 0.702200 0.136100 1.863800
v 0.702300 0.136200 1.875400
v 0.700900 0.136400 1.875400
v 0.702200 0.136100 1.863800
v 0.701000 0.134000 1.866200
v 0.700000 0.136100 1.883200
v 0.700900 0.136400 1.875400
v 0.701000 0.134000 1.866200
v 0.698700 0.134700 1.892500
v 0.700000 0.136100 1.883200
v 0.701000 0.134000 1.866200
v 0.752600 0.071800 1.911700
v 0.753800 0.074500 1.901800
v 0.755000 0.072600 1.884100
v 0.753800 0.074500 1.901800
v 0.754800 0.075400 1.893100
v 0.755000 0.072600 1.884100
v 0.754800 0.075400 1.893100
v 0.756100 0.075900 1.880500
v 0.755000 0.072600 1.884100
v 0.672800 0.137000 1.903200
v 0.673800 0.138200 1.893900
v 0.671100 0.137100 1.903500
v 0.672400 0.138500 1.894100
v 0.671100 0.137100 1.903500
v 0.673800 0.138200 1.893900
v 0.672400 0.138500 1.894100
v 0.673800 0.138200 1.893900
v 0.673300 0.138900 1.886100
v 0.674800 0.138600 1.886100
v 0.673300 0.138900 1.886100
v 0.673800 0.138200 1.893900
v 0.673300 0.138900 1.886100
v 0.674800 0.138600 1.886100
v 0.674600 0.138500 1.873800
v 0.676200 0.138300 1.873500
v 0.674600 0.138500 1.873800
v 0.674800 0.138600 1.886100
v 0.673300 0.138900 1.886100
v 0.674600 0.138500 1.873800
v 0.673400 0.136500 1.876400
v 0.672400 0.138500 1.894100
v 0.673300 0.138900 1.886100
v 0.673400 0.136500 1.876400
v 0.671100 0.137100 1.903500
v 0.672400 0.138500 1.894100
v 0.673400 0.136500 1.876400
v 0.457800 0.148800 1.961900
v 0.458900 0.150300 1.951700
v 0.456000 0.148900 1.962200
v 0.457400 0.150600 1.951900
v 0.456000 0.148900 1.962200
v 0.458900 0.150300 1.951700
v 0.457400 0.150600 1.951900
v 0.458900 0.150300 1.951700
v 0.458500 0.151100 1.943100
v 0.460000 0.150800 1.943100
v 0.458500 0.151100 1.943100
v 0.458900 0.150300 1.951700
v 0.458500 0.151100 1.943100
v 0.460000 0.150800 1.943100
v 0.460000 0.150800 1.928500
v 0.461600 0.150500 1.928200
v 0.460000 0.150800 1.928500
v 0.460000 0.150800 1.943100
v 0.645700 0.139100 1.913300
v 0.646700 0.140500 1.903900
v 0.644000 0.139200 1.913600
v 0.645200 0.140800 1.904000
v 0.644000 0.139200 1.913600
v 0.646700 0.140500 1.903900
v 0.645200 0.140800 1.904000
v 0.646700 0.140500 1.903900
v 0.646100 0.141100 1.895900
v 0.647600 0.140800 1.895900
v 0.646100 0.141100 1.895900
v 0.646700 0.140500 1.903900
v 0.646100 0.141100 1.895900
v 0.647600 0.140800 1.895900
v 0.647500 0.140800 1.882300
v 0.649100 0.140600 1.882000
v 0.647500 0.140800 1.882300
v 0.647600 0.140800 1.895900
v 0.646100 0.141100 1.895900
v 0.647500 0.140800 1.882300
v 0.646300 0.138400 1.885000
v 0.645200 0.140800 1.904000
v 0.646100 0.141100 1.895900
v 0.646300 0.138400 1.885000
v 0.644000 0.139200 1.913600
v 0.645200 0.140800 1.904000
v 0.646300 0.138400 1.885000
v 0.618600 0.141200 1.922500
v 0.619800 0.142600 1.912500
v 0.616900 0.141400 1.922800
v 0.618300 0.142900 1.912700
v 0.616900 0.141400 1.922800
v 0.619800 0.142600 1.912500
v 0.618300 0.142900 1.912700
v 0.619800 0.142600 1.912500
v 0.619300 0.143200 1.904100
v 0.620900 0.143000 1.904100
v 0.619300 0.143200 1.904100
v 0.619800 0.142600 1.912500
v 0.619300 0.143200 1.904100
v 0.620900 0.143000 1.904100
v 0.620800 0.142800 1.890800
v 0.622500 0.142600 1.890500
v 0.620800 0.142800 1.890800
v 0.620900 0.143000 1.904100
v 0.619300 0.143200 1.904100
v 0.620800 0.142800 1.890800
v 0.619600 0.140400 1.893500
v 0.618300 0.142900 1.912700
v 0.619300 0.143200 1.904100
v 0.619600 0.140400 1.893500
v 0.616900 0.141400 1.922800
v 0.618300 0.142900 1.912700
v 0.619600 0.140400 1.893500
v 0.458500 0.151100 1.943100
v 0.460000 0.150800 1.928500
v 0.458700 0.148400 1.931400
v 0.457400 0.150600 1.951900
v 0.458500 0.151100 1.943100
v 0.458700 0.148400 1.931400
v 0.456000 0.148900 1.962200
v 0.457400 0.150600 1.951900
v 0.458700 0.148400 1.931400
v 0.591700 0.143000 1.930900
v 0.592900 0.144400 1.920800
v 0.590000 0.143100 1.931300
v 0.591400 0.144700 1.920900
v 0.590000 0.143100 1.931300
v 0.592900 0.144400 1.920800
v 0.591400 0.144700 1.920900
v 0.592900 0.144400 1.920800
v 0.592500 0.145000 1.912200
v 0.594000 0.144800 1.912200
v 0.592500 0.145000 1.912200
v 0.592900 0.144400 1.920800
v 0.592500 0.145000 1.912200
v 0.594000 0.144800 1.912200
v 0.593900 0.144600 1.898400
v 0.595600 0.144400 1.897900
v 0.593900 0.144600 1.898400
v 0.594000 0.144800 1.912200
v 0.592500 0.145000 1.912200
v 0.593900 0.144600 1.898400
v 0.592700 0.142200 1.901100
v 0.591400 0.144700 1.920900
v 0.592500 0.145000 1.912200
v 0.592700 0.142200 1.901100
v 0.590000 0.143100 1.931300
v 0.591400 0.144700 1.920900
v 0.592700 0.142200 1.901100
v 0.725800 0.072900 1.929900
v 0.727200 0.075700 1.918900
v 0.724300 0.072900 1.931100
v 0.725700 0.075700 1.919900
v 0.724300 0.072900 1.931100
v 0.727200 0.075700 1.918900
v 0.725700 0.075700 1.919900
v 0.727200 0.075700 1.918900
v 0.726800 0.076600 1.910000
v 0.728300 0.076700 1.909000
v 0.726800 0.076600 1.910000
v 0.727200 0.075700 1.918900
v 0.726800 0.076600 1.910000
v 0.728300 0.076700 1.909000
v 0.728300 0.077100 1.895600
v 0.730100 0.077100 1.895200
v 0.728300 0.077100 1.895600
v 0.728300 0.076700 1.909000
v 0.564700 0.144700 1.938600
v 0.565900 0.146100 1.928400
v 0.563000 0.144800 1.938900
v 0.564400 0.146400 1.928600
v 0.563000 0.144800 1.938900
v 0.565900 0.146100 1.928400
v 0.564400 0.146400 1.928600
v 0.565900 0.146100 1.928400
v 0.565500 0.146800 1.919800
v 0.567000 0.146500 1.919800
v 0.565500 0.146800 1.919800
v 0.565900 0.146100 1.928400
v 0.565500 0.146800 1.919800
v 0.567000 0.146500 1.919800
v 0.566900 0.146300 1.906100
v 0.568600 0.146100 1.905500
v 0.566900 0.146300 1.906100
v 0.567000 0.146500 1.919800
v 0.565500 0.146800 1.919800
v 0.566900 0.146300 1.906100
v 0.565700 0.144000 1.908800
v 0.564400 0.146400 1.928600
v 0.565500 0.146800 1.919800
v 0.565700 0.144000 1.908800
v 0.563000 0.144800 1.938900
v 0.564400 0.146400 1.928600
v 0.565700 0.144000 1.908800
v 0.461900 0.141500 1.939900
v 0.451900 0.141600 1.940900
v 0.462400 0.139100 1.942500
v 0.451700 0.139700 1.943100
v 0.462400 0.139100 1.942500
v 0.451900 0.141600 1.940900
v 0.462400 0.139100 1.942500
v 0.451700 0.139700 1.943100
v 0.452600 0.137500 1.945300
v 0.462400 0.139100 1.942500
v 0.452600 0.137500 1.945300
v 0.464800 0.134300 1.947100
v 0.455200 0.133100 1.949800
v 0.464800 0.134300 1.947100
v 0.452600 0.137500 1.945300
v 0.464800 0.134300 1.947100
v 0.455200 0.133100 1.949800
v 0.471000 0.124600 1.954900
v 0.462600 0.120900 1.960700
v 0.471000 0.124600 1.954900
v 0.455200 0.133100 1.949800
v 0.471000 0.124600 1.954900
v 0.462600 0.120900 1.960700
v 0.477300 0.115400 1.962500
v 0.469700 0.110700 1.969400
v 0.477300 0.115400 1.962500
v 0.462600 0.120900 1.960700
v 0.477300 0.115400 1.962500
v 0.469700 0.110700 1.969400
v 0.482300 0.109100 1.967500
v 0.475700 0.103400 1.974900
v 0.482300 0.109100 1.967500
v 0.469700 0.110700 1.969400
v 0.482300 0.109100 1.967500
v 0.475700 0.103400 1.974900
v 0.487000 0.104300 1.971000
v 0.481500 0.097800 1.978900
v 0.487000 0.104300 1.971000
v 0.475700 0.103400 1.974900
v 0.487000 0.104300 1.971000
v 0.481500 0.097800 1.978900
v 0.492400 0.100000 1.973700
v 0.487600 0.093100 1.981800
v 0.492400 0.100000 1.973700
v 0.481500 0.097800 1.978900
v 0.492400 0.100000 1.973700
v 0.487600 0.093100 1.981800
v 0.499300 0.095600 1.976000
v 0.495900 0.088600 1.983900
v 0.499300 0.095600 1.976000
v 0.487600 0.093100 1.981800
v 0.495900 0.088600 1.983900
v 0.504600 0.085500 1.984400
v 0.499300 0.095600 1.976000
v 0.507200 0.092000 1.977000
v 0.499300 0.095600 1.976000
v 0.504600 0.085500 1.984400
v 0.504600 0.085500 1.984400
v 0.514700 0.083100 1.984000
v 0.507200 0.092000 1.977000
v 0.516100 0.089500 1.976800
v 0.507200 0.092000 1.977000
v 0.514700 0.083100 1.984000
v 0.514700 0.083100 1.984000
v 0.526600 0.081400 1.981900
v 0.516100 0.089500 1.976800
v 0.527400 0.087700 1.975400
v 0.516100 0.089500 1.976800
v 0.526600 0.081400 1.981900
v 0.526600 0.081400 1.981900
v 0.574100 0.078900 1.968100
v 0.527400 0.087700 1.975400
v 0.573500 0.085300 1.961900
v 0.527400 0.087700 1.975400
v 0.574100 0.078900 1.968100
v 0.574100 0.078900 1.968100
v 0.624400 0.077100 1.949000
v 0.573500 0.085300 1.961900
v 0.624300 0.083500 1.942800
v 0.573500 0.085300 1.961900
v 0.624400 0.077100 1.949000
v 0.624400 0.077100 1.949000
v 0.684400 0.075000 1.922200
v 0.624300 0.083500 1.942800
v 0.685100 0.081300 1.915900
v 0.624300 0.083500 1.942800
v 0.684400 0.075000 1.922200
v 0.684400 0.075000 1.922200
v 0.741600 0.073100 1.892300
v 0.685100 0.081300 1.915900
v 0.741600 0.079100 1.887000
v 0.685100 0.081300 1.915900
v 0.741600 0.073100 1.892300
v 0.741600 0.073100 1.892300
v 0.792200 0.071300 1.862600
v 0.741600 0.079100 1.887000
v 0.791900 0.077000 1.857800
v 0.741600 0.079100 1.887000
v 0.792200 0.071300 1.862600
v 0.792200 0.071300 1.862600
v 0.819100 0.070500 1.844500
v 0.791900 0.077000 1.857800
v 0.817900 0.075900 1.840800
v 0.791900 0.077000 1.857800
v 0.819100 0.070500 1.844500
v 0.819100 0.070500 1.844500
v 0.824600 0.070700 1.840500
v 0.817900 0.075900 1.840800
v 0.820400 0.076300 1.838800
v 0.817900 0.075900 1.840800
v 0.824600 0.070700 1.840500
v 0.824600 0.070700 1.840500
v 0.828300 0.071500 1.837000
v 0.820400 0.076300 1.838800
v 0.822500 0.077000 1.836800
v 0.820400 0.076300 1.838800
v 0.828300 0.071500 1.837000
v 0.828300 0.071500 1.837000
v 0.831200 0.073200 1.834000
v 0.822500 0.077000 1.836800
v 0.824500 0.079000 1.834200
v 0.822500 0.077000 1.836800
v 0.831200 0.073200 1.834000
v 0.831200 0.073200 1.834000
v 0.832600 0.076400 1.831200
v 0.824500 0.079000 1.834200
v 0.825600 0.081600 1.831900
v 0.824500 0.079000 1.834200
v 0.832600 0.076400 1.831200
v 0.832600 0.076400 1.831200
v 0.833100 0.086800 1.824600
v 0.825600 0.081600 1.831900
v 0.826000 0.089700 1.826800
v 0.825600 0.081600 1.831900
v 0.833100 0.086800 1.824600
v 0.833100 0.086800 1.824600
v 0.831800 0.108400 1.813300
v 0.826000 0.089700 1.826800
v 0.825000 0.109400 1.816100
v 0.826000 0.089700 1.826800
v 0.831800 0.108400 1.813300
v 0.831800 0.108400 1.813300
v 0.831200 0.110900 1.812700
v 0.825000 0.109400 1.816100
v 0.824900 0.111600 1.814800
v 0.825000 0.109400 1.816100
v 0.831200 0.110900 1.812700
v 0.824900 0.111600 1.814800
v 0.831200 0.110900 1.812700
v 0.824400 0.114100 1.813600
v 0.754100 0.071700 1.910700
v 0.755300 0.074500 1.900900
v 0.752600 0.071800 1.911700
v 0.753800 0.074500 1.901800
v 0.752600 0.071800 1.911700
v 0.755300 0.074500 1.900900
v 0.753800 0.074500 1.901800
v 0.755300 0.074500 1.900900
v 0.754800 0.075400 1.893100
v 0.756300 0.075500 1.892200
v 0.754800 0.075400 1.893100
v 0.755300 0.074500 1.900900
v 0.754800 0.075400 1.893100
v 0.756300 0.075500 1.892200
v 0.756100 0.075900 1.880500
v 0.757900 0.075900 1.879500
v 0.756100 0.075900 1.880500
v 0.756300 0.075500 1.892200
v 0.537900 0.145800 1.945900
v 0.539100 0.147200 1.935700
v 0.536200 0.145900 1.946200
v 0.537600 0.147500 1.935900
v 0.536200 0.145900 1.946200
v 0.539100 0.147200 1.935700
v 0.537600 0.147500 1.935900
v 0.539100 0.147200 1.935700
v 0.538700 0.147900 1.927100
v 0.540200 0.147600 1.927100
v 0.538700 0.147900 1.927100
v 0.539100 0.147200 1.935700
v 0.538700 0.147900 1.927100
v 0.540200 0.147600 1.927100
v 0.540100 0.147400 1.912500
v 0.541800 0.147200 1.912100
v 0.540100 0.147400 1.912500
v 0.540200 0.147600 1.927100
v 0.538700 0.147900 1.927100
v 0.540100 0.147400 1.912500
v 0.538900 0.145100 1.915400
v 0.537600 0.147500 1.935900
v 0.538700 0.147900 1.927100
v 0.538900 0.145100 1.915400
v 0.536200 0.145900 1.946200
v 0.537600 0.147500 1.935900
v 0.538900 0.145100 1.915400
v 0.478800 0.141500 1.899300
v 0.463900 0.141900 1.926700
v 0.479300 0.139100 1.901300
v 0.464400 0.139800 1.928900
v 0.479300 0.139100 1.901300
v 0.463900 0.141900 1.926700
v 0.464400 0.139800 1.928900
v 0.466600 0.135300 1.933500
v 0.479300 0.139100 1.901300
v 0.466600 0.135300 1.933500
v 0.472800 0.125700 1.941600
v 0.479300 0.139100 1.901300
v 0.483100 0.130300 1.911100
v 0.479300 0.139100 1.901300
v 0.472800 0.125700 1.941600
v 0.472800 0.125700 1.941600
v 0.479100 0.116600 1.949700
v 0.483100 0.130300 1.911100
v 0.489600 0.119600 1.920900
v 0.483100 0.130300 1.911100
v 0.479100 0.116600 1.949700
v 0.479100 0.116600 1.949700
v 0.484000 0.110400 1.954800
v 0.489600 0.119600 1.920900
v 0.484000 0.110400 1.954800
v 0.488600 0.105700 1.958400
v 0.489600 0.119600 1.920900
v 0.493700 0.114000 1.923600
v 0.489600 0.119600 1.920900
v 0.488600 0.105700 1.958400
v 0.488600 0.105700 1.958400
v 0.493800 0.101500 1.961300
v 0.493700 0.114000 1.923600
v 0.498600 0.108900 1.925700
v 0.493700 0.114000 1.923600
v 0.493800 0.101500 1.961300
v 0.493800 0.101500 1.961300
v 0.500500 0.097300 1.963700
v 0.498600 0.108900 1.925700
v 0.505000 0.103300 1.927400
v 0.498600 0.108900 1.925700
v 0.500500 0.097300 1.963700
v 0.500500 0.097300 1.963700
v 0.508100 0.093800 1.964700
v 0.505000 0.103300 1.927400
v 0.511800 0.098900 1.928100
v 0.505000 0.103300 1.927400
v 0.508100 0.093800 1.964700
v 0.508100 0.093800 1.964700
v 0.516800 0.091300 1.964400
v 0.511800 0.098900 1.928100
v 0.520300 0.095300 1.927800
v 0.511800 0.098900 1.928100
v 0.516800 0.091300 1.964400
v 0.516800 0.091300 1.964400
v 0.527800 0.089600 1.963100
v 0.520300 0.095300 1.927800
v 0.531000 0.092800 1.926500
v 0.520300 0.095300 1.927800
v 0.527800 0.089600 1.963100
v 0.527800 0.089600 1.963100
v 0.573800 0.087200 1.950000
v 0.531000 0.092800 1.926500
v 0.574400 0.088900 1.914900
v 0.531000 0.092800 1.926500
v 0.573800 0.087200 1.950000
v 0.573800 0.087200 1.950000
v 0.624500 0.085400 1.931500
v 0.574400 0.088900 1.914900
v 0.624900 0.087100 1.898800
v 0.574400 0.088900 1.914900
v 0.624500 0.085400 1.931500
v 0.624500 0.085400 1.931500
v 0.685200 0.083200 1.905500
v 0.624900 0.087100 1.898800
v 0.685300 0.084900 1.876200
v 0.624900 0.087100 1.898800
v 0.685200 0.083200 1.905500
v 0.685200 0.083200 1.905500
v 0.741600 0.081000 1.877700
v 0.685300 0.084900 1.876200
v 0.741400 0.082700 1.852200
v 0.685300 0.084900 1.876200
v 0.741600 0.081000 1.877700
v 0.741600 0.081000 1.877700
v 0.791800 0.078900 1.849500
v 0.741400 0.082700 1.852200
v 0.791300 0.080600 1.827900
v 0.741400 0.082700 1.852200
v 0.791800 0.078900 1.849500
v 0.791800 0.078900 1.849500
v 0.817600 0.077700 1.832800
v 0.791300 0.080600 1.827900
v 0.817000 0.079500 1.813900
v 0.791300 0.080600 1.827900
v 0.817600 0.077700 1.832800
v 0.817600 0.077700 1.832800
v 0.819700 0.078100 1.830900
v 0.817000 0.079500 1.813900
v 0.819400 0.079900 1.812300
v 0.817000 0.079500 1.813900
v 0.819700 0.078100 1.830900
v 0.819700 0.078100 1.830900
v 0.821300 0.078600 1.829000
v 0.819400 0.079900 1.812300
v 0.821500 0.080600 1.810700
v 0.819400 0.079900 1.812300
v 0.821300 0.078600 1.829000
v 0.821300 0.078600 1.829000
v 0.822700 0.080000 1.826300
v 0.821500 0.080600 1.810700
v 0.823500 0.082500 1.808600
v 0.821500 0.080600 1.810700
v 0.822700 0.080000 1.826300
v 0.822700 0.080000 1.826300
v 0.823500 0.082100 1.823800
v 0.823500 0.082500 1.808600
v 0.824500 0.085200 1.806600
v 0.823500 0.082500 1.808600
v 0.823500 0.082100 1.823800
v 0.823500 0.082100 1.823800
v 0.823800 0.089800 1.818500
v 0.824500 0.085200 1.806600
v 0.824900 0.089700 1.802600
v 0.824500 0.085200 1.806600
v 0.823800 0.089800 1.818500
v 0.823800 0.089800 1.818500
v 0.822800 0.108600 1.809200
v 0.824900 0.089700 1.802600
v 0.823900 0.107200 1.795100
v 0.824900 0.089700 1.802600
v 0.822800 0.108600 1.809200
v 0.822800 0.108600 1.809200
v 0.822700 0.111400 1.807900
v 0.823900 0.107200 1.795100
v 0.823600 0.111600 1.793100
v 0.823900 0.107200 1.795100
v 0.822700 0.111400 1.807900
v 0.822700 0.111400 1.807900
v 0.822200 0.113800 1.806900
v 0.823600 0.111600 1.793100
v 0.823100 0.114100 1.792100
v 0.823600 0.111600 1.793100
v 0.822200 0.113800 1.806900
v 0.821100 0.115700 1.792400
v 0.823100 0.114100 1.792100
v 0.822400 0.115700 1.814000
v 0.824100 0.114100 1.808700
v 0.822400 0.115700 1.814000
v 0.823100 0.114100 1.792100
v 0.822400 0.115700 1.814000
v 0.824100 0.114100 1.808700
v 0.824400 0.114100 1.813600
v 0.824100 0.114100 1.808700
v 0.824600 0.111600 1.809600
v 0.824400 0.114100 1.813600
v 0.824900 0.111600 1.814800
v 0.824400 0.114100 1.813600
v 0.824600 0.111600 1.809600
v 0.824600 0.111600 1.809600
v 0.824700 0.108800 1.810900
v 0.824900 0.111600 1.814800
v 0.825000 0.109400 1.816100
v 0.824900 0.111600 1.814800
v 0.824700 0.108800 1.810900
v 0.824700 0.108800 1.810900
v 0.825700 0.089700 1.820200
v 0.825000 0.109400 1.816100
v 0.826000 0.089700 1.826800
v 0.825000 0.109400 1.816100
v 0.825700 0.089700 1.820200
v 0.825700 0.089700 1.820200
v 0.825400 0.081600 1.825500
v 0.826000 0.089700 1.826800
v 0.825600 0.081600 1.831900
v 0.826000 0.089700 1.826800
v 0.825400 0.081600 1.825500
v 0.825400 0.081600 1.825500
v 0.824300 0.079000 1.828000
v 0.825600 0.081600 1.831900
v 0.824500 0.079000 1.834200
v 0.825600 0.081600 1.831900
v 0.824300 0.079000 1.828000
v 0.824300 0.079000 1.828000
v 0.822300 0.077000 1.830800
v 0.824500 0.079000 1.834200
v 0.822500 0.077000 1.836800
v 0.824500 0.079000 1.834200
v 0.822300 0.077000 1.830800
v 0.822300 0.077000 1.830800
v 0.820200 0.076300 1.832700
v 0.822500 0.077000 1.836800
v 0.820400 0.076300 1.838800
v 0.822500 0.077000 1.836800
v 0.820200 0.076300 1.832700
v 0.820200 0.076300 1.832700
v 0.817700 0.075900 1.834600
v 0.820400 0.076300 1.838800
v 0.817900 0.075900 1.840800
v 0.820400 0.076300 1.838800
v 0.817700 0.075900 1.834600
v 0.817700 0.075900 1.834600
v 0.791800 0.077000 1.851300
v 0.817900 0.075900 1.840800
v 0.791900 0.077000 1.857800
v 0.817900 0.075900 1.840800
v 0.791800 0.077000 1.851300
v 0.791800 0.077000 1.851300
v 0.741600 0.079100 1.879500
v 0.791900 0.077000 1.857800
v 0.741600 0.079100 1.887000
v 0.791900 0.077000 1.857800
v 0.741600 0.079100 1.879500
v 0.741600 0.079100 1.879500
v 0.685100 0.081300 1.907300
v 0.741600 0.079100 1.887000
v 0.685100 0.081300 1.915900
v 0.741600 0.079100 1.887000
v 0.685100 0.081300 1.907300
v 0.685100 0.081300 1.907300
v 0.624400 0.083500 1.933300
v 0.685100 0.081300 1.915900
v 0.624300 0.083500 1.942800
v 0.685100 0.081300 1.915900
v 0.624400 0.083500 1.933300
v 0.624400 0.083500 1.933300
v 0.573700 0.085300 1.951800
v 0.624300 0.083500 1.942800
v 0.573500 0.085300 1.961900
v 0.624300 0.083500 1.942800
v 0.573700 0.085300 1.951800
v 0.573700 0.085300 1.951800
v 0.527600 0.087700 1.964900
v 0.573500 0.085300 1.961900
v 0.527400 0.087700 1.975400
v 0.573500 0.085300 1.961900
v 0.527600 0.087700 1.964900
v 0.527600 0.087700 1.964900
v 0.516400 0.089500 1.966300
v 0.527400 0.087700 1.975400
v 0.516100 0.089500 1.976800
v 0.527400 0.087700 1.975400
v 0.516400 0.089500 1.966300
v 0.516400 0.089500 1.966300
v 0.507400 0.092000 1.966500
v 0.516100 0.089500 1.976800
v 0.507200 0.092000 1.977000
v 0.516100 0.089500 1.976800
v 0.507400 0.092000 1.966500
v 0.507200 0.092000 1.977000
v 0.507400 0.092000 1.966500
v 0.499300 0.095600 1.976000
v 0.499600 0.095600 1.965500
v 0.499300 0.095600 1.976000
v 0.507400 0.092000 1.966500
v 0.499300 0.095600 1.976000
v 0.499600 0.095600 1.965500
v 0.492400 0.100000 1.973700
v 0.492600 0.100000 1.963100
v 0.492400 0.100000 1.973700
v 0.499600 0.095600 1.965500
v 0.492400 0.100000 1.973700
v 0.492600 0.100000 1.963100
v 0.487000 0.104300 1.971000
v 0.487300 0.104300 1.960200
v 0.487000 0.104300 1.971000
v 0.492600 0.100000 1.963100
v 0.487000 0.104300 1.971000
v 0.487300 0.104300 1.960200
v 0.482300 0.109100 1.967500
v 0.482500 0.109100 1.956600
v 0.482300 0.109100 1.967500
v 0.487300 0.104300 1.960200
v 0.482300 0.109100 1.967500
v 0.482500 0.109100 1.956600
v 0.477300 0.115400 1.962500
v 0.477500 0.115400 1.951500
v 0.477300 0.115400 1.962500
v 0.482500 0.109100 1.956600
v 0.477300 0.115400 1.962500
v 0.477500 0.115400 1.951500
v 0.471000 0.124600 1.954900
v 0.471200 0.124600 1.943400
v 0.471000 0.124600 1.954900
v 0.477500 0.115400 1.951500
v 0.471000 0.124600 1.954900
v 0.471200 0.124600 1.943400
v 0.464800 0.134300 1.947100
v 0.465000 0.134300 1.935300
v 0.464800 0.134300 1.947100
v 0.471200 0.124600 1.943400
v 0.464800 0.134300 1.947100
v 0.465000 0.134300 1.935300
v 0.462400 0.139100 1.942500
v 0.462600 0.139100 1.930700
v 0.462400 0.139100 1.942500
v 0.465000 0.134300 1.935300
v 0.462400 0.139100 1.942500
v 0.462600 0.139100 1.930700
v 0.461900 0.141500 1.939900
v 0.462100 0.141500 1.928500
v 0.461900 0.141500 1.939900
v 0.462600 0.139100 1.930700
v 0.461900 0.141500 1.939900
v 0.462100 0.141500 1.928500
v 0.463400 0.142700 1.938400
v 0.462100 0.141500 1.928500
v 0.478800 0.141500 1.899300
v 0.463400 0.142700 1.938400
v 0.480200 0.142700 1.898000
v 0.463400 0.142700 1.938400
v 0.478800 0.141500 1.899300
v 0.463400 0.142700 1.938400
v 0.480200 0.142700 1.898000
v 0.514500 0.141900 1.926100
v 0.514900 0.141900 1.887300
v 0.514500 0.141900 1.926100
v 0.480200 0.142700 1.898000
v 0.514900 0.141900 1.887300
v 0.568200 0.139400 1.874800
v 0.514500 0.141900 1.926100
v 0.568000 0.139400 1.911600
v 0.514500 0.141900 1.926100
v 0.568200 0.139400 1.874800
v 0.568200 0.139400 1.874800
v 0.620900 0.136200 1.860600
v 0.568000 0.139400 1.911600
v 0.621000 0.136200 1.895000
v 0.568000 0.139400 1.911600
v 0.620900 0.136200 1.860600
v 0.620900 0.136200 1.860600
v 0.678700 0.131800 1.843000
v 0.621000 0.136200 1.895000
v 0.679100 0.131800 1.874100
v 0.621000 0.136200 1.895000
v 0.678700 0.131800 1.843000
v 0.678700 0.131800 1.843000
v 0.736300 0.126400 1.823300
v 0.679100 0.131800 1.874100
v 0.735900 0.126500 1.851100
v 0.679100 0.131800 1.874100
v 0.736300 0.126400 1.823300
v 0.736300 0.126400 1.823300
v 0.790800 0.120000 1.803900
v 0.735900 0.126500 1.851100
v 0.791900 0.120000 1.826700
v 0.735900 0.126500 1.851100
v 0.790800 0.120000 1.803900
v 0.791900 0.120000 1.826700
v 0.790800 0.120000 1.803900
v 0.822400 0.115700 1.814000
v 0.814600 0.116600 1.794900
v 0.822400 0.115700 1.814000
v 0.790800 0.120000 1.803900
v 0.814600 0.116600 1.794900
v 0.821100 0.115700 1.792400
v 0.822400 0.115700 1.814000
v 0.511200 0.147000 1.952700
v 0.512400 0.148400 1.942600
v 0.509400 0.147100 1.953000
v 0.510800 0.148700 1.942700
v 0.509400 0.147100 1.953000
v 0.512400 0.148400 1.942600
v 0.510800 0.148700 1.942700
v 0.512400 0.148400 1.942600
v 0.511900 0.149000 1.933900
v 0.513400 0.148800 1.933900
v 0.511900 0.149000 1.933900
v 0.512400 0.148400 1.942600
v 0.511900 0.149000 1.933900
v 0.513400 0.148800 1.933900
v 0.513400 0.148600 1.919300
v 0.515000 0.148400 1.919000
v 0.513400 0.148600 1.919300
v 0.513400 0.148800 1.933900
v 0.511900 0.149000 1.933900
v 0.513400 0.148600 1.919300
v 0.512200 0.146200 1.922200
v 0.510800 0.148700 1.942700
v 0.511900 0.149000 1.933900
v 0.512200 0.146200 1.922200
v 0.509400 0.147100 1.953000
v 0.510800 0.148700 1.942700
v 0.512200 0.146200 1.922200
v 0.482600 0.148100 1.957900
v 0.483900 0.149800 1.947600
v 0.485300 0.147400 1.927100
v 0.483900 0.149800 1.947600
v 0.485000 0.150200 1.938800
v 0.485300 0.147400 1.927100
v 0.485000 0.150200 1.938800
v 0.486500 0.149700 1.924200
v 0.485300 0.147400 1.927100
v 0.484300 0.148000 1.957600
v 0.485500 0.149500 1.947400
v 0.482600 0.148100 1.957900
v 0.483900 0.149800 1.947600
v 0.482600 0.148100 1.957900
v 0.485500 0.149500 1.947400
v 0.483900 0.149800 1.947600
v 0.485500 0.149500 1.947400
v 0.485000 0.150200 1.938800
v 0.486500 0.149900 1.938800
v 0.485000 0.150200 1.938800
v 0.485500 0.149500 1.947400
v 0.485000 0.150200 1.938800
v 0.486500 0.149900 1.938800
v 0.486500 0.149700 1.924200
v 0.488100 0.149500 1.923900
v 0.486500 0.149700 1.924200
v 0.486500 0.149900 1.938800
v 0.697600 0.074000 1.948000
v 0.699100 0.076600 1.935700
v 0.696000 0.074000 1.948900
v 0.697700 0.076700 1.936400
v 0.696000 0.074000 1.948900
v 0.699100 0.076600 1.935700
v 0.697700 0.076700 1.936400
v 0.699100 0.076600 1.935700
v 0.699000 0.077500 1.925300
v 0.700500 0.077500 1.924700
v 0.699000 0.077500 1.925300
v 0.699100 0.076600 1.935700
v 0.699000 0.077500 1.925300
v 0.700500 0.077500 1.924700
v 0.700700 0.077900 1.910300
v 0.702500 0.077900 1.909500
v 0.700700 0.077900 1.910300
v 0.700500 0.077500 1.924700
v 0.782700 0.070500 1.889800
v 0.783700 0.073500 1.880700
v 0.781000 0.070300 1.891400
v 0.782300 0.073600 1.881500
v 0.781000 0.070300 1.891400
v 0.783700 0.073500 1.880700
v 0.782300 0.073600 1.881500
v 0.783700 0.073500 1.880700
v 0.783100 0.074500 1.874500
v 0.784800 0.074500 1.873300
v 0.783100 0.074500 1.874500
v 0.783700 0.073500 1.880700
v 0.783100 0.074500 1.874500
v 0.784800 0.074500 1.873300
v 0.784300 0.075300 1.863700
v 0.786000 0.075200 1.862800
v 0.784300 0.075300 1.863700
v 0.784800 0.074500 1.873300
v 0.699000 0.077500 1.925300
v 0.700700 0.077900 1.910300
v 0.699400 0.074600 1.913800
v 0.697700 0.076700 1.936400
v 0.699000 0.077500 1.925300
v 0.699400 0.074600 1.913800
v 0.696000 0.074000 1.948900
v 0.697700 0.076700 1.936400
v 0.699400 0.074600 1.913800
v 0.724300 0.072900 1.931100
v 0.725700 0.075700 1.919900
v 0.727100 0.073800 1.899100
v 0.725700 0.075700 1.919900
v 0.726800 0.076600 1.910000
v 0.727100 0.073800 1.899100
v 0.726800 0.076600 1.910000
v 0.728300 0.077100 1.895600
v 0.727100 0.073800 1.899100
v 0.781000 0.070300 1.891400
v 0.782300 0.073600 1.881500
v 0.783400 0.071700 1.867600
v 0.782300 0.073600 1.881500
v 0.783100 0.074500 1.874500
v 0.783400 0.071700 1.867600
v 0.783100 0.074500 1.874500
v 0.784300 0.075300 1.863700
v 0.783400 0.071700 1.867600
v 0.669600 0.075100 1.964500
v 0.671200 0.077800 1.951100
v 0.668000 0.075100 1.965400
v 0.669700 0.077800 1.951900
v 0.668000 0.075100 1.965400
v 0.671200 0.077800 1.951100
v 0.669700 0.077800 1.951900
v 0.671200 0.077800 1.951100
v 0.671000 0.078600 1.939900
v 0.672500 0.078700 1.939200
v 0.671000 0.078600 1.939900
v 0.671200 0.077800 1.951100
v 0.671000 0.078600 1.939900
v 0.672500 0.078700 1.939200
v 0.672800 0.079000 1.923600
v 0.674600 0.079000 1.923100
v 0.672800 0.079000 1.923600
v 0.672500 0.078700 1.939200
v 0.671000 0.078600 1.939900
v 0.672800 0.079000 1.923600
v 0.671500 0.075700 1.927400
v 0.669700 0.077800 1.951900
v 0.671000 0.078600 1.939900
v 0.671500 0.075700 1.927400
v 0.668000 0.075100 1.965400
v 0.669700 0.077800 1.951900
v 0.671500 0.075700 1.927400
v 0.811600 0.069400 1.867000
v 0.812200 0.071900 1.860800
v 0.810000 0.069500 1.868300
v 0.810900 0.072000 1.861500
v 0.810000 0.069500 1.868300
v 0.812200 0.071900 1.860800
v 0.810900 0.072000 1.861500
v 0.812200 0.071900 1.860800
v 0.811700 0.073500 1.854600
v 0.813100 0.073400 1.854000
v 0.811700 0.073500 1.854600
v 0.812200 0.071900 1.860800
v 0.811700 0.073500 1.854600
v 0.813100 0.073400 1.854000
v 0.812500 0.074300 1.845600
v 0.814100 0.074200 1.844700
v 0.812500 0.074300 1.845600
v 0.813100 0.073400 1.854000
v 0.810000 0.069500 1.868300
v 0.810900 0.072000 1.861500
v 0.811600 0.070700 1.849100
v 0.810900 0.072000 1.861500
v 0.811700 0.073500 1.854600
v 0.811600 0.070700 1.849100
v 0.811700 0.073500 1.854600
v 0.812500 0.074300 1.845600
v 0.811600 0.070700 1.849100
v 0.642000 0.076000 1.980000
v 0.643800 0.078700 1.965800
v 0.640400 0.076100 1.980600
v 0.642300 0.078700 1.966300
v 0.640400 0.076100 1.980600
v 0.643800 0.078700 1.965800
v 0.642300 0.078700 1.966300
v 0.643800 0.078700 1.965800
v 0.643800 0.079600 1.953500
v 0.645300 0.079600 1.953200
v 0.643800 0.079600 1.953500
v 0.643800 0.078700 1.965800
v 0.643800 0.079600 1.953500
v 0.645300 0.079600 1.953200
v 0.645700 0.080000 1.935600
v 0.647500 0.079900 1.934900
v 0.645700 0.080000 1.935600
v 0.645300 0.079600 1.953200
v 0.643800 0.079600 1.953500
v 0.645700 0.080000 1.935600
v 0.644400 0.076600 1.939600
v 0.642300 0.078700 1.966300
v 0.643800 0.079600 1.953500
v 0.644400 0.076600 1.939600
v 0.640400 0.076100 1.980600
v 0.642300 0.078700 1.966300
v 0.644400 0.076600 1.939600
v 0.614300 0.076800 1.994000
v 0.616300 0.079500 1.979000
v 0.612700 0.076800 1.994600
v 0.614800 0.079500 1.979400
v 0.612700 0.076800 1.994600
v 0.616300 0.079500 1.979000
v 0.614800 0.079500 1.979400
v 0.616300 0.079500 1.979000
v 0.616400 0.080300 1.965900
v 0.618000 0.080400 1.965600
v 0.616400 0.080300 1.965900
v 0.616300 0.079500 1.979000
v 0.616400 0.080300 1.965900
v 0.618000 0.080400 1.965600
v 0.618600 0.080700 1.947600
v 0.620400 0.080700 1.947000
v 0.618600 0.080700 1.947600
v 0.618000 0.080400 1.965600
v 0.616400 0.080300 1.965900
v 0.618600 0.080700 1.947600
v 0.617200 0.077400 1.951400
v 0.614800 0.079500 1.979400
v 0.616400 0.080300 1.965900
v 0.617200 0.077400 1.951400
v 0.612700 0.076800 1.994600
v 0.614800 0.079500 1.979400
v 0.617200 0.077400 1.951400
v 0.587000 0.077900 2.006900
v 0.589100 0.080500 1.990900
v 0.585300 0.077900 2.007700
v 0.587600 0.080500 1.991500
v 0.585300 0.077900 2.007700
v 0.589100 0.080500 1.990900
v 0.587600 0.080500 1.991500
v 0.589100 0.080500 1.990900
v 0.589400 0.081300 1.977100
v 0.591000 0.081300 1.976600
v 0.589400 0.081300 1.977100
v 0.589100 0.080500 1.990900
v 0.589400 0.081300 1.977100
v 0.591000 0.081300 1.976600
v 0.591800 0.081600 1.957900
v 0.593500 0.081500 1.957200
v 0.591800 0.081600 1.957900
v 0.591000 0.081300 1.976600
v 0.589400 0.081300 1.977100
v 0.591800 0.081600 1.957900
v 0.590400 0.078300 1.961800
v 0.587600 0.080500 1.991500
v 0.589400 0.081300 1.977100
v 0.590400 0.078300 1.961800
v 0.585300 0.077900 2.007700
v 0.587600 0.080500 1.991500
v 0.590400 0.078300 1.961800
v 0.560200 0.078800 2.017800
v 0.562300 0.081500 2.001100
v 0.558500 0.078900 2.018500
v 0.560800 0.081500 2.001700
v 0.558500 0.078900 2.018500
v 0.562300 0.081500 2.001100
v 0.560800 0.081500 2.001700
v 0.562300 0.081500 2.001100
v 0.562600 0.082300 1.986800
v 0.564200 0.082400 1.986300
v 0.562600 0.082300 1.986800
v 0.562300 0.081500 2.001100
v 0.562600 0.082300 1.986800
v 0.564200 0.082400 1.986300
v 0.565000 0.082700 1.967400
v 0.566600 0.082600 1.966600
v 0.565000 0.082700 1.967400
v 0.564200 0.082400 1.986300
v 0.562600 0.082300 1.986800
v 0.565000 0.082700 1.967400
v 0.563600 0.079400 1.970800
v 0.560800 0.081500 2.001700
v 0.562600 0.082300 1.986800
v 0.563600 0.079400 1.970800
v 0.558500 0.078900 2.018500
v 0.560800 0.081500 2.001700
v 0.563600 0.079400 1.970800
v 0.533200 0.079800 2.029600
v 0.535500 0.082500 2.011600
v 0.531600 0.079800 2.030400
v 0.534000 0.082600 2.012200
v 0.531600 0.079800 2.030400
v 0.535500 0.082500 2.011600
v 0.534000 0.082600 2.012200
v 0.535500 0.082500 2.011600
v 0.536000 0.083500 1.996000
v 0.537600 0.083500 1.995500
v 0.536000 0.083500 1.996000
v 0.535500 0.082500 2.011600
v 0.536000 0.083500 1.996000
v 0.537600 0.083500 1.995500
v 0.538600 0.083900 1.974700
v 0.540200 0.083900 1.974500
v 0.538600 0.083900 1.974700
v 0.537600 0.083500 1.995500
v 0.536000 0.083500 1.996000
v 0.538600 0.083900 1.974700
v 0.537100 0.080600 1.978700
v 0.534000 0.082600 2.012200
v 0.536000 0.083500 1.996000
v 0.537100 0.080600 1.978700
v 0.531600 0.079800 2.030400
v 0.534000 0.082600 2.012200
v 0.537100 0.080600 1.978700
v 0.506200 0.081900 2.035700
v 0.508800 0.084800 2.020100
v 0.504600 0.082100 2.036200
v 0.507300 0.085200 2.020700
v 0.504600 0.082100 2.036200
v 0.508800 0.084800 2.020100
v 0.507300 0.085200 2.020700
v 0.508800 0.084800 2.020100
v 0.509700 0.086700 2.003000
v 0.511300 0.086400 2.002500
v 0.509700 0.086700 2.003000
v 0.508800 0.084800 2.020100
v 0.509700 0.086700 2.003000
v 0.511300 0.086400 2.002500
v 0.512700 0.087200 1.980400
v 0.514400 0.086900 1.980100
v 0.512700 0.087200 1.980400
v 0.511300 0.086400 2.002500
v 0.509700 0.086700 2.003000
v 0.512700 0.087200 1.980400
v 0.510200 0.084100 1.983700
v 0.507300 0.085200 2.020700
v 0.509700 0.086700 2.003000
v 0.510200 0.084100 1.983700
v 0.504600 0.082100 2.036200
v 0.507300 0.085200 2.020700
v 0.510200 0.084100 1.983700
v 0.480900 0.088300 2.038400
v 0.485400 0.091700 2.020400
v 0.479700 0.088800 2.038200
v 0.484200 0.092300 2.020200
v 0.479700 0.088800 2.038200
v 0.485400 0.091700 2.020400
v 0.484200 0.092300 2.020200
v 0.485400 0.091700 2.020400
v 0.487500 0.093900 2.002800
v 0.488700 0.093400 2.003000
v 0.487500 0.093900 2.002800
v 0.485400 0.091700 2.020400
v 0.487500 0.093900 2.002800
v 0.488700 0.093400 2.003000
v 0.491800 0.095500 1.979000
v 0.493200 0.094600 1.979400
v 0.491800 0.095500 1.979000
v 0.488700 0.093400 2.003000
v 0.487500 0.093900 2.002800
v 0.491800 0.095500 1.979000
v 0.488500 0.092800 1.981900
v 0.484200 0.092300 2.020200
v 0.487500 0.093900 2.002800
v 0.488500 0.092800 1.981900
v 0.479700 0.088800 2.038200
v 0.484200 0.092300 2.020200
v 0.488500 0.092800 1.981900
v 0.461700 0.102300 2.027800
v 0.465300 0.104400 2.017500
v 0.460900 0.103200 2.027000
v 0.464300 0.105100 2.017500
v 0.460900 0.103200 2.027000
v 0.465300 0.104400 2.017500
v 0.464300 0.105100 2.017500
v 0.465300 0.104400 2.017500
v 0.468900 0.107000 2.001300
v 0.469700 0.106100 2.001700
v 0.468900 0.107000 2.001300
v 0.465300 0.104400 2.017500
v 0.468900 0.107000 2.001300
v 0.469700 0.106100 2.001700
v 0.476200 0.109300 1.969400
v 0.477000 0.108200 1.970200
v 0.476200 0.109300 1.969400
v 0.469700 0.106100 2.001700
v 0.468900 0.107000 2.001300
v 0.476200 0.109300 1.969400
v 0.472300 0.107300 1.972000
v 0.464300 0.105100 2.017500
v 0.468900 0.107000 2.001300
v 0.472300 0.107300 1.972000
v 0.460900 0.103200 2.027000
v 0.464300 0.105100 2.017500
v 0.472300 0.107300 1.972000
v 0.449500 0.119100 2.009200
v 0.453800 0.121100 1.998800
v 0.448800 0.120200 2.008000
v 0.452700 0.121900 1.998400
v 0.448800 0.120200 2.008000
v 0.453800 0.121100 1.998800
v 0.452700 0.121900 1.998400
v 0.453800 0.121100 1.998800
v 0.457400 0.123400 1.984200
v 0.458200 0.122400 1.984500
v 0.457400 0.123400 1.984200
v 0.453800 0.121100 1.998800
v 0.457400 0.123400 1.984200
v 0.458200 0.122400 1.984500
v 0.465000 0.125400 1.956200
v 0.465700 0.124300 1.956800
v 0.465000 0.125400 1.956200
v 0.458200 0.122400 1.984500
v 0.457400 0.123400 1.984200
v 0.465000 0.125400 1.956200
v 0.460800 0.123800 1.958100
v 0.452700 0.121900 1.998400
v 0.457400 0.123400 1.984200
v 0.460800 0.123800 1.958100
v 0.448800 0.120200 2.008000
v 0.452700 0.121900 1.998400
v 0.460800 0.123800 1.958100
v 0.823200 0.119100 1.811700
v 0.787500 0.124600 1.830300
v 0.822000 0.120100 1.831500
v 0.786300 0.125500 1.853700
v 0.822000 0.120100 1.831500
v 0.787500 0.124600 1.830300
v 0.787500 0.124600 1.830300
v 0.735300 0.130700 1.853500
v 0.786300 0.125500 1.853700
v 0.734900 0.131400 1.880000
v 0.786300 0.125500 1.853700
v 0.735300 0.130700 1.853500
v 0.735300 0.130700 1.853500
v 0.677900 0.136000 1.875100
v 0.734900 0.131400 1.880000
v 0.676900 0.136800 1.904800
v 0.734900 0.131400 1.880000
v 0.677900 0.136000 1.875100
v 0.677900 0.136000 1.875100
v 0.619600 0.140500 1.893800
v 0.676900 0.136800 1.904800
v 0.618800 0.141200 1.925900
v 0.676900 0.136800 1.904800
v 0.619600 0.140500 1.893800
v 0.619600 0.140500 1.893800
v 0.566600 0.144000 1.908600
v 0.618800 0.141200 1.925900
v 0.565800 0.144700 1.942500
v 0.618800 0.141200 1.925900
v 0.566600 0.144000 1.908600
v 0.566600 0.144000 1.908600
v 0.513000 0.146500 1.921800
v 0.565800 0.144700 1.942500
v 0.512200 0.147200 1.957000
v 0.565800 0.144700 1.942500
v 0.513000 0.146500 1.921800
v 0.513000 0.146500 1.921800
v 0.458800 0.148200 1.931500
v 0.512200 0.147200 1.957000
v 0.458000 0.148900 1.969100
v 0.512200 0.147200 1.957000
v 0.458800 0.148200 1.931500
v 0.458800 0.148200 1.931500
v 0.447200 0.148200 1.931600
v 0.458000 0.148900 1.969100
v 0.446300 0.148900 1.971600
v 0.458000 0.148900 1.969100
v 0.447200 0.148200 1.931600
v 0.447200 0.148200 1.931600
v 0.439900 0.147400 1.932400
v 0.446300 0.148900 1.971600
v 0.439100 0.148100 1.974400
v 0.446300 0.148900 1.971600
v 0.439900 0.147400 1.932400
v 0.439900 0.147400 1.932400
v 0.434900 0.145100 1.934700
v 0.439100 0.148100 1.974400
v 0.434000 0.145800 1.978800
v 0.439100 0.148100 1.974400
v 0.434900 0.145100 1.934700
v 0.434900 0.145100 1.934700
v 0.433900 0.141400 1.937900
v 0.434000 0.145800 1.978800
v 0.433000 0.142100 1.984000
v 0.434000 0.145800 1.978800
v 0.433900 0.141400 1.937900
v 0.433900 0.141400 1.937900
v 0.435400 0.136200 1.942200
v 0.433000 0.142100 1.984000
v 0.434500 0.137000 1.990500
v 0.433000 0.142100 1.984000
v 0.435400 0.136200 1.942200
v 0.827800 0.121400 1.790300
v 0.788700 0.125900 1.800400
v 0.827900 0.122200 1.806700
v 0.787400 0.128100 1.827800
v 0.827900 0.122200 1.806700
v 0.788700 0.125900 1.800400
v 0.788700 0.125900 1.800400
v 0.736000 0.130800 1.813600
v 0.787400 0.128100 1.827800
v 0.735000 0.134000 1.850900
v 0.787400 0.128100 1.827800
v 0.736000 0.130800 1.813600
v 0.736000 0.130800 1.813600
v 0.679300 0.135400 1.825800
v 0.735000 0.134000 1.850900
v 0.677400 0.139200 1.872300
v 0.735000 0.134000 1.850900
v 0.679300 0.135400 1.825800
v 0.679300 0.135400 1.825800
v 0.621200 0.139600 1.835900
v 0.677400 0.139200 1.872300
v 0.619000 0.143400 1.891100
v 0.677400 0.139200 1.872300
v 0.621200 0.139600 1.835900
v 0.621200 0.139600 1.835900
v 0.568200 0.142800 1.843300
v 0.619000 0.143400 1.891100
v 0.566000 0.146500 1.906100
v 0.619000 0.143400 1.891100
v 0.568200 0.142800 1.843300
v 0.568200 0.142800 1.843300
v 0.514600 0.145200 1.849700
v 0.566000 0.146500 1.906100
v 0.512400 0.149000 1.919000
v 0.566000 0.146500 1.906100
v 0.514600 0.145200 1.849700
v 0.514600 0.145200 1.849700
v 0.460400 0.146900 1.855100
v 0.512400 0.149000 1.919000
v 0.458800 0.150800 1.928500
v 0.512400 0.149000 1.919000
v 0.460400 0.146900 1.855100
v 0.460400 0.146900 1.855100
v 0.448700 0.147300 1.856200
v 0.458800 0.150800 1.928500
v 0.447300 0.151000 1.928700
v 0.458800 0.150800 1.928500
v 0.448700 0.147300 1.856200
v 0.448700 0.147300 1.856200
v 0.440000 0.146200 1.857500
v 0.447300 0.151000 1.928700
v 0.436300 0.150000 1.929900
v 0.447300 0.151000 1.928700
v 0.440000 0.146200 1.857500
v 0.440000 0.146200 1.857500
v 0.436400 0.143900 1.859400
v 0.436300 0.150000 1.929900
v 0.431700 0.147800 1.932000
v 0.436300 0.150000 1.929900
v 0.436400 0.143900 1.859400
v 0.436400 0.143900 1.859400
v 0.435400 0.140200 1.861700
v 0.431700 0.147800 1.932000
v 0.430700 0.143500 1.935900
v 0.431700 0.147800 1.932000
v 0.435400 0.140200 1.861700
v 0.435400 0.140200 1.861700
v 0.436900 0.135100 1.868500
v 0.430700 0.143500 1.935900
v 0.433900 0.136400 1.941500
v 0.430700 0.143500 1.935900
v 0.436900 0.135100 1.868500
v 0.436900 0.135100 1.868500
v 0.443500 0.123100 1.887800
v 0.433900 0.136400 1.941500
v 0.440200 0.124400 1.951500
v 0.433900 0.136400 1.941500
v 0.443500 0.123100 1.887800
v 0.443500 0.123100 1.887800
v 0.452000 0.109800 1.907400
v 0.440200 0.124400 1.951500
v 0.449300 0.110600 1.961600
v 0.440200 0.124400 1.951500
v 0.452000 0.109800 1.907400
v 0.435400 0.136200 1.942200
v 0.442200 0.124200 1.952300
v 0.434500 0.137000 1.990500
v 0.441100 0.125000 2.005300
v 0.434500 0.137000 1.990500
v 0.442200 0.124200 1.952300
v 0.452000 0.109800 1.907400
v 0.458300 0.100900 1.918800
v 0.449300 0.110600 1.961600
v 0.457200 0.101800 1.968400
v 0.449300 0.110600 1.961600
v 0.458300 0.100900 1.918800
v 0.442200 0.124200 1.952300
v 0.450800 0.110700 1.962200
v 0.441100 0.125000 2.005300
v 0.449600 0.111700 2.020700
v 0.441100 0.125000 2.005300
v 0.450800 0.110700 1.962200
v 0.450800 0.110700 1.962200
v 0.457200 0.101800 1.968400
v 0.449600 0.111700 2.020700
v 0.458300 0.100900 1.918800
v 0.465700 0.093400 1.928000
v 0.457200 0.101800 1.968400
v 0.455900 0.102800 2.030200
v 0.449600 0.111700 2.020700
v 0.457200 0.101800 1.968400
v 0.457200 0.101800 1.968400
v 0.465700 0.093400 1.928000
v 0.455900 0.102800 2.030200
v 0.465700 0.093400 1.928000
v 0.463300 0.095400 2.037000
v 0.455900 0.102800 2.030200
v 0.465700 0.093400 1.928000
v 0.473900 0.087400 1.936200
v 0.463300 0.095400 2.037000
v 0.471500 0.089300 2.041400
v 0.463300 0.095400 2.037000
v 0.473900 0.087400 1.936200
v 0.473900 0.087400 1.936200
v 0.483300 0.082800 1.942800
v 0.471500 0.089300 2.041400
v 0.481400 0.084200 2.044000
v 0.471500 0.089300 2.041400
v 0.483300 0.082800 1.942800
v 0.483300 0.082800 1.942800
v 0.496900 0.078500 1.949400
v 0.481400 0.084200 2.044000
v 0.494500 0.080400 2.043800
v 0.481400 0.084200 2.044000
v 0.496900 0.078500 1.949400
v 0.496900 0.078500 1.949400
v 0.510600 0.076200 1.952000
v 0.494500 0.080400 2.043800
v 0.508200 0.078100 2.041500
v 0.494500 0.080400 2.043800
v 0.510600 0.076200 1.952000
v 0.510600 0.076200 1.952000
v 0.527700 0.074800 1.949600
v 0.508200 0.078100 2.041500
v 0.525300 0.076800 2.036800
v 0.508200 0.078100 2.041500
v 0.527700 0.074800 1.949600
v 0.527700 0.074800 1.949600
v 0.576200 0.073300 1.931400
v 0.525300 0.076800 2.036800
v 0.573800 0.075200 2.018500
v 0.525300 0.076800 2.036800
v 0.576200 0.073300 1.931400
v 0.576200 0.073300 1.931400
v 0.626200 0.071600 1.910100
v 0.573800 0.075200 2.018500
v 0.623800 0.073500 1.995100
v 0.573800 0.075200 2.018500
v 0.626200 0.071600 1.910100
v 0.626200 0.071600 1.910100
v 0.686300 0.069500 1.883800
v 0.623800 0.073500 1.995100
v 0.683900 0.071400 1.961800
v 0.623800 0.073500 1.995100
v 0.686300 0.069500 1.883800
v 0.822000 0.120100 1.831500
v 0.827600 0.118500 1.828000
v 0.823200 0.119100 1.811700
v 0.828900 0.117400 1.808900
v 0.823200 0.119100 1.811700
v 0.827600 0.118500 1.828000
v 0.827600 0.118500 1.828000
v 0.831300 0.115400 1.826900
v 0.828900 0.117400 1.808900
v 0.832500 0.114600 1.808100
v 0.828900 0.117400 1.808900
v 0.831300 0.115400 1.826900
v 0.831300 0.115400 1.826900
v 0.833200 0.110700 1.828300
v 0.832500 0.114600 1.808100
v 0.834400 0.109900 1.809200
v 0.832500 0.114600 1.808100
v 0.833200 0.110700 1.828300
v 0.833200 0.110700 1.828300
v 0.833900 0.105300 1.831300
v 0.834400 0.109900 1.809200
v 0.835100 0.104300 1.811800
v 0.834400 0.109900 1.809200
v 0.833900 0.105300 1.831300
v 0.686300 0.069500 1.883800
v 0.742800 0.067300 1.857000
v 0.683900 0.071400 1.961800
v 0.740400 0.069200 1.925900
v 0.683900 0.071400 1.961800
v 0.742800 0.067300 1.857000
v 0.833900 0.105300 1.831300
v 0.834600 0.091600 1.838400
v 0.835100 0.104300 1.811800
v 0.835800 0.090600 1.818800
v 0.835100 0.104300 1.811800
v 0.834600 0.091600 1.838400
v 0.834600 0.091600 1.838400
v 0.834600 0.077800 1.845500
v 0.835800 0.090600 1.818800
v 0.742800 0.067300 1.857000
v 0.792600 0.065200 1.832700
v 0.740400 0.069200 1.925900
v 0.790200 0.067100 1.889400
v 0.740400 0.069200 1.925900
v 0.792600 0.065200 1.832700
v 0.835600 0.076900 1.826500
v 0.835800 0.090600 1.818800
v 0.834600 0.077800 1.845500
v 0.792600 0.065200 1.832700
v 0.824800 0.063900 1.815900
v 0.790200 0.067100 1.889400
v 0.822400 0.065900 1.862500
v 0.790200 0.067100 1.889400
v 0.824800 0.063900 1.815900
v 0.834600 0.077800 1.845500
v 0.833700 0.072600 1.848800
v 0.835600 0.076900 1.826500
v 0.824800 0.063900 1.815900
v 0.829600 0.064700 1.812600
v 0.822400 0.065900 1.862500
v 0.827300 0.066600 1.857600
v 0.822400 0.065900 1.862500
v 0.829600 0.064700 1.812600
v 0.834700 0.071800 1.830900
v 0.835600 0.076900 1.826500
v 0.833700 0.072600 1.848800
v 0.829600 0.064700 1.812600
v 0.831200 0.068700 1.852900
v 0.827300 0.066600 1.857600
v 0.833700 0.072600 1.848800
v 0.831200 0.068700 1.852900
v 0.834700 0.071800 1.830900
v 0.832200 0.067900 1.834600
v 0.834700 0.071800 1.830900
v 0.831200 0.068700 1.852900
v 0.832200 0.067900 1.834600
v 0.831200 0.068700 1.852900
v 0.829600 0.064700 1.812600
v 0.833600 0.066700 1.808700
v 0.832200 0.067900 1.834600
v 0.829600 0.064700 1.812600
v 0.832200 0.067900 1.834600
v 0.833600 0.066700 1.808700
v 0.839000 0.070700 1.827400
v 0.836100 0.070600 1.805700
v 0.839000 0.070700 1.827400
v 0.833600 0.066700 1.808700
v 0.839000 0.070700 1.827400
v 0.836100 0.070600 1.805700
v 0.841900 0.075800 1.822100
v 0.837800 0.075900 1.802900
v 0.841900 0.075800 1.822100
v 0.836100 0.070600 1.805700
v 0.841900 0.075800 1.822100
v 0.837800 0.075900 1.802900
v 0.842900 0.090000 1.813400
v 0.838600 0.089600 1.797100
v 0.842900 0.090000 1.813400
v 0.837800 0.075900 1.802900
v 0.842900 0.090000 1.813400
v 0.838600 0.089600 1.797100
v 0.841800 0.107000 1.805100
v 0.838400 0.103700 1.792000
v 0.841800 0.107000 1.805100
v 0.838600 0.089600 1.797100
v 0.841800 0.107000 1.805100
v 0.838400 0.103700 1.792000
v 0.840600 0.113400 1.802500
v 0.838300 0.111700 1.789400
v 0.840600 0.113400 1.802500
v 0.838400 0.103700 1.792000
v 0.840600 0.113400 1.802500
v 0.838300 0.111700 1.789400
v 0.838500 0.117800 1.801800
v 0.836800 0.116500 1.788400
v 0.838500 0.117800 1.801800
v 0.838300 0.111700 1.789400
v 0.836800 0.116500 1.788400
v 0.832700 0.119000 1.789300
v 0.838500 0.117800 1.801800
v 0.834000 0.120700 1.803300
v 0.838500 0.117800 1.801800
v 0.832700 0.119000 1.789300
v 0.832700 0.119000 1.789300
v 0.827800 0.121400 1.790300
v 0.834000 0.120700 1.803300
v 0.827900 0.122200 1.806700
v 0.834000 0.120700 1.803300
v 0.827800 0.121400 1.790300
v 0.827900 0.122200 1.806700
v 0.787400 0.128100 1.827800
v 0.823200 0.119100 1.811700
v 0.787500 0.124600 1.830300
v 0.823200 0.119100 1.811700
v 0.787400 0.128100 1.827800
v 0.787400 0.128100 1.827800
v 0.735000 0.134000 1.850900
v 0.787500 0.124600 1.830300
v 0.735300 0.130700 1.853500
v 0.787500 0.124600 1.830300
v 0.735000 0.134000 1.850900
v 0.735000 0.134000 1.850900
v 0.677400 0.139200 1.872300
v 0.735300 0.130700 1.853500
v 0.677900 0.136000 1.875100
v 0.735300 0.130700 1.853500
v 0.677400 0.139200 1.872300
v 0.677400 0.139200 1.872300
v 0.619000 0.143400 1.891100
v 0.677900 0.136000 1.875100
v 0.619600 0.140500 1.893800
v 0.677900 0.136000 1.875100
v 0.619000 0.143400 1.891100
v 0.619000 0.143400 1.891100
v 0.566000 0.146500 1.906100
v 0.619600 0.140500 1.893800
v 0.566600 0.144000 1.908600
v 0.619600 0.140500 1.893800
v 0.566000 0.146500 1.906100
v 0.566000 0.146500 1.906100
v 0.512400 0.149000 1.919000
v 0.566600 0.144000 1.908600
v 0.513000 0.146500 1.921800
v 0.566600 0.144000 1.908600
v 0.512400 0.149000 1.919000
v 0.512400 0.149000 1.919000
v 0.458800 0.150800 1.928500
v 0.513000 0.146500 1.921800
v 0.458800 0.148200 1.931500
v 0.513000 0.146500 1.921800
v 0.458800 0.150800 1.928500
v 0.458800 0.150800 1.928500
v 0.447300 0.151000 1.928700
v 0.458800 0.148200 1.931500
v 0.447200 0.148200 1.931600
v 0.458800 0.148200 1.931500
v 0.447300 0.151000 1.928700
v 0.447300 0.151000 1.928700
v 0.436300 0.150000 1.929900
v 0.447200 0.148200 1.931600
v 0.439900 0.147400 1.932400
v 0.447200 0.148200 1.931600
v 0.436300 0.150000 1.929900
v 0.436300 0.150000 1.929900
v 0.431700 0.147800 1.932000
v 0.439900 0.147400 1.932400
v 0.434900 0.145100 1.934700
v 0.439900 0.147400 1.932400
v 0.431700 0.147800 1.932000
v 0.431700 0.147800 1.932000
v 0.430700 0.143500 1.935900
v 0.434900 0.145100 1.934700
v 0.433900 0.141400 1.937900
v 0.434900 0.145100 1.934700
v 0.430700 0.143500 1.935900
v 0.430700 0.143500 1.935900
v 0.433900 0.136400 1.941500
v 0.433900 0.141400 1.937900
v 0.435400 0.136200 1.942200
v 0.433900 0.141400 1.937900
v 0.433900 0.136400 1.941500
v 0.433900 0.136400 1.941500
v 0.440200 0.124400 1.951500
v 0.435400 0.136200 1.942200
v 0.442200 0.124200 1.952300
v 0.435400 0.136200 1.942200
v 0.440200 0.124400 1.951500
v 0.440200 0.124400 1.951500
v 0.449300 0.110600 1.961600
v 0.442200 0.124200 1.952300
v 0.450800 0.110700 1.962200
v 0.442200 0.124200 1.952300
v 0.449300 0.110600 1.961600
v 0.450800 0.110700 1.962200
v 0.449300 0.110600 1.961600
v 0.457200 0.101800 1.968400
v 0.821500 0.117200 1.832900
v 0.822400 0.115700 1.814000
v 0.826700 0.115900 1.829900
v 0.824400 0.114100 1.813600
v 0.826700 0.115900 1.829900
v 0.822400 0.115700 1.814000
v 0.824400 0.114100 1.813600
v 0.831200 0.110900 1.812700
v 0.826700 0.115900 1.829900
v 0.829600 0.113800 1.829100
v 0.826700 0.115900 1.829900
v 0.831200 0.110900 1.812700
v 0.831200 0.110900 1.812700
v 0.831800 0.108400 1.813300
v 0.829600 0.113800 1.829100
v 0.831100 0.109900 1.830100
v 0.829600 0.113800 1.829100
v 0.831800 0.108400 1.813300
v 0.831800 0.108400 1.813300
v 0.831700 0.105100 1.832400
v 0.831100 0.109900 1.830100
v 0.831800 0.108400 1.813300
v 0.833100 0.086800 1.824600
v 0.831700 0.105100 1.832400
v 0.832600 0.091700 1.839200
v 0.831700 0.105100 1.832400
v 0.833100 0.086800 1.824600
v 0.833100 0.086800 1.824600
v 0.832600 0.076400 1.831200
v 0.832600 0.091700 1.839200
v 0.832400 0.078200 1.846000
v 0.832600 0.091700 1.839200
v 0.832600 0.076400 1.831200
v 0.832600 0.076400 1.831200
v 0.831200 0.073200 1.834000
v 0.832400 0.078200 1.846000
v 0.831700 0.073800 1.849000
v 0.832400 0.078200 1.846000
v 0.831200 0.073200 1.834000
v 0.831200 0.073200 1.834000
v 0.828300 0.071500 1.837000
v 0.831700 0.073800 1.849000
v 0.829800 0.070800 1.852700
v 0.831700 0.073800 1.849000
v 0.828300 0.071500 1.837000
v 0.828300 0.071500 1.837000
v 0.824600 0.070700 1.840500
v 0.829800 0.070800 1.852700
v 0.826300 0.069200 1.856900
v 0.829800 0.070800 1.852700
v 0.824600 0.070700 1.840500
v 0.824600 0.070700 1.840500
v 0.819100 0.070500 1.844500
v 0.826300 0.069200 1.856900
v 0.822000 0.068800 1.861100
v 0.826300 0.069200 1.856900
v 0.819100 0.070500 1.844500
v 0.819100 0.070500 1.844500
v 0.792200 0.071300 1.862600
v 0.822000 0.068800 1.861100
v 0.791100 0.070100 1.887600
v 0.822000 0.068800 1.861100
v 0.792200 0.071300 1.862600
v 0.792200 0.071300 1.862600
v 0.741600 0.073100 1.892300
v 0.791100 0.070100 1.887600
v 0.740700 0.072200 1.924800
v 0.791100 0.070100 1.887600
v 0.741600 0.073100 1.892300
v 0.741600 0.073100 1.892300
v 0.684400 0.075000 1.922200
v 0.740700 0.072200 1.924800
v 0.683800 0.074400 1.961000
v 0.740700 0.072200 1.924800
v 0.684400 0.075000 1.922200
v 0.684400 0.075000 1.922200
v 0.624400 0.077100 1.949000
v 0.683800 0.074400 1.961000
v 0.623600 0.076600 1.994200
v 0.683800 0.074400 1.961000
v 0.624400 0.077100 1.949000
v 0.624400 0.077100 1.949000
v 0.574100 0.078900 1.968100
v 0.623600 0.076600 1.994200
v 0.573000 0.078200 2.017800
v 0.623600 0.076600 1.994200
v 0.574100 0.078900 1.968100
v 0.574100 0.078900 1.968100
v 0.526600 0.081400 1.981900
v 0.573000 0.078200 2.017800
v 0.524600 0.079900 2.036000
v 0.573000 0.078200 2.017800
v 0.526600 0.081400 1.981900
v 0.526600 0.081400 1.981900
v 0.514700 0.083100 1.984000
v 0.524600 0.079900 2.036000
v 0.507900 0.081300 2.040600
v 0.524600 0.079900 2.036000
v 0.514700 0.083100 1.984000
v 0.514700 0.083100 1.984000
v 0.504600 0.085500 1.984400
v 0.507900 0.081300 2.040600
v 0.494600 0.083400 2.042900
v 0.507900 0.081300 2.040600
v 0.504600 0.085500 1.984400
v 0.504600 0.085500 1.984400
v 0.495900 0.088600 1.983900
v 0.494600 0.083400 2.042900
v 0.482500 0.086900 2.043200
v 0.494600 0.083400 2.042900
v 0.495900 0.088600 1.983900
v 0.482500 0.086900 2.043200
v 0.495900 0.088600 1.983900
v 0.473100 0.091600 2.040900
v 0.487600 0.093100 1.981800
v 0.473100 0.091600 2.040900
v 0.495900 0.088600 1.983900
v 0.473100 0.091600 2.040900
v 0.487600 0.093100 1.981800
v 0.465400 0.097500 2.036400
v 0.481500 0.097800 1.978900
v 0.465400 0.097500 2.036400
v 0.487600 0.093100 1.981800
v 0.465400 0.097500 2.036400
v 0.481500 0.097800 1.978900
v 0.458000 0.105000 2.029300
v 0.475700 0.103400 1.974900
v 0.458000 0.105000 2.029300
v 0.481500 0.097800 1.978900
v 0.458000 0.105000 2.029300
v 0.475700 0.103400 1.974900
v 0.451800 0.113500 2.019900
v 0.469700 0.110700 1.969400
v 0.451800 0.113500 2.019900
v 0.475700 0.103400 1.974900
v 0.451800 0.113500 2.019900
v 0.469700 0.110700 1.969400
v 0.443600 0.126600 2.004300
v 0.462600 0.120900 1.960700
v 0.443600 0.126600 2.004300
v 0.469700 0.110700 1.969400
v 0.443600 0.126600 2.004300
v 0.462600 0.120900 1.960700
v 0.437400 0.137900 1.989600
v 0.455200 0.133100 1.949800
v 0.437400 0.137900 1.989600
v 0.462600 0.120900 1.960700
v 0.437400 0.137900 1.989600
v 0.455200 0.133100 1.949800
v 0.436300 0.141500 1.984000
v 0.452600 0.137500 1.945300
v 0.436300 0.141500 1.984000
v 0.455200 0.133100 1.949800
v 0.436300 0.141500 1.984000
v 0.452600 0.137500 1.945300
v 0.436900 0.144100 1.979900
v 0.451700 0.139700 1.943100
v 0.436900 0.144100 1.979900
v 0.452600 0.137500 1.945300
v 0.436900 0.144100 1.979900
v 0.451700 0.139700 1.943100
v 0.440700 0.145400 1.976600
v 0.451900 0.141600 1.940900
v 0.440700 0.145400 1.976600
v 0.451700 0.139700 1.943100
v 0.451900 0.141600 1.940900
v 0.447100 0.145900 1.973800
v 0.440700 0.145400 1.976600
v 0.447100 0.145900 1.973800
v 0.451900 0.141600 1.940900
v 0.458000 0.145900 1.970700
v 0.461900 0.141500 1.939900
v 0.458000 0.145900 1.970700
v 0.451900 0.141600 1.940900
v 0.463400 0.142700 1.938400
v 0.458000 0.145900 1.970700
v 0.461900 0.141500 1.939900
v 0.463400 0.142700 1.938400
v 0.514500 0.141900 1.926100
v 0.458000 0.145900 1.970700
v 0.512100 0.144200 1.957800
v 0.458000 0.145900 1.970700
v 0.514500 0.141900 1.926100
v 0.514500 0.141900 1.926100
v 0.568000 0.139400 1.911600
v 0.512100 0.144200 1.957800
v 0.565600 0.141700 1.943300
v 0.512100 0.144200 1.957800
v 0.568000 0.139400 1.911600
v 0.568000 0.139400 1.911600
v 0.621000 0.136200 1.895000
v 0.565600 0.141700 1.943300
v 0.618600 0.138200 1.926700
v 0.565600 0.141700 1.943300
v 0.621000 0.136200 1.895000
v 0.621000 0.136200 1.895000
v 0.679100 0.131800 1.874100
v 0.618600 0.138200 1.926700
v 0.676700 0.133800 1.905600
v 0.618600 0.138200 1.926700
v 0.679100 0.131800 1.874100
v 0.679100 0.131800 1.874100
v 0.735900 0.126500 1.851100
v 0.676700 0.133800 1.905600
v 0.734600 0.128400 1.880800
v 0.676700 0.133800 1.905600
v 0.735900 0.126500 1.851100
v 0.735900 0.126500 1.851100
v 0.791900 0.120000 1.826700
v 0.734600 0.128400 1.880800
v 0.785800 0.122500 1.854600
v 0.734600 0.128400 1.880800
v 0.791900 0.120000 1.826700
v 0.791900 0.120000 1.826700
v 0.822400 0.115700 1.814000
v 0.785800 0.122500 1.854600
v 0.821500 0.117200 1.832900
v 0.785800 0.122500 1.854600
v 0.822400 0.115700 1.814000
v 0.809700 0.121800 1.835800
v 0.810500 0.122700 1.829800
v 0.810900 0.121000 1.818000
v 0.810500 0.122700 1.829800
v 0.811200 0.122900 1.823900
v 0.810900 0.121000 1.818000
v 0.811200 0.122900 1.823900
v 0.812000 0.122700 1.816100
v 0.810900 0.121000 1.818000
v 0.462100 0.141500 1.928500
v 0.462600 0.139100 1.930700
v 0.463900 0.141900 1.926700
v 0.464400 0.139800 1.928900
v 0.463900 0.141900 1.926700
v 0.462600 0.139100 1.930700
v 0.462600 0.139100 1.930700
v 0.465000 0.134300 1.935300
v 0.464400 0.139800 1.928900
v 0.466600 0.135300 1.933500
v 0.464400 0.139800 1.928900
v 0.465000 0.134300 1.935300
v 0.465000 0.134300 1.935300
v 0.471200 0.124600 1.943400
v 0.466600 0.135300 1.933500
v 0.472800 0.125700 1.941600
v 0.466600 0.135300 1.933500
v 0.471200 0.124600 1.943400
v 0.471200 0.124600 1.943400
v 0.477500 0.115400 1.951500
v 0.472800 0.125700 1.941600
v 0.479100 0.116600 1.949700
v 0.472800 0.125700 1.941600
v 0.477500 0.115400 1.951500
v 0.477500 0.115400 1.951500
v 0.482500 0.109100 1.956600
v 0.479100 0.116600 1.949700
v 0.484000 0.110400 1.954800
v 0.479100 0.116600 1.949700
v 0.482500 0.109100 1.956600
v 0.482500 0.109100 1.956600
v 0.487300 0.104300 1.960200
v 0.484000 0.110400 1.954800
v 0.488600 0.105700 1.958400
v 0.484000 0.110400 1.954800
v 0.487300 0.104300 1.960200
v 0.487300 0.104300 1.960200
v 0.492600 0.100000 1.963100
v 0.488600 0.105700 1.958400
v 0.493800 0.101500 1.961300
v 0.488600 0.105700 1.958400
v 0.492600 0.100000 1.963100
v 0.492600 0.100000 1.963100
v 0.499600 0.095600 1.965500
v 0.493800 0.101500 1.961300
v 0.500500 0.097300 1.963700
v 0.493800 0.101500 1.961300
v 0.499600 0.095600 1.965500
v 0.499600 0.095600 1.965500
v 0.507400 0.092000 1.966500
v 0.500500 0.097300 1.963700
v 0.508100 0.093800 1.964700
v 0.500500 0.097300 1.963700
v 0.507400 0.092000 1.966500
v 0.507400 0.092000 1.966500
v 0.516400 0.089500 1.966300
v 0.508100 0.093800 1.964700
v 0.516800 0.091300 1.964400
v 0.508100 0.093800 1.964700
v 0.516400 0.089500 1.966300
v 0.516400 0.089500 1.966300
v 0.527600 0.087700 1.964900
v 0.516800 0.091300 1.964400
v 0.527800 0.089600 1.963100
v 0.516800 0.091300 1.964400
v 0.527600 0.087700 1.964900
v 0.527600 0.087700 1.964900
v 0.573700 0.085300 1.951800
v 0.527800 0.089600 1.963100
v 0.573800 0.087200 1.950000
v 0.527800 0.089600 1.963100
v 0.573700 0.085300 1.951800
v 0.573700 0.085300 1.951800
v 0.624400 0.083500 1.933300
v 0.573800 0.087200 1.950000
v 0.624500 0.085400 1.931500
v 0.573800 0.087200 1.950000
v 0.624400 0.083500 1.933300
v 0.624400 0.083500 1.933300
v 0.685100 0.081300 1.907300
v 0.624500 0.085400 1.931500
v 0.685200 0.083200 1.905500
v 0.624500 0.085400 1.931500
v 0.685100 0.081300 1.907300
v 0.685100 0.081300 1.907300
v 0.741600 0.079100 1.879500
v 0.685200 0.083200 1.905500
v 0.741600 0.081000 1.877700
v 0.685200 0.083200 1.905500
v 0.741600 0.079100 1.879500
v 0.741600 0.079100 1.879500
v 0.791800 0.077000 1.851300
v 0.741600 0.081000 1.877700
v 0.791800 0.078900 1.849500
v 0.741600 0.081000 1.877700
v 0.791800 0.077000 1.851300
v 0.791800 0.077000 1.851300
v 0.817700 0.075900 1.834600
v 0.791800 0.078900 1.849500
v 0.817600 0.077700 1.832800
v 0.791800 0.078900 1.849500
v 0.817700 0.075900 1.834600
v 0.817700 0.075900 1.834600
v 0.820200 0.076300 1.832700
v 0.817600 0.077700 1.832800
v 0.819700 0.078100 1.830900
v 0.817600 0.077700 1.832800
v 0.820200 0.076300 1.832700
v 0.820200 0.076300 1.832700
v 0.822300 0.077000 1.830800
v 0.819700 0.078100 1.830900
v 0.821300 0.078600 1.829000
v 0.819700 0.078100 1.830900
v 0.822300 0.077000 1.830800
v 0.822300 0.077000 1.830800
v 0.824300 0.079000 1.828000
v 0.821300 0.078600 1.829000
v 0.822700 0.080000 1.826300
v 0.821300 0.078600 1.829000
v 0.824300 0.079000 1.828000
v 0.824300 0.079000 1.828000
v 0.825400 0.081600 1.825500
v 0.822700 0.080000 1.826300
v 0.823500 0.082100 1.823800
v 0.822700 0.080000 1.826300
v 0.825400 0.081600 1.825500
v 0.825400 0.081600 1.825500
v 0.825700 0.089700 1.820200
v 0.823500 0.082100 1.823800
v 0.823800 0.089800 1.818500
v 0.823500 0.082100 1.823800
v 0.825700 0.089700 1.820200
v 0.825700 0.089700 1.820200
v 0.824700 0.108800 1.810900
v 0.823800 0.089800 1.818500
v 0.822800 0.108600 1.809200
v 0.823800 0.089800 1.818500
v 0.824700 0.108800 1.810900
v 0.824700 0.108800 1.810900
v 0.824600 0.111600 1.809600
v 0.822800 0.108600 1.809200
v 0.822700 0.111400 1.807900
v 0.822800 0.108600 1.809200
v 0.824600 0.111600 1.809600
v 0.824600 0.111600 1.809600
v 0.824100 0.114100 1.808700
v 0.822700 0.111400 1.807900
v 0.822200 0.113800 1.806900
v 0.822700 0.111400 1.807900
v 0.824100 0.114100 1.808700
v 0.676200 0.138300 1.873500
v 0.674800 0.138600 1.886100
v 0.676900 0.136000 1.875500
v 0.674800 0.138600 1.886100
v 0.673800 0.138200 1.893900
v 0.676900 0.136000 1.875500
v 0.676900 0.136000 1.875500
v 0.673800 0.138200 1.893900
v 0.672800 0.137000 1.903200
v 0.649100 0.140600 1.882000
v 0.647600 0.140800 1.895900
v 0.649800 0.137900 1.884000
v 0.647600 0.140800 1.895900
v 0.646700 0.140500 1.903900
v 0.649800 0.137900 1.884000
v 0.649800 0.137900 1.884000
v 0.646700 0.140500 1.903900
v 0.645700 0.139100 1.913300
v 0.493200 0.094600 1.979400
v 0.488700 0.093400 2.003000
v 0.491700 0.090700 1.982900
v 0.488700 0.093400 2.003000
v 0.485400 0.091700 2.020400
v 0.491700 0.090700 1.982900
v 0.491700 0.090700 1.982900
v 0.485400 0.091700 2.020400
v 0.480900 0.088300 2.038400
v 0.620400 0.080700 1.947000
v 0.618000 0.080400 1.965600
v 0.621000 0.077200 1.949900
v 0.618000 0.080400 1.965600
v 0.616300 0.079500 1.979000
v 0.621000 0.077200 1.949900
v 0.621000 0.077200 1.949900
v 0.616300 0.079500 1.979000
v 0.614300 0.076800 1.994000
v 0.622500 0.142600 1.890500
v 0.620900 0.143000 1.904100
v 0.623100 0.140000 1.892500
v 0.620900 0.143000 1.904100
v 0.619800 0.142600 1.912500
v 0.623100 0.140000 1.892500
v 0.623100 0.140000 1.892500
v 0.619800 0.142600 1.912500
v 0.618600 0.141200 1.922500
v 0.595600 0.144400 1.897900
v 0.594000 0.144800 1.912200
v 0.596200 0.141800 1.900300
v 0.594000 0.144800 1.912200
v 0.592900 0.144400 1.920800
v 0.596200 0.141800 1.900300
v 0.596200 0.141800 1.900300
v 0.592900 0.144400 1.920800
v 0.591700 0.143000 1.930900
v 0.568600 0.146100 1.905500
v 0.567000 0.146500 1.919800
v 0.569200 0.143500 1.907900
v 0.567000 0.146500 1.919800
v 0.565900 0.146100 1.928400
v 0.569200 0.143500 1.907900
v 0.569200 0.143500 1.907900
v 0.565900 0.146100 1.928400
v 0.564700 0.144700 1.938600
v 0.786000 0.075200 1.862800
v 0.784800 0.074500 1.873300
v 0.786400 0.071600 1.865800
v 0.784800 0.074500 1.873300
v 0.783700 0.073500 1.880700
v 0.786400 0.071600 1.865800
v 0.786400 0.071600 1.865800
v 0.783700 0.073500 1.880700
v 0.782700 0.070500 1.889800
v 0.593500 0.081500 1.957200
v 0.591000 0.081300 1.976600
v 0.594200 0.078100 1.960200
v 0.591000 0.081300 1.976600
v 0.589100 0.080500 1.990900
v 0.594200 0.078100 1.960200
v 0.594200 0.078100 1.960200
v 0.589100 0.080500 1.990900
v 0.587000 0.077900 2.006900
v 0.477000 0.108200 1.970200
v 0.469700 0.106100 2.001700
v 0.474500 0.105000 1.973700
v 0.469700 0.106100 2.001700
v 0.465300 0.104400 2.017500
v 0.474500 0.105000 1.973700
v 0.474500 0.105000 1.973700
v 0.465300 0.104400 2.017500
v 0.461700 0.102300 2.027800
v 0.674600 0.079000 1.923100
v 0.672500 0.078700 1.939200
v 0.675200 0.075500 1.925600
v 0.672500 0.078700 1.939200
v 0.671200 0.077800 1.951100
v 0.675200 0.075500 1.925600
v 0.675200 0.075500 1.925600
v 0.671200 0.077800 1.951100
v 0.669600 0.075100 1.964500
v 0.541800 0.147200 1.912100
v 0.540200 0.147600 1.927100
v 0.542400 0.144600 1.914500
v 0.540200 0.147600 1.927100
v 0.539100 0.147200 1.935700
v 0.542400 0.144600 1.914500
v 0.542400 0.144600 1.914500
v 0.539100 0.147200 1.935700
v 0.537900 0.145800 1.945900
v 0.515000 0.148400 1.919000
v 0.513400 0.148800 1.933900
v 0.515600 0.145800 1.921400
v 0.513400 0.148800 1.933900
v 0.512400 0.148400 1.942600
v 0.515600 0.145800 1.921400
v 0.515600 0.145800 1.921400
v 0.512400 0.148400 1.942600
v 0.511200 0.147000 1.952700
v 0.488100 0.149500 1.923900
v 0.486500 0.149900 1.938800
v 0.488700 0.146900 1.926300
v 0.486500 0.149900 1.938800
v 0.485500 0.149500 1.947400
v 0.488700 0.146900 1.926300
v 0.488700 0.146900 1.926300
v 0.485500 0.149500 1.947400
v 0.484300 0.148000 1.957600
v 0.566600 0.082600 1.966600
v 0.564200 0.082400 1.986300
v 0.567400 0.079200 1.970000
v 0.564200 0.082400 1.986300
v 0.562300 0.081500 2.001100
v 0.567400 0.079200 1.970000
v 0.567400 0.079200 1.970000
v 0.562300 0.081500 2.001100
v 0.560200 0.078800 2.017800
v 0.465700 0.124300 1.956800
v 0.458200 0.122400 1.984500
v 0.462400 0.121300 1.960400
v 0.458200 0.122400 1.984500
v 0.453800 0.121100 1.998800
v 0.462400 0.121300 1.960400
v 0.462400 0.121300 1.960400
v 0.453800 0.121100 1.998800
v 0.449500 0.119100 2.009200
v 0.461600 0.150500 1.928200
v 0.460000 0.150800 1.943100
v 0.462200 0.147900 1.930500
v 0.460000 0.150800 1.943100
v 0.458900 0.150300 1.951700
v 0.462200 0.147900 1.930500
v 0.462200 0.147900 1.930500
v 0.458900 0.150300 1.951700
v 0.457800 0.148800 1.961900
v 0.730100 0.077100 1.895200
v 0.728300 0.076700 1.909000
v 0.730700 0.073600 1.897500
v 0.728300 0.076700 1.909000
v 0.727200 0.075700 1.918900
v 0.730700 0.073600 1.897500
v 0.730700 0.073600 1.897500
v 0.727200 0.075700 1.918900
v 0.725800 0.072900 1.929900
v 0.757900 0.075900 1.879500
v 0.756300 0.075500 1.892200
v 0.758600 0.072400 1.882100
v 0.756300 0.075500 1.892200
v 0.755300 0.074500 1.900900
v 0.758600 0.072400 1.882100
v 0.758600 0.072400 1.882100
v 0.755300 0.074500 1.900900
v 0.754100 0.071700 1.910700
v 0.703800 0.135900 1.863200
v 0.702300 0.136200 1.875400
v 0.704500 0.133500 1.865000
v 0.702300 0.136200 1.875400
v 0.701400 0.135800 1.883100
v 0.704500 0.133500 1.865000
v 0.704500 0.133500 1.865000
v 0.701400 0.135800 1.883100
v 0.700400 0.134500 1.892200
v 0.540200 0.083900 1.974500
v 0.537600 0.083500 1.995500
v 0.541000 0.080400 1.977500
v 0.537600 0.083500 1.995500
v 0.535500 0.082500 2.011600
v 0.541000 0.080400 1.977500
v 0.541000 0.080400 1.977500
v 0.535500 0.082500 2.011600
v 0.533200 0.079800 2.029600
v 0.647500 0.079900 1.934900
v 0.645300 0.079600 1.953200
v 0.648100 0.076500 1.937600
v 0.645300 0.079600 1.953200
v 0.643800 0.078700 1.965800
v 0.648100 0.076500 1.937600
v 0.648100 0.076500 1.937600
v 0.643800 0.078700 1.965800
v 0.642000 0.076000 1.980000
v 0.702500 0.077900 1.909500
v 0.700500 0.077500 1.924700
v 0.703100 0.074400 1.912000
v 0.700500 0.077500 1.924700
v 0.699100 0.076600 1.935700
v 0.703100 0.074400 1.912000
v 0.703100 0.074400 1.912000
v 0.699100 0.076600 1.935700
v 0.697600 0.074000 1.948000
v 0.785800 0.126500 1.829700
v 0.784700 0.126800 1.839200
v 0.786600 0.124500 1.830700
v 0.784700 0.126800 1.839200
v 0.784000 0.126600 1.845700
v 0.786600 0.124500 1.830700
v 0.786600 0.124500 1.830700
v 0.784000 0.126600 1.845700
v 0.783300 0.125600 1.852900
v 0.823200 0.119100 1.811700
v 0.828900 0.117400 1.808900
v 0.827900 0.122200 1.806700
v 0.834000 0.120700 1.803300
v 0.827900 0.122200 1.806700
v 0.828900 0.117400 1.808900
v 0.828900 0.117400 1.808900
v 0.832500 0.114600 1.808100
v 0.834000 0.120700 1.803300
v 0.838500 0.117800 1.801800
v 0.834000 0.120700 1.803300
v 0.832500 0.114600 1.808100
v 0.832500 0.114600 1.808100
v 0.834400 0.109900 1.809200
v 0.838500 0.117800 1.801800
v 0.840600 0.113400 1.802500
v 0.838500 0.117800 1.801800
v 0.834400 0.109900 1.809200
v 0.834400 0.109900 1.809200
v 0.835100 0.104300 1.811800
v 0.840600 0.113400 1.802500
v 0.841800 0.107000 1.805100
v 0.840600 0.113400 1.802500
v 0.835100 0.104300 1.811800
v 0.835100 0.104300 1.811800
v 0.835800 0.090600 1.818800
v 0.841800 0.107000 1.805100
v 0.842900 0.090000 1.813400
v 0.841800 0.107000 1.805100
v 0.835800 0.090600 1.818800
v 0.835800 0.090600 1.818800
v 0.835600 0.076900 1.826500
v 0.842900 0.090000 1.813400
v 0.841900 0.075800 1.822100
v 0.842900 0.090000 1.813400
v 0.835600 0.076900 1.826500
v 0.835600 0.076900 1.826500
v 0.834700 0.071800 1.830900
v 0.841900 0.075800 1.822100
v 0.839000 0.070700 1.827400
v 0.841900 0.075800 1.822100
v 0.834700 0.071800 1.830900
v 0.834700 0.071800 1.830900
v 0.832200 0.067900 1.834600
v 0.839000 0.070700 1.827400
v 0.814100 0.074200 1.844700
v 0.813100 0.073400 1.854000
v 0.814600 0.070600 1.847300
v 0.813100 0.073400 1.854000
v 0.812200 0.071900 1.860800
v 0.814600 0.070600 1.847300
v 0.814600 0.070600 1.847300
v 0.812200 0.071900 1.860800
v 0.811600 0.069400 1.867000
v 0.514400 0.086900 1.980100
v 0.511300 0.086400 2.002500
v 0.513900 0.083300 1.983600
v 0.511300 0.086400 2.002500
v 0.508800 0.084800 2.020100
v 0.513900 0.083300 1.983600
v 0.513900 0.083300 1.983600
v 0.508800 0.084800 2.020100
v 0.506200 0.081900 2.035700
v 0.758400 0.130100 1.841300
v 0.757300 0.130400 1.851700
v 0.759200 0.127800 1.842600
v 0.757300 0.130400 1.851700
v 0.756600 0.130000 1.858900
v 0.759200 0.127800 1.842600
v 0.759200 0.127800 1.842600
v 0.756600 0.130000 1.858900
v 0.755900 0.128800 1.866400
v 0.731600 0.133100 1.853000
v 0.730100 0.133400 1.864100
v 0.732300 0.130800 1.854300
v 0.730100 0.133400 1.864100
v 0.729100 0.133000 1.871400
v 0.732300 0.130800 1.854300
v 0.732300 0.130800 1.854300
v 0.729100 0.133000 1.871400
v 0.728000 0.131800 1.880000
v 0.813600 0.122500 1.815200
v 0.812700 0.122700 1.823800
v 0.814400 0.120500 1.816200
v 0.812700 0.122700 1.823800
v 0.812000 0.122400 1.829200
v 0.814400 0.120500 1.816200
v 0.814400 0.120500 1.816200
v 0.812000 0.122400 1.829200
v 0.811400 0.121500 1.834600
v 0.462100 0.141500 1.928500
v 0.463900 0.141900 1.926700
v 0.478800 0.141500 1.899300
v 0.823100 0.114100 1.792100
v 0.822200 0.113800 1.806900
v 0.824100 0.114100 1.808700
vn -0.1651 0.9862 0.0099
vn -0.4455 0.8583 -0.2548
vn 0.9632 0.2264 0.1447
vn 0.9463 0.2989 0.1234
vn 0.9595 0.2434 0.1416
vn 0.9356 0.3347 0.1124
vn 0.9595 0.2435 0.1416
vn 0.9462 0.2990 0.1234
vn 0.9095 0.4067 0.0857
vn 0.9650 0.2131 0.1532
vn 0.9515 0.2747 0.1384
vn 0.9600 0.2371 0.1491
vn 0.9433 0.3052 0.1308
vn 0.9300 0.3488 0.1163
vn 0.9681 0.2172 0.1251
vn 0.9480 0.2996 0.1073
vn 0.9576 0.2633 0.1172
vn 0.9480 0.2997 0.1073
vn 0.9353 0.3400 0.0981
vn 0.9576 0.2634 0.1172
vn 0.9246 0.3708 0.0871
vn 0.9829 -0.1167 0.1421
vn 0.9891 -0.0462 0.1396
vn 0.9878 -0.0671 0.1408
vn 0.9904 -0.0109 0.1380
vn 0.9906 -0.0044 0.1370
vn 0.9747 0.1581 0.1581
vn 0.9737 0.1739 0.1473
vn 0.9759 0.1491 0.1591
vn 0.9730 0.1819 0.1418
vn 0.9669 0.2233 0.1232
vn 0.6470 0.3032 0.6996
vn 0.6196 0.3654 0.6947
vn 0.6486 0.2621 0.7145
vn 0.6470 0.3033 0.6996
vn 0.5919 0.4103 0.6938
vn 0.5687 0.4263 0.7034
vn 0.5687 0.4263 0.7035
vn 0.5755 0.3936 0.7168
vn 0.5756 0.3936 0.7168
vn 0.5730 0.3934 0.7190
vn 0.5687 0.4262 0.7035
vn 0.5731 0.3933 0.7189
vn 0.5682 0.3953 0.7217
vn 0.5681 0.3953 0.7218
vn 0.5603 0.4015 0.7245
vn 0.5617 0.3975 0.7256
vn 0.5596 0.3963 0.7279
vn 0.5504 0.4082 0.7283
vn 0.5504 0.4083 0.7283
vn 0.5320 0.4293 0.7298
vn 0.5188 0.4450 0.7300
vn 0.5093 0.4460 0.7360
vn 0.5187 0.4449 0.7300
vn 0.4910 0.4621 0.7385
vn 0.4705 0.4898 0.7340
vn 0.5092 0.4460 0.7360
vn 0.9566 0.2611 0.1293
vn 0.9327 0.3430 0.1110
vn 0.9434 0.3092 0.1202
vn 0.9327 0.3431 0.1110
vn 0.9181 0.3831 0.1016
vn 0.9434 0.3093 0.1202
vn 0.9078 0.4092 0.0922
vn 0.9770 0.1504 0.1509
vn 0.9667 0.2129 0.1418
vn 0.9709 0.1898 0.1462
vn 0.9601 0.2439 0.1370
vn 0.9568 0.2588 0.1327
vn 0.9852 0.0945 0.1429
vn 0.9726 0.1921 0.1313
vn 0.9782 0.1558 0.1370
vn 0.9626 0.2402 0.1251
vn 0.9725 0.1921 0.1313
vn 0.9572 0.2638 0.1194
vn 0.9626 0.2402 0.1250
vn 0.9768 0.1547 0.1480
vn 0.9614 0.2386 0.1372
vn 0.9697 0.1974 0.1442
vn 0.9510 0.2799 0.1314
vn 0.9396 0.3197 0.1224
vn 0.9658 0.2197 0.1375
vn 0.9501 0.2867 0.1233
vn 0.9581 0.2542 0.1318
vn 0.9404 0.3197 0.1159
vn 0.9305 0.3507 0.1058
vn 0.9404 0.3198 0.1159
vn 0.9789 0.1308 0.1572
vn 0.9641 0.2245 0.1421
vn 0.9698 0.1936 0.1486
vn 0.9640 0.2246 0.1421
vn 0.9533 0.2707 0.1340
vn 0.9698 0.1937 0.1486
vn 0.9497 0.2855 0.1286
vn 0.9834 0.1011 0.1509
vn 0.9695 0.2022 0.1388
vn 0.9739 0.1773 0.1419
vn 0.9587 0.2518 0.1322
vn 0.9739 0.1774 0.1419
vn 0.9588 0.2513 0.1323
vn 0.9750 0.1791 0.1315
vn 0.9693 0.2141 0.1208
vn 0.9766 0.1688 0.1329
vn 0.9693 0.2142 0.1208
vn 0.9659 0.2316 0.1154
vn 0.9480 0.3034 0.0957
vn 0.9659 0.2316 0.1153
vn 0.6944 -0.7033 0.1519
vn 0.7189 -0.6774 0.1558
vn 0.7006 -0.6969 0.1533
vn 0.7308 -0.6641 0.1577
vn 0.7541 -0.6369 0.1605
vn 0.9762 0.1584 0.1484
vn 0.9587 0.2502 0.1350
vn 0.9680 0.2059 0.1435
vn 0.9468 0.2953 0.1279
vn 0.9680 0.2060 0.1435
vn 0.9342 0.3370 0.1172
vn 0.9832 0.1237 0.1339
vn 0.9705 0.2111 0.1170
vn 0.9782 0.1632 0.1282
vn 0.9704 0.2111 0.1170
vn 0.9611 0.2542 0.1082
vn 0.9782 0.1633 0.1282
vn 0.9477 0.3051 0.0936
vn 0.9611 0.2542 0.1081
vn 0.9836 0.1210 0.1336
vn 0.9704 0.2118 0.1165
vn 0.9781 0.1642 0.1275
vn 0.9606 0.2565 0.1075
vn 0.9781 0.1643 0.1275
vn 0.9605 0.2565 0.1075
vn 0.9804 0.1434 0.1350
vn 0.9716 0.2034 0.1206
vn 0.9793 0.1519 0.1338
vn 0.9716 0.2034 0.1205
vn 0.9658 0.2332 0.1131
vn 0.9793 0.1520 0.1338
vn 0.9479 0.3046 0.0930
vn 0.9817 0.1260 0.1426
vn 0.9666 0.2194 0.1327
vn 0.9705 0.2005 0.1341
vn 0.9557 0.2654 0.1273
vn 0.9577 0.2568 0.1297
vn 0.9557 0.2653 0.1273
vn 0.7961 -0.5838 0.1592
vn 0.8181 -0.5518 0.1619
vn 0.7970 -0.5826 0.1594
vn 0.8286 -0.5355 0.1631
vn 0.7969 -0.5827 0.1594
vn 0.8570 -0.4879 0.1661
vn 0.8287 -0.5355 0.1631
vn 0.9783 0.1417 0.1514
vn 0.9635 0.2287 0.1394
vn 0.9708 0.1902 0.1464
vn 0.9532 0.2716 0.1330
vn 0.9708 0.1903 0.1464
vn 0.9634 0.2288 0.1394
vn 0.9443 0.3045 0.1248
vn 0.9757 0.1522 0.1574
vn 0.9756 0.1619 0.1482
vn 0.9776 0.1368 0.1597
vn 0.9755 0.1668 0.1436
vn 0.9693 0.2118 0.1249
vn 0.9775 0.1603 0.1370
vn 0.9681 0.2186 0.1228
vn 0.9756 0.1731 0.1351
vn 0.9620 0.2475 0.1155
vn 0.9464 0.3081 0.0973
vn 0.9782 0.1554 0.1378
vn 0.9684 0.2169 0.1230
vn 0.9760 0.1706 0.1355
vn 0.9684 0.2170 0.1230
vn 0.9463 0.3082 0.0973
vn 0.9767 0.1628 0.1400
vn 0.9681 0.2162 0.1266
vn 0.9749 0.1746 0.1382
vn 0.9627 0.2427 0.1198
vn 0.9749 0.1747 0.1381
vn 0.9681 0.2163 0.1266
vn 0.9490 0.2981 0.1029
vn 0.9627 0.2428 0.1198
vn 0.9828 0.1069 0.1503
vn 0.9695 0.2020 0.1388
vn 0.9752 0.1680 0.1442
vn 0.9594 0.2489 0.1326
vn 0.9546 0.2693 0.1275
vn 0.9220 -0.3507 0.1642
vn 0.9545 -0.2458 0.1686
vn 0.9508 -0.2611 0.1667
vn 0.9546 -0.2457 0.1686
vn 0.9665 -0.1921 0.1701
vn 0.9613 -0.2151 0.1724
vn 0.9764 0.1725 0.1296
vn 0.9624 0.2460 0.1150
vn 0.9698 0.2102 0.1236
vn 0.9533 0.2823 0.1074
vn 0.9435 0.3166 0.0973
vn 0.9625 0.2359 0.1339
vn 0.9533 0.2764 0.1215
vn 0.9634 0.2317 0.1346
vn 0.9481 0.2965 0.1151
vn 0.9533 0.2765 0.1214
vn 0.9266 0.3640 0.0943
vn -0.6807 0.1399 0.7191
vn -0.6924 0.1498 0.7058
vn -0.6736 0.1936 0.7133
vn -0.6608 0.2437 0.7099
vn -0.6608 0.2438 0.7099
vn -0.6736 0.1937 0.7133
vn -0.6531 0.3023 0.6944
vn -0.6431 0.3077 0.7012
vn -0.6178 0.3695 0.6941
vn -0.5702 0.4288 0.7007
vn -0.6178 0.3696 0.6941
vn -0.4669 0.5915 0.6574
vn -0.3529 0.6728 0.6503
vn -0.3528 0.6729 0.6502
vn -0.1657 0.8049 0.5698
vn -0.0300 0.8041 0.5938
vn -0.3528 0.6728 0.6502
vn -0.0300 0.8041 0.5937
vn -0.1657 0.8050 0.5697
vn 0.0144 0.9242 0.3817
vn 0.1690 0.8227 0.5428
vn 0.2635 0.7637 0.5894
vn 0.2636 0.7637 0.5893
vn 0.3603 0.7357 0.5735
vn 0.3603 0.7357 0.5736
vn 0.3696 0.6932 0.6188
vn 0.2636 0.7637 0.5894
vn 0.3696 0.6931 0.6188
vn 0.3603 0.7356 0.5736
vn 0.4060 0.6718 0.6196
vn 0.4210 0.6433 0.6395
vn 0.4268 0.6319 0.6469
vn 0.4153 0.6256 0.6604
vn 0.4210 0.6432 0.6396
vn 0.4153 0.6257 0.6604
vn 0.3865 0.6343 0.6695
vn 0.3738 0.6345 0.6765
vn 0.4152 0.6257 0.6604
vn 0.3476 0.6385 0.6867
vn 0.3476 0.6385 0.6866
vn 0.3350 0.6387 0.6927
vn 0.3077 0.6458 0.6988
vn 0.3076 0.6458 0.6988
vn 0.2939 0.6492 0.7016
vn 0.2658 0.6556 0.7068
vn 0.2518 0.6563 0.7112
vn 0.2659 0.6556 0.7068
vn 0.2212 0.6606 0.7174
vn 0.2081 0.6703 0.7123
vn 0.2023 0.6801 0.7047
vn 0.2055 0.6764 0.7073
vn 0.2023 0.6801 0.7046
vn 0.2075 0.6634 0.7189
vn 0.2075 0.6634 0.7190
vn 0.2039 0.6538 0.7287
vn 0.1930 0.6609 0.7252
vn 0.1890 0.6729 0.7152
vn 0.1770 0.6861 0.7056
vn 0.1866 0.6951 0.6943
vn 0.1848 0.7013 0.6885
vn 0.1847 0.7013 0.6886
vn 0.1933 0.7051 0.6823
vn 0.1938 0.7081 0.6791
vn 0.1938 0.7081 0.6790
vn 0.2039 0.7103 0.6738
vn 0.2039 0.7103 0.6737
vn 0.2036 0.7159 0.6678
vn 0.2148 0.7214 0.6584
vn 0.2147 0.7214 0.6584
vn 0.2250 0.7218 0.6545
vn 0.4007 0.7394 0.5411
vn 0.2512 0.7182 0.6489
vn 0.2148 0.7214 0.6583
vn 0.3569 0.7346 0.5770
vn 0.4240 0.7305 0.5353
vn 0.2750 0.7328 0.6224
vn 0.2749 0.7328 0.6224
vn 0.2931 0.7346 0.6119
vn 0.4677 0.7100 0.5265
vn 0.3701 0.7030 0.6073
vn 0.5179 0.6608 0.5432
vn 0.5863 0.6260 0.5141
vn 0.4602 0.6501 0.6046
vn -0.9109 0.4025 -0.0910
vn -0.8914 0.4427 -0.0972
vn -0.8834 0.4572 -0.1023
vn -0.9233 0.3744 -0.0852
vn -0.8914 0.4428 -0.0972
vn -0.9109 0.4024 -0.0910
vn -0.9444 0.3194 -0.0780
vn -0.9234 0.3744 -0.0852
vn -0.1383 -0.9896 0.0384
vn -0.1539 -0.9855 0.0709
vn -0.0977 -0.9927 0.0701
vn -0.0977 -0.9927 0.0700
vn -0.1061 -0.9935 0.0416
vn -0.1384 -0.9896 0.0384
vn -0.0780 -0.9949 0.0642
vn -0.0912 -0.9953 0.0313
vn -0.0911 -0.9953 0.0314
vn -0.0634 -0.9962 0.0593
vn -0.0730 -0.9969 0.0301
vn -0.0519 -0.9969 0.0591
vn -0.0586 -0.9978 0.0315
vn -0.0377 -0.9971 0.0664
vn -0.0378 -0.9971 0.0663
vn -0.0436 -0.9984 0.0350
vn -0.0232 -0.9972 0.0706
vn -0.0240 -0.9992 0.0334
vn -0.0231 -0.9972 0.0706
vn 0.0092 -0.9937 0.1121
vn 0.0536 -0.9965 0.0635
vn -0.0239 -0.9992 0.0334
vn 0.6804 -0.7261 0.0995
vn 0.7174 -0.6743 0.1751
vn 0.7207 -0.6676 0.1866
vn 0.0615 -0.9879 0.1421
vn 0.0043 -0.9899 0.1420
vn 0.0092 -0.9936 0.1122
vn 0.0900 -0.9858 0.1420
vn 0.3492 -0.9069 0.2358
vn 0.0901 -0.9858 0.1420
vn 0.8778 0.3994 0.2644
vn 0.9381 0.2155 0.2714
vn 0.5374 -0.7843 0.3099
vn 0.8043 0.5261 0.2762
vn 0.8778 0.3995 0.2644
vn 0.8412 0.4529 0.2953
vn 0.8413 0.4528 0.2953
vn 0.7903 0.5454 0.2794
vn 0.8044 0.5260 0.2762
vn 0.7240 0.6453 0.2436
vn 0.7902 0.5454 0.2794
vn 0.7902 0.5454 0.2793
vn 0.7214 0.6498 0.2393
vn 0.7241 0.6453 0.2436
vn 0.7094 0.6673 0.2269
vn 0.7024 0.6783 0.2157
vn 0.6929 0.6899 0.2095
vn 0.6830 0.7017 0.2028
vn 0.6567 0.7291 0.1927
vn 0.6929 0.6900 0.2094
vn 0.6352 0.7501 0.1842
vn 0.5950 0.7853 0.1712
vn 0.6567 0.7291 0.1926
vn 0.5702 0.8052 0.1631
vn 0.5949 0.7853 0.1712
vn 0.5152 0.8441 0.1487
vn 0.4707 0.8718 0.1359
vn 0.3698 0.9227 0.1086
vn 0.3505 0.9305 0.1059
vn 0.3699 0.9227 0.1086
vn 0.3505 0.9306 0.1059
vn 0.2590 0.9624 0.0816
vn 0.2437 0.9673 0.0711
vn 0.2436 0.9673 0.0711
vn 0.1652 0.9847 0.0554
vn 0.1652 0.9847 0.0553
vn 0.1587 0.9863 0.0450
vn 0.1651 0.9847 0.0553
vn 0.0962 0.9947 0.0351
vn 0.0835 0.9962 0.0259
vn 0.0472 0.9987 0.0199
vn 0.0452 0.9989 0.0140
vn 0.0406 0.9991 0.0129
vn 0.0406 0.9991 0.0128
vn 0.0418 0.9990 0.0132
vn 0.0453 0.9989 0.0140
vn 0.0447 0.9989 0.0147
vn 0.0464 0.9987 0.0204
vn 0.0465 0.9987 0.0204
vn 0.0535 0.9983 0.0248
vn 0.0535 0.9983 0.0249
vn 0.0589 0.9976 0.0364
vn 0.0589 0.9976 0.0363
vn 0.0715 0.9965 0.0439
vn 0.0796 0.9948 0.0629
vn 0.0797 0.9948 0.0628
vn 0.0599 0.9950 0.0796
vn 0.0599 0.9950 0.0797
vn 0.0405 0.9949 0.0918
vn -0.0874 0.9908 0.1032
vn -0.1421 0.9858 0.0889
vn -0.1422 0.9858 0.0889
vn -0.0875 0.9908 0.1032
vn -0.2259 0.9701 0.0883
vn -0.3446 0.9385 0.0215
vn -0.6601 0.7499 0.0433
vn -0.7787 0.6190 0.1020
vn -0.8100 0.5851 0.0394
vn -0.6601 0.7500 0.0433
vn -0.5186 0.8548 -0.0169
vn -0.5084 0.8596 0.0504
vn -0.9633 0.2678 -0.0153
vn -0.9100 0.4094 0.0660
vn -0.9832 0.1822 -0.0151
vn -0.9906 0.1311 -0.0379
vn -0.9907 0.1310 -0.0379
vn -0.9832 0.1821 -0.0151
vn -0.9997 -0.0143 -0.0220
vn -0.9989 -0.0398 -0.0229
vn -0.9955 -0.0929 -0.0189
vn -0.9955 -0.0929 -0.0187
vn -0.9786 -0.2042 -0.0262
vn -0.9679 -0.2507 -0.0179
vn -0.9786 -0.2043 -0.0262
vn -0.9955 -0.0930 -0.0187
vn -0.9525 -0.3032 -0.0290
vn -0.9683 -0.2447 -0.0512
vn -0.4881 -0.8640 0.1235
vn -0.5679 -0.8183 0.0893
vn -0.4499 -0.8846 0.1230
vn -0.5435 -0.8304 0.1227
vn -0.4880 -0.8641 0.1235
vn -0.5418 -0.8375 0.0715
vn -0.5436 -0.8304 0.1227
vn -0.4499 -0.8845 0.1230
vn -0.3401 -0.9389 0.0532
vn -0.3687 0.3379 0.8659
vn -0.3668 0.3633 0.8564
vn -0.3444 0.3851 0.8562
vn -0.3118 0.4485 0.8376
vn -0.2924 0.4880 0.8224
vn -0.2924 0.4881 0.8224
vn -0.2886 0.5316 0.7963
vn -0.2404 0.5516 0.7987
vn -0.1502 0.6036 0.7830
vn -0.1501 0.6036 0.7830
vn -0.0694 0.6401 0.7651
vn -0.0693 0.6401 0.7651
vn -0.0283 0.6816 0.7312
vn -0.0165 0.6924 0.7214
vn -0.0693 0.6402 0.7651
vn 0.0004 0.6981 0.7160
vn 0.0039 0.7022 0.7120
vn 0.0063 0.7113 0.7029
vn 0.0064 0.7113 0.7029
vn 0.0136 0.7316 0.6816
vn 0.0136 0.7316 0.6817
vn 0.0063 0.7112 0.7029
vn 0.0568 0.7425 0.6674
vn 0.0568 0.7426 0.6674
vn 0.1012 0.7535 0.6496
vn 0.1013 0.7535 0.6496
vn 0.1565 0.7515 0.6409
vn 0.1564 0.7515 0.6409
vn 0.1749 0.7411 0.6482
vn 0.2056 0.7283 0.6537
vn 0.2203 0.7068 0.6723
vn 0.2454 0.6964 0.6744
vn 0.2594 0.6771 0.6887
vn 0.2203 0.7067 0.6723
vn 0.2593 0.6771 0.6887
vn 0.2875 0.6651 0.6891
vn 0.2875 0.6651 0.6892
vn 0.3060 0.6379 0.7067
vn 0.2876 0.6651 0.6892
vn 0.3430 0.6165 0.7087
vn 0.3664 0.5801 0.7275
vn 0.4099 0.5544 0.7243
vn 0.4340 0.5224 0.7340
vn 0.4341 0.5224 0.7339
vn 0.2441 0.9662 -0.0826
vn 0.1402 0.9884 -0.0576
vn 0.3780 0.9184 -0.1166
vn 0.4678 0.8714 -0.1478
vn 0.2442 0.9662 -0.0826
vn 0.4957 0.8558 -0.1478
vn 0.4915 0.8586 -0.1457
vn 0.9614 0.2102 -0.1773
vn 0.9524 0.2671 -0.1467
vn 0.9265 0.3315 -0.1780
vn 0.9265 0.3316 -0.1781
vn 0.9652 0.1439 -0.2185
vn 0.9614 0.2102 -0.1774
vn 0.9746 -0.0139 -0.2235
vn 0.9615 0.2101 -0.1774
vn 0.9652 0.1438 -0.2185
vn 0.9675 -0.0202 -0.2520
vn 0.9746 -0.0138 -0.2235
vn 0.9645 -0.0977 -0.2453
vn 0.9618 -0.1388 -0.2361
vn 0.9436 -0.2500 -0.2173
vn 0.9041 -0.3915 -0.1712
vn 0.8423 -0.5217 -0.1356
vn 0.9435 -0.2500 -0.2173
vn 0.9041 -0.3916 -0.1712
vn 0.8061 -0.5824 -0.1050
vn 0.8423 -0.5218 -0.1355
vn 0.5934 -0.8049 0.0096
vn 0.7044 -0.7081 -0.0498
vn 0.6390 -0.7690 -0.0200
vn 0.4810 -0.8743 0.0659
vn 0.5933 -0.8049 0.0096
vn 0.3905 -0.9186 0.0605
vn 0.5946 -0.8011 0.0686
vn 0.6538 -0.7537 0.0676
vn 0.7177 -0.6929 0.0691
vn 0.7114 -0.6993 0.0695
vn 0.9256 -0.3724 0.0678
vn 0.9658 -0.2511 0.0642
vn 0.7783 -0.6241 0.0693
vn 0.3672 -0.9283 0.0579
vn 0.3905 -0.9186 0.0606
vn 0.9256 -0.3723 0.0678
vn 0.9951 -0.0808 0.0572
vn 0.3904 -0.9186 0.0605
vn 0.3671 -0.9284 0.0580
vn 0.1302 -0.9903 0.0490
vn 0.0584 -0.9974 0.0427
vn 0.3904 -0.9187 0.0605
vn 0.9979 -0.0298 0.0568
vn 0.0583 -0.9974 0.0427
vn 0.1301 -0.9903 0.0489
vn -0.0143 -0.9992 0.0360
vn -0.0144 -0.9992 0.0360
vn -0.0236 -0.9993 0.0306
vn 0.9979 -0.0297 0.0568
vn 0.9976 0.0417 0.0561
vn -0.0231 -0.9993 0.0287
vn -0.0263 -0.9993 0.0256
vn 0.9963 0.0637 0.0578
vn 0.9931 0.1029 0.0557
vn 0.9901 0.1291 0.0552
vn -0.0238 -0.9994 0.0247
vn -0.0239 -0.9994 0.0246
vn -0.0250 -0.9994 0.0229
vn 0.9716 0.2313 0.0505
vn 0.9493 0.3108 0.0468
vn 0.8445 0.5346 0.0309
vn 0.7467 0.6650 0.0163
vn 0.7466 0.6651 0.0163
vn 0.8445 0.5347 0.0309
vn 0.5182 0.8552 -0.0108
vn 0.5182 0.8552 -0.0109
vn 0.3970 0.9175 -0.0241
vn 0.3970 0.9175 -0.0242
vn 0.2187 0.9751 -0.0376
vn 0.1724 0.9844 -0.0357
vn -0.0237 -0.9995 0.0223
vn -0.0248 -0.9995 0.0215
vn -0.0250 -0.9994 0.0230
vn -0.0246 -0.9995 0.0213
vn -0.0241 -0.9995 0.0215
vn -0.0247 -0.9995 0.0215
vn -0.0242 -0.9995 0.0215
vn -0.0250 -0.9995 0.0211
vn -0.0392 -0.9990 0.0215
vn -0.0572 -0.9981 0.0208
vn -0.1040 -0.9944 0.0189
vn -0.1368 -0.9904 0.0171
vn -0.1369 -0.9904 0.0171
vn -0.1041 -0.9944 0.0189
vn -0.2035 -0.9790 0.0148
vn -0.2510 -0.9679 0.0118
vn -0.3486 -0.9373 0.0078
vn -0.4033 -0.9151 0.0058
vn -0.4033 -0.9150 0.0058
vn -0.3486 -0.9372 0.0078
vn -0.5013 -0.8653 0.0036
vn -0.5458 -0.8379 0.0029
vn -0.5459 -0.8379 0.0029
vn -0.6331 -0.7741 -0.0000
vn -0.6813 -0.7320 -0.0018
vn -0.7454 -0.6666 -0.0046
vn -0.6331 -0.7740 -0.0000
vn -0.7591 -0.6510 -0.0050
vn -0.8203 -0.5718 -0.0074
vn -0.7509 -0.6603 -0.0127
vn -0.8204 -0.5718 -0.0074
vn -0.8297 -0.5581 -0.0079
vn -0.7591 -0.6509 -0.0050
vn -0.8501 -0.5265 -0.0093
vn -0.8501 -0.5266 -0.0093
vn -0.8596 -0.5109 -0.0093
vn -0.7510 -0.6602 -0.0127
vn -0.7887 -0.6143 -0.0226
vn -0.8138 -0.5802 -0.0314
vn -0.9021 -0.4313 -0.0105
vn -0.9317 -0.3631 -0.0117
vn -0.8596 -0.5108 -0.0093
vn -0.7888 -0.6143 -0.0226
vn -0.8397 -0.5420 -0.0330
vn -0.8510 -0.5242 -0.0308
vn -0.8511 -0.5242 -0.0308
vn -0.8398 -0.5420 -0.0330
vn -0.8782 -0.4774 -0.0303
vn -0.9031 -0.4280 -0.0335
vn -0.9032 -0.4280 -0.0335
vn -0.9228 -0.3836 -0.0371
vn -0.9770 -0.2076 -0.0497
vn -0.9944 -0.0882 -0.0590
vn -0.9032 -0.4279 -0.0335
vn -0.9978 0.0159 -0.0651
vn -0.9944 -0.0881 -0.0591
vn -0.9789 0.1912 -0.0722
vn -0.9734 0.2167 -0.0747
vn -0.5121 0.8557 -0.0748
vn -0.4587 0.8853 -0.0772
vn -0.3817 0.9216 -0.0704
vn -0.2715 0.9604 -0.0624
vn -0.5122 0.8556 -0.0748
vn -0.3816 0.9216 -0.0704
vn -0.0712 0.9960 -0.0537
vn -0.0292 0.9982 -0.0522
vn -0.2715 0.9604 -0.0623
vn 0.0233 0.9984 -0.0519
vn 0.0265 0.9982 -0.0529
vn 0.0264 0.9982 -0.0529
vn 0.0279 0.9982 -0.0534
vn 0.0325 0.9980 -0.0550
vn 0.0264 0.9982 -0.0530
vn 0.0378 0.9977 -0.0561
vn 0.0379 0.9977 -0.0562
vn 0.0436 0.9972 -0.0604
vn 0.0436 0.9972 -0.0605
vn 0.0477 0.9968 -0.0635
vn 0.0531 0.9961 -0.0707
vn 0.0478 0.9968 -0.0635
vn 0.0563 0.9956 -0.0748
vn 0.0605 0.9949 -0.0805
vn 0.0605 0.9949 -0.0804
vn 0.0661 0.9944 -0.0819
vn 0.0704 0.9942 -0.0811
vn 0.0662 0.9944 -0.0819
vn 0.0847 0.9933 -0.0781
vn 0.0936 0.9934 -0.0667
vn 0.0935 0.9934 -0.0667
vn -0.9317 -0.3631 -0.0118
vn -0.9022 -0.4313 -0.0105
vn -0.9561 -0.2926 -0.0136
vn -0.9575 -0.2881 -0.0143
vn -0.9714 0.2365 -0.0231
vn -0.9726 0.2313 -0.0225
vn -0.9701 0.2417 -0.0236
vn -0.4272 0.9039 -0.0231
vn -0.4275 0.9037 -0.0231
vn -0.3277 0.9445 -0.0219
vn -0.2211 0.9750 -0.0209
vn -0.4269 0.9040 -0.0232
vn -0.2210 0.9750 -0.0209
vn -0.0776 0.9968 -0.0188
vn -0.0384 0.9991 -0.0187
vn 0.0078 0.9998 -0.0181
vn 0.0183 0.9997 -0.0186
vn 0.0184 0.9997 -0.0186
vn 0.0322 0.9993 -0.0187
vn 0.0371 0.9991 -0.0193
vn 0.0477 0.9987 -0.0193
vn 0.0540 0.9983 -0.0197
vn 0.0370 0.9991 -0.0193
vn 0.0628 0.9978 -0.0198
vn 0.0659 0.9976 -0.0216
vn 0.0733 0.9970 -0.0229
vn 0.0780 0.9966 -0.0246
vn 0.0659 0.9976 -0.0217
vn 0.0781 0.9966 -0.0246
vn 0.0888 0.9957 -0.0246
vn 0.0952 0.9951 -0.0276
vn 0.0889 0.9957 -0.0246
vn 0.1111 0.9934 -0.0297
vn 0.1208 0.9920 -0.0355
vn 0.1209 0.9920 -0.0355
vn 0.1112 0.9934 -0.0297
vn -0.4390 0.8972 -0.0471
vn -0.5337 0.8430 -0.0675
vn -0.4731 0.8794 -0.0536
vn -0.4730 0.8794 -0.0536
vn -0.3897 0.9202 -0.0367
vn -0.3896 0.9202 -0.0367
vn -0.3691 0.9288 -0.0339
vn 0.7272 0.6373 0.2549
vn 0.7516 0.6122 0.2455
vn 0.7365 0.6310 0.2439
vn 0.7365 0.6310 0.2438
vn 0.6506 0.7135 0.2601
vn 0.5622 0.7659 0.3118
vn 0.6505 0.7136 0.2601
vn 0.4893 0.8205 0.2955
vn 0.5622 0.7660 0.3118
vn 0.4893 0.8205 0.2956
vn 0.5092 0.7847 0.3535
vn 0.5460 0.7515 0.3703
vn -0.5536 0.8307 -0.0587
vn -0.6382 0.7662 -0.0752
vn -0.5887 0.8058 -0.0646
vn -0.5887 0.8058 -0.0645
vn -0.5088 0.8594 -0.0502
vn -0.4803 0.8758 -0.0468
vn 0.6862 0.6916 0.2256
vn 0.7119 0.6702 0.2097
vn 0.6980 0.6851 0.2083
vn 0.6352 0.7341 0.2398
vn 0.5728 0.7625 0.3009
vn 0.6861 0.6916 0.2257
vn 0.6353 0.7341 0.2398
vn 0.5473 0.7818 0.2988
vn 0.5727 0.7625 0.3009
vn 0.5338 0.7722 0.3447
vn 0.5295 0.7758 0.3432
vn -0.7269 0.6826 -0.0746
vn -0.7938 0.6027 -0.0813
vn -0.7545 0.6519 -0.0762
vn -0.6905 0.7198 -0.0709
vn -0.7269 0.6827 -0.0746
vn -0.6683 0.7405 -0.0709
vn 0.4104 0.9007 0.1422
vn 0.5068 0.8506 0.1399
vn 0.4365 0.8896 0.1342
vn 0.4364 0.8897 0.1342
vn 0.3803 0.9128 0.1491
vn 0.4104 0.9008 0.1422
vn 0.3774 0.9016 0.2114
vn 0.4076 0.8873 0.2159
vn 0.3651 0.8932 0.2624
vn 0.3650 0.8932 0.2624
vn 0.3354 0.9069 0.2551
vn -0.8810 0.4648 -0.0881
vn -0.9197 0.3836 -0.0835
vn -0.9061 0.4148 -0.0833
vn -0.9061 0.4148 -0.0834
vn -0.8589 0.5041 -0.0902
vn -0.8226 0.5603 -0.0968
vn 0.1998 0.9772 0.0714
vn 0.1816 0.9822 0.0471
vn 0.1901 0.9806 0.0475
vn 0.2397 0.9661 0.0962
vn 0.1998 0.9772 0.0715
vn 0.2619 0.9494 0.1732
vn 0.3204 0.9298 0.1813
vn 0.3205 0.9297 0.1814
vn 0.2631 0.9380 0.2259
vn 0.2630 0.9380 0.2259
vn 0.1854 0.9601 0.2094
vn -0.9637 0.2454 -0.1054
vn -0.9784 0.1802 -0.1013
vn -0.9703 0.2191 -0.1029
vn -0.9637 0.2455 -0.1054
vn -0.9547 0.2777 -0.1072
vn -0.9483 0.2975 -0.1102
vn 0.0096 0.9994 0.0345
vn 0.0024 0.9998 0.0193
vn 0.0042 0.9998 0.0194
vn 0.0043 0.9998 0.0194
vn 0.0397 0.9979 0.0503
vn 0.0812 0.9901 0.1144
vn 0.0398 0.9979 0.0503
vn 0.1127 0.9867 0.1174
vn 0.1056 0.9810 0.1628
vn 0.0789 0.9843 0.1577
vn -0.9641 0.2436 -0.1059
vn -0.9740 0.2024 -0.1020
vn -0.9698 0.2210 -0.1029
vn -0.9698 0.2211 -0.1029
vn -0.9585 0.2640 -0.1078
vn -0.9585 0.2641 -0.1078
vn -0.9510 0.2883 -0.1117
vn -0.0105 0.9995 0.0291
vn 0.0718 0.9972 0.0189
vn 0.0068 0.9998 0.0162
vn -0.0270 0.9988 0.0415
vn -0.0106 0.9995 0.0291
vn 0.0428 0.9928 0.1120
vn -0.0270 0.9988 0.0416
vn 0.0436 0.9931 0.1089
vn 0.0429 0.9928 0.1120
vn 0.0436 0.9931 0.1090
vn 0.0968 0.9811 0.1677
vn 0.1291 0.9762 0.1741
vn -0.9664 0.2324 -0.1101
vn -0.9744 0.1982 -0.1065
vn -0.9710 0.2137 -0.1074
vn -0.9619 0.2494 -0.1118
vn -0.9561 0.2694 -0.1153
vn 0.0299 0.9991 0.0311
vn 0.0664 0.9976 0.0188
vn 0.0358 0.9992 0.0176
vn 0.0155 0.9989 0.0443
vn 0.0472 0.9924 0.1137
vn 0.0452 0.9926 0.1130
vn 0.0472 0.9924 0.1138
vn 0.0452 0.9926 0.1131
vn 0.0735 0.9829 0.1687
vn 0.0800 0.9822 0.1701
vn -0.9655 0.2395 -0.1027
vn -0.9743 0.2022 -0.0987
vn -0.9706 0.2192 -0.0996
vn -0.9605 0.2580 -0.1046
vn -0.9539 0.2797 -0.1086
vn -0.0350 0.9989 0.0307
vn 0.0056 0.9998 0.0169
vn -0.0270 0.9995 0.0158
vn -0.0315 0.9985 0.0454
vn 0.0209 0.9923 0.1225
vn 0.0324 0.9921 0.1213
vn 0.0209 0.9922 0.1225
vn 0.0324 0.9921 0.1214
vn 0.0590 0.9813 0.1834
vn 0.0696 0.9801 0.1857
vn -0.9672 0.2356 -0.0949
vn -0.9748 0.2029 -0.0926
vn -0.9695 0.2262 -0.0940
vn -0.9630 0.2519 -0.0959
vn -0.9623 0.2544 -0.0965
vn 0.0280 0.9988 0.0400
vn 0.0648 0.9976 0.0241
vn 0.0347 0.9991 0.0235
vn 0.0145 0.9983 0.0562
vn 0.0595 0.9892 0.1339
vn 0.0145 0.9983 0.0563
vn 0.0433 0.9906 0.1300
vn 0.0595 0.9892 0.1340
vn 0.0993 0.9759 0.1943
vn 0.1362 0.9699 0.2017
vn -0.9825 0.1717 -0.0727
vn -0.9812 0.1784 -0.0730
vn -0.9818 0.1758 -0.0716
vn -0.9828 0.1696 -0.0733
vn -0.9848 0.1582 -0.0722
vn 0.1329 0.9807 0.1433
vn 0.1166 0.9884 0.0976
vn 0.1146 0.9886 0.0977
vn 0.1598 0.9691 0.1877
vn 0.2493 0.9197 0.3033
vn 0.1329 0.9807 0.1434
vn 0.1599 0.9691 0.1877
vn 0.2315 0.9262 0.2977
vn 0.3131 0.8740 0.3715
vn 0.3609 0.8523 0.3786
vn -0.9707 0.2219 -0.0925
vn -0.9798 0.1799 -0.0874
vn -0.9755 0.2010 -0.0889
vn -0.9707 0.2220 -0.0924
vn -0.9755 0.2011 -0.0889
vn -0.9654 0.2428 -0.0950
vn -0.9707 0.2220 -0.0925
vn -0.9595 0.2635 -0.0995
vn -0.0286 0.9989 0.0364
vn 0.0054 0.9998 0.0193
vn -0.0264 0.9995 0.0187
vn -0.0178 0.9984 0.0535
vn 0.0587 0.9883 0.1407
vn 0.0746 0.9874 0.1398
vn 0.0746 0.9874 0.1399
vn 0.1145 0.9712 0.2090
vn 0.1180 0.9706 0.2097
vn -0.9873 0.1265 -0.0962
vn -0.9861 0.1348 -0.0976
vn -0.9853 0.1389 -0.0992
vn -0.9882 0.1203 -0.0947
vn -0.9896 0.1099 -0.0933
vn -0.9722 0.2175 -0.0865
vn -0.9659 0.2430 -0.0890
vn -0.9631 0.2531 -0.0915
vn -0.9763 0.1996 -0.0839
vn -0.9828 0.1661 -0.0813
vn -0.9763 0.1995 -0.0839
vn -0.9670 0.2358 -0.0961
vn -0.9771 0.1922 -0.0914
vn -0.9713 0.2187 -0.0934
vn -0.9613 0.2574 -0.0983
vn -0.9576 0.2697 -0.1013
vn 0.0870 0.9910 0.1021
vn 0.0994 0.9920 0.0775
vn 0.0780 0.9938 0.0788
vn 0.0779 0.9938 0.0788
vn 0.1044 0.9868 0.1240
vn 0.1791 0.9541 0.2400
vn 0.2055 0.9485 0.2410
vn 0.2055 0.9485 0.2411
vn 0.2277 0.9156 0.3313
vn 0.1986 0.9241 0.3265
vn 0.0193 0.9987 0.0472
vn 0.0124 0.9995 0.0279
vn 0.0118 0.9995 0.0279
vn 0.0117 0.9995 0.0279
vn 0.0529 0.9964 0.0662
vn 0.0193 0.9987 0.0473
vn 0.1141 0.9811 0.1560
vn 0.1490 0.9761 0.1585
vn 0.1142 0.9811 0.1560
vn 0.1490 0.9760 0.1585
vn 0.1538 0.9620 0.2256
vn 0.1236 0.9677 0.2196
vn 0.1713 0.9851 0.0137
vn 0.1215 0.9925 -0.0136
vn 0.1589 0.9872 -0.0135
vn 0.1948 0.9800 0.0411
vn 0.1695 0.9783 0.1193
vn 0.1713 0.9851 0.0138
vn 0.1981 0.9720 0.1267
vn 0.1446 0.9748 0.1699
vn 0.1445 0.9748 0.1699
vn 0.0852 0.9843 0.1548
vn -0.9507 0.2933 -0.1003
vn -0.9350 0.3388 -0.1051
vn -0.9306 0.3499 -0.1076
vn -0.9595 0.2646 -0.0965
vn -0.9756 0.2003 -0.0901
vn -0.9467 0.3056 -0.1019
vn -0.9672 0.2359 -0.0948
vn -0.9523 0.2882 -0.1002
vn -0.9346 0.3397 -0.1052
vn -0.9345 0.3400 -0.1053
vn 0.1286 0.9916 0.0111
vn 0.1268 0.9918 -0.0136
vn 0.1269 0.9918 -0.0136
vn 0.1506 0.9880 0.0347
vn 0.1480 0.9828 0.1102
vn 0.1286 0.9916 0.0112
vn 0.1507 0.9880 0.0347
vn 0.1901 0.9748 0.1167
vn 0.1359 0.9775 0.1614
vn 0.1358 0.9775 0.1614
vn 0.0791 0.9861 0.1461
vn -0.1359 -0.9907 0.0088
vn -0.1341 -0.9909 0.0081
vn -0.1260 -0.9920 0.0059
vn -0.1360 -0.9907 0.0089
vn -0.1384 -0.9896 0.0383
vn -0.1259 -0.9920 0.0059
vn -0.1003 -0.9950 0.0018
vn -0.0813 -0.9967 0.0008
vn -0.0656 -0.9978 -0.0000
vn -0.0436 -0.9984 0.0349
vn -0.0515 -0.9987 -0.0004
vn -0.0514 -0.9987 -0.0004
vn -0.0240 -0.9992 0.0333
vn -0.0350 -0.9994 -0.0004
vn -0.0203 -0.9998 -0.0037
vn -0.0351 -0.9994 -0.0004
vn 0.0536 -0.9965 0.0634
vn -0.0202 -0.9998 -0.0037
vn 0.7702 -0.5515 0.3203
vn 0.7174 -0.6742 0.1752
vn 0.2062 -0.9771 0.0522
vn 0.4140 -0.9086 0.0558
vn 0.1691 -0.9809 0.0967
vn 0.6021 -0.7819 0.1615
vn 0.4141 -0.9085 0.0558
vn 0.9533 0.3017 0.0164
vn 0.9756 0.2189 0.0171
vn 0.9753 0.2200 0.0168
vn 0.9754 0.2200 0.0168
vn 0.9240 0.3822 0.0157
vn 0.8724 0.4886 0.0148
vn 0.9532 0.3018 0.0163
vn 0.9239 0.3822 0.0157
vn 0.8552 0.5180 0.0146
vn 0.8312 0.5558 0.0143
vn 0.8723 0.4887 0.0148
vn 0.8552 0.5181 0.0146
vn 0.8253 0.5646 0.0146
vn 0.8057 0.5921 0.0144
vn 0.8252 0.5646 0.0146
vn 0.7919 0.6105 0.0144
vn 0.8058 0.5921 0.0144
vn 0.7536 0.6572 0.0138
vn 0.7300 0.6833 0.0156
vn 0.6787 0.7342 0.0166
vn 0.7535 0.6573 0.0138
vn 0.6512 0.7587 0.0162
vn 0.5919 0.8059 0.0130
vn 0.6512 0.7588 0.0162
vn 0.5617 0.8272 0.0123
vn 0.4947 0.8689 0.0124
vn 0.4561 0.8898 0.0117
vn 0.4947 0.8690 0.0124
vn 0.3435 0.9391 0.0082
vn 0.4561 0.8899 0.0117
vn 0.3432 0.9392 0.0065
vn 0.2324 0.9726 0.0058
vn 0.1952 0.9808 0.0051
vn 0.1232 0.9924 0.0029
vn 0.1232 0.9924 0.0028
vn 0.0880 0.9961 0.0017
vn 0.0468 0.9989 0.0009
vn 0.0467 0.9989 0.0009
vn 0.0412 0.9992 0.0007
vn 0.0357 0.9994 0.0007
vn 0.0356 0.9994 0.0004
vn 0.0360 0.9994 0.0002
vn 0.0358 0.9994 0.0005
vn 0.0372 0.9993 0.0001
vn 0.0370 0.9993 0.0001
vn 0.0379 0.9993 -0.0000
vn 0.0362 0.9993 -0.0000
vn 0.0380 0.9993 -0.0000
vn 0.0371 0.9993 0.0001
vn 0.0399 0.9992 -0.0000
vn 0.0407 0.9992 -0.0002
vn 0.0398 0.9992 -0.0000
vn 0.0417 0.9991 -0.0003
vn 0.0414 0.9991 -0.0006
vn 0.0408 0.9992 -0.0003
vn 0.0416 0.9991 -0.0009
vn 0.0419 0.9991 -0.0006
vn -0.0236 0.9997 0.0010
vn -0.0237 0.9997 0.0010
vn -0.0893 0.9960 0.0029
vn 0.0416 0.9991 -0.0010
vn -0.2059 0.9786 0.0067
vn -0.2058 0.9786 0.0067
vn -0.2572 0.9663 0.0085
vn -0.2573 0.9663 0.0085
vn -0.4457 0.8950 0.0148
vn -0.5765 0.8169 0.0189
vn -0.5766 0.8168 0.0190
vn -0.4458 0.8950 0.0148
vn -0.7772 0.6287 0.0253
vn -0.8513 0.5240 0.0271
vn -0.8513 0.5239 0.0272
vn -0.9529 0.3019 0.0301
vn -0.9820 0.1853 0.0355
vn -0.9821 0.1852 0.0355
vn -0.9529 0.3018 0.0301
vn -0.9985 0.0365 0.0407
vn -0.9987 0.0059 0.0503
vn -0.9987 0.0059 0.0504
vn -0.9983 -0.0199 0.0548
vn -0.9982 -0.0142 0.0589
vn -0.9963 -0.0632 0.0579
vn -0.9913 -0.1181 0.0584
vn -0.9833 -0.1722 0.0584
vn -0.9833 -0.1722 0.0585
vn -0.9828 -0.1748 0.0602
vn -0.5436 -0.8304 0.1226
vn -0.6199 -0.7837 0.0377
vn -0.6206 -0.7833 0.0374
vn -0.6202 -0.7835 0.0376
vn -0.5418 -0.8374 0.0715
vn -0.6209 -0.7830 0.0374
vn -0.9725 -0.2242 -0.0629
vn -0.9734 -0.2202 -0.0637
vn -0.9813 -0.1818 -0.0626
vn -0.9892 -0.1312 -0.0651
vn -0.9725 -0.2243 -0.0629
vn -0.9942 -0.0835 -0.0672
vn -0.9943 -0.0805 -0.0693
vn -0.9892 -0.1311 -0.0651
vn -0.9942 -0.0836 -0.0672
vn -0.9964 -0.0487 -0.0689
vn -0.9977 -0.0203 -0.0653
vn -0.9977 -0.0202 -0.0653
vn -0.9909 0.1282 -0.0400
vn -0.9909 0.1282 -0.0399
vn -0.9699 0.2431 -0.0133
vn -0.9699 0.2432 -0.0133
vn -0.9909 0.1283 -0.0399
vn -0.8605 0.5084 0.0335
vn -0.8604 0.5084 0.0335
vn -0.7545 0.6538 0.0571
vn -0.8604 0.5085 0.0335
vn -0.5147 0.8528 0.0884
vn -0.3613 0.9276 0.0950
vn -0.2666 0.9432 0.1981
vn -0.1779 0.9790 0.0994
vn -0.1301 0.9867 0.0976
vn -0.0362 0.9947 0.0959
vn 0.0291 0.9956 0.0887
vn 0.0292 0.9956 0.0887
vn 0.0889 0.9927 0.0813
vn 0.0843 0.9938 0.0727
vn 0.0749 0.9948 0.0693
vn 0.0711 0.9955 0.0632
vn 0.0642 0.9961 0.0606
vn 0.0614 0.9965 0.0562
vn 0.0563 0.9969 0.0543
vn 0.0548 0.9972 0.0514
vn 0.0547 0.9972 0.0514
vn 0.0563 0.9969 0.0544
vn 0.0694 0.9963 0.0505
vn 0.0782 0.9949 0.0643
vn 0.0695 0.9963 0.0505
vn 0.1402 0.9866 0.0831
vn 0.1402 0.9866 0.0832
vn 0.1612 0.9811 0.1075
vn 0.2661 0.9562 0.1222
vn 0.2792 0.9499 0.1406
vn 0.1612 0.9810 0.1075
vn 0.2793 0.9499 0.1406
vn 0.2662 0.9561 0.1222
vn 0.3996 0.9033 0.1564
vn 0.3995 0.9033 0.1564
vn 0.3989 0.8998 0.1765
vn 0.3990 0.8998 0.1765
vn 0.3997 0.9034 0.1554
vn 0.5116 0.8378 0.1906
vn 0.4881 0.8461 0.2143
vn 0.3989 0.8998 0.1766
vn 0.4882 0.8460 0.2143
vn 0.5752 0.7856 0.2277
vn 0.5752 0.7857 0.2277
vn 0.5401 0.8035 0.2502
vn 0.5753 0.7856 0.2277
vn 0.6287 0.7339 0.2572
vn 0.5973 0.7519 0.2789
vn 0.5401 0.8035 0.2503
vn 0.5974 0.7519 0.2789
vn 0.6288 0.7338 0.2572
vn 0.6375 0.7121 0.2940
vn 0.6374 0.7122 0.2941
vn 0.5846 0.7534 0.3010
vn 0.6375 0.7121 0.2941
vn 0.6317 0.7105 0.3099
vn 0.6318 0.7105 0.3099
vn 0.6375 0.7122 0.2941
vn 0.6534 0.6863 0.3194
vn 0.5000 0.7258 0.4726
vn 0.6467 0.6891 0.3268
vn 0.6967 0.6209 0.3592
vn 0.6968 0.6209 0.3592
vn 0.4241 0.7305 0.5352
vn 0.5000 0.7257 0.4726
vn 0.5236 0.6925 0.4964
vn 0.5395 0.7113 0.4506
vn 0.5864 0.6260 0.5141
vn 0.7642 0.4994 0.4083
vn 0.6618 0.5828 0.4716
vn -0.9416 0.3222 -0.0976
vn -0.9623 0.2561 -0.0910
vn -0.9476 0.3047 -0.0958
vn -0.9476 0.3048 -0.0958
vn -0.9295 0.3547 -0.1008
vn -0.9296 0.3547 -0.1008
vn -0.9287 0.3568 -0.1013
vn 0.1687 0.9856 0.0138
vn 0.1135 0.9934 -0.0144
vn 0.1549 0.9878 -0.0146
vn 0.1550 0.9878 -0.0146
vn 0.1989 0.9791 0.0419
vn 0.1754 0.9776 0.1163
vn 0.1989 0.9791 0.0420
vn 0.2105 0.9696 0.1244
vn 0.1754 0.9776 0.1164
vn 0.1501 0.9753 0.1622
vn 0.1500 0.9753 0.1622
vn 0.0836 0.9859 0.1452
vn 0.1753 0.9776 0.1163
vn -0.0081 0.9981 0.0611
vn 0.0188 0.9993 0.0338
vn -0.0134 0.9993 0.0344
vn 0.0077 0.9962 0.0867
vn 0.1244 0.9716 0.2012
vn -0.0081 0.9981 0.0612
vn 0.1171 0.9738 0.1952
vn 0.1244 0.9716 0.2011
vn 0.1171 0.9737 0.1952
vn 0.2125 0.9342 0.2867
vn 0.2577 0.9203 0.2945
vn 0.1245 0.9716 0.2012
vn 0.3263 0.4613 0.8251
vn 0.3252 0.4768 0.8167
vn 0.3518 0.4209 0.8361
vn 0.3252 0.4768 0.8166
vn 0.3750 0.4184 0.8273
vn 0.3750 0.4183 0.8273
vn 0.4082 0.4002 0.8205
vn 0.3518 0.4208 0.8361
vn 0.4168 0.4532 0.7880
vn 0.4271 0.4585 0.7794
vn 0.4309 0.4738 0.7680
vn 0.4329 0.4775 0.7646
vn 0.4271 0.4585 0.7793
vn 0.4427 0.4879 0.7523
vn 0.4496 0.4956 0.7431
vn 0.4427 0.4880 0.7523
vn 0.4653 0.5148 0.7201
vn 0.4653 0.5147 0.7201
vn 0.4790 0.5383 0.6934
vn 0.4807 0.5541 0.6797
vn 0.4766 0.5650 0.6735
vn 0.4807 0.5540 0.6797
vn 0.4669 0.5641 0.6811
vn 0.4669 0.5641 0.6810
vn 0.4676 0.5734 0.6728
vn 0.4669 0.5640 0.6811
vn 0.4512 0.5834 0.6753
vn 0.4357 0.5942 0.6761
vn 0.4069 0.6036 0.6856
vn 0.3914 0.6162 0.6835
vn 0.3602 0.6326 0.6856
vn 0.3603 0.6326 0.6856
vn 0.3424 0.6485 0.6798
vn 0.3116 0.6602 0.6834
vn 0.2962 0.6707 0.6800
vn 0.3115 0.6602 0.6834
vn 0.2667 0.6796 0.6833
vn 0.2516 0.6840 0.6847
vn 0.2667 0.6797 0.6833
vn 0.2233 0.6875 0.6909
vn 0.2233 0.6875 0.6910
vn 0.2176 0.6943 0.6860
vn 0.2101 0.7029 0.6795
vn 0.2093 0.7063 0.6762
vn 0.2120 0.7007 0.6812
vn 0.2089 0.6934 0.6896
vn 0.2121 0.7007 0.6812
vn 0.2081 0.6878 0.6955
vn 0.2013 0.6885 0.6967
vn 0.1985 0.6865 0.6995
vn 0.2080 0.6878 0.6955
vn 0.1978 0.6852 0.7010
vn 0.1984 0.6865 0.6995
vn 0.1925 0.6879 0.6999
vn 0.1984 0.6865 0.6996
vn 0.1977 0.6852 0.7010
vn 0.1892 0.6895 0.6991
vn 0.1925 0.6878 0.6999
vn 0.1882 0.6898 0.6992
vn 0.1905 0.6924 0.6959
vn 0.1883 0.6897 0.6992
vn 0.1890 0.6981 0.6906
vn 0.1830 0.7010 0.6893
vn 0.1723 0.7046 0.6883
vn 0.1529 0.6917 0.7058
vn 0.1264 0.7065 0.6963
vn 0.1006 0.7066 0.7004
vn 0.0860 0.7236 0.6848
vn 0.1006 0.7067 0.7004
vn 0.0789 0.7308 0.6780
vn 0.0859 0.7236 0.6848
vn 0.0790 0.7361 0.6723
vn 0.0766 0.7454 0.6622
vn 0.0742 0.7398 0.6687
vn -0.9445 0.3125 -0.1011
vn -0.9650 0.2452 -0.0931
vn -0.9521 0.2897 -0.0976
vn -0.9521 0.2898 -0.0976
vn -0.9325 0.3456 -0.1049
vn -0.9277 0.3574 -0.1078
vn 0.1680 0.9857 0.0132
vn 0.1115 0.9936 -0.0153
vn 0.1539 0.9880 -0.0155
vn 0.1540 0.9880 -0.0155
vn 0.1989 0.9791 0.0416
vn -0.0131 0.9985 0.0535
vn 0.0066 0.9995 0.0298
vn -0.0200 0.9994 0.0298
vn -0.0201 0.9994 0.0298
vn 0.0063 0.9971 0.0761
vn -0.0132 0.9985 0.0534
vn 0.1137 0.9767 0.1822
vn 0.0064 0.9971 0.0761
vn 0.1195 0.9765 0.1792
vn 0.1138 0.9767 0.1822
vn 0.1195 0.9765 0.1793
vn 0.1930 0.9453 0.2628
vn 0.2131 0.9400 0.2664
vn -0.9443 0.3131 -0.1014
vn -0.9667 0.2380 -0.0935
vn -0.9502 0.2953 -0.0997
vn -0.9502 0.2954 -0.0997
vn -0.9308 0.3500 -0.1051
vn -0.9309 0.3498 -0.1050
vn -0.9316 0.3481 -0.1046
vn 0.1256 0.9920 0.0108
vn 0.1124 0.9935 -0.0152
vn 0.1223 0.9924 -0.0153
vn 0.1547 0.9873 0.0355
vn 0.1575 0.9812 0.1115
vn 0.1547 0.9873 0.0356
vn 0.2023 0.9722 0.1175
vn 0.1488 0.9755 0.1619
vn 0.1487 0.9755 0.1619
vn 0.0926 0.9847 0.1475
vn -0.9399 0.3276 -0.0960
vn -0.9626 0.2562 -0.0885
vn -0.9484 0.3033 -0.0927
vn -0.9266 0.3625 -0.0995
vn -0.9212 0.3753 -0.1024
vn -0.9519 0.2880 -0.1047
vn -0.9645 0.2454 -0.0973
vn -0.9596 0.2631 -0.0992
vn -0.9448 0.3091 -0.1084
vn -0.9448 0.3092 -0.1084
vn -0.9343 0.3372 -0.1155
vn 0.1207 0.9926 0.0106
vn 0.1141 0.9933 -0.0158
vn 0.1190 0.9928 -0.0158
vn 0.1505 0.9880 0.0351
vn 0.1715 0.9788 0.1121
vn 0.1506 0.9880 0.0351
vn 0.2096 0.9710 0.1153
vn 0.1715 0.9788 0.1122
vn 0.2096 0.9710 0.1154
vn 0.1789 0.9702 0.1634
vn 0.1788 0.9702 0.1634
vn 0.1422 0.9778 0.1540
vn -0.9512 0.2937 -0.0940
vn -0.9713 0.2225 -0.0843
vn -0.9599 0.2657 -0.0891
vn -0.9512 0.2938 -0.0940
vn -0.9392 0.3288 -0.0987
vn -0.9392 0.3289 -0.0987
vn -0.9313 0.3492 -0.1036
vn 0.1721 0.9849 0.0188
vn 0.1239 0.9923 -0.0009
vn 0.1601 0.9871 -0.0012
vn 0.1972 0.9796 0.0386
vn 0.1718 0.9784 0.1150
vn 0.2025 0.9716 0.1223
vn 0.1718 0.9784 0.1149
vn 0.2025 0.9716 0.1224
vn 0.1453 0.9745 0.1710
vn 0.0853 0.9841 0.1557
vn 0.1921 0.9810 0.0273
vn 0.1843 0.9829 -0.0000
vn 0.1902 0.9817 -0.0000
vn 0.1993 0.9784 0.0544
vn 0.1750 0.9764 0.1263
vn 0.2116 0.9681 0.1345
vn 0.2116 0.9681 0.1346
vn 0.1489 0.9740 0.1710
vn 0.1488 0.9740 0.1710
vn 0.0803 0.9849 0.1535
vn -0.9349 0.3417 -0.0955
vn -0.9509 0.2970 -0.0873
vn -0.9465 0.3103 -0.0885
vn -0.9465 0.3104 -0.0885
vn -0.9261 0.3638 -0.0996
vn -0.9085 0.4033 -0.1091
vn 0.1715 0.9850 0.0180
vn 0.1222 0.9925 -0.0101
vn 0.1592 0.9872 -0.0106
vn 0.1593 0.9872 -0.0106
vn 0.2037 0.9780 0.0458
vn 0.1822 0.9765 0.1151
vn 0.2248 0.9665 0.1240
vn 0.1566 0.9753 0.1558
vn 0.1565 0.9753 0.1558
vn 0.0821 0.9873 0.1362
vn -0.9772 0.1935 -0.0875
vn -0.9712 0.2207 -0.0902
vn -0.9703 0.2239 -0.0912
vn -0.9803 0.1782 -0.0856
vn -0.9712 0.2206 -0.0902
vn -0.9870 0.1387 -0.0818
vn -0.9370 0.3348 -0.0999
vn -0.9550 0.2822 -0.0910
vn -0.9477 0.3052 -0.0934
vn -0.9268 0.3608 -0.1042
vn -0.9126 0.3930 -0.1124
vn 0.1344 0.9908 0.0161
vn 0.1205 0.9927 -0.0096
vn 0.1309 0.9913 -0.0097
vn 0.1310 0.9913 -0.0097
vn 0.1655 0.9854 0.0401
vn 0.1344 0.9908 0.0162
vn 0.1791 0.9770 0.1153
vn 0.2161 0.9691 0.1187
vn 0.1792 0.9770 0.1153
vn 0.2161 0.9691 0.1188
vn 0.1805 0.9696 0.1653
vn 0.1424 0.9775 0.1553
vn -0.9140 0.3950 -0.0926
vn -0.9519 0.2965 -0.0778
vn -0.9311 0.3550 -0.0843
vn -0.8912 0.4425 -0.0996
vn -0.8912 0.4426 -0.0996
vn -0.8746 0.4725 -0.1085
vn -0.9414 0.3264 -0.0846
vn -0.9671 0.2439 -0.0728
vn -0.9502 0.3011 -0.0802
vn -0.9259 0.3668 -0.0903
vn -0.9414 0.3265 -0.0846
vn -0.9218 0.3762 -0.0933
vn -0.9304 0.3476 -0.1161
vn -0.9536 0.2828 -0.1035
vn -0.9456 0.3076 -0.1061
vn -0.9171 0.3795 -0.1222
vn -0.9171 0.3795 -0.1223
vn -0.8946 0.4257 -0.1355
vn 0.1708 0.9851 0.0195
vn 0.1201 0.9927 -0.0106
vn 0.1582 0.9873 -0.0109
vn 0.1976 0.9790 0.0497
vn 0.1976 0.9728 0.1209
vn 0.2025 0.9717 0.1219
vn 0.1969 0.9670 0.1615
vn 0.1897 0.9688 0.1595
vn 0.1382 0.9903 0.0123
vn 0.1170 0.9930 -0.0163
vn 0.1268 0.9918 -0.0168
vn 0.1714 0.9844 0.0390
vn 0.2018 0.9715 0.1247
vn 0.1383 0.9903 0.0123
vn 0.2354 0.9634 0.1283
vn 0.2143 0.9597 0.1820
vn 0.1746 0.9696 0.1714
vn 0.2017 0.9715 0.1247
vn 0.1797 0.9837 0.0042
vn 0.1175 0.9929 -0.0178
vn 0.1629 0.9864 -0.0202
vn 0.2135 0.9766 0.0275
vn 0.2336 0.9665 0.1067
vn 0.2436 0.9638 0.1089
vn 0.2336 0.9665 0.1068
vn 0.2436 0.9637 0.1089
vn 0.2504 0.9547 0.1607
vn 0.2503 0.9547 0.1606
vn 0.2336 0.9597 0.1560
vn 0.1288 0.9915 0.0166
vn 0.1181 0.9929 -0.0107
vn 0.1247 0.9921 -0.0113
vn 0.1624 0.9859 0.0399
vn 0.1288 0.9915 0.0167
vn 0.2294 0.9653 0.1249
vn 0.2400 0.9635 0.1183
vn 0.2797 0.9425 0.1831
vn 0.2986 0.9355 0.1891
vn 0.1651 0.9862 0.0099
vn 0.4455 0.8583 -0.2548
vn 0.3687 0.3379 0.8659
vn 0.3444 0.3851 0.8562
vn 0.3668 0.3633 0.8564
vn 0.3118 0.4485 0.8376
vn 0.3444 0.3852 0.8562
vn 0.2924 0.4880 0.8224
vn 0.2886 0.5316 0.7963
vn 0.2923 0.4881 0.8224
vn 0.2924 0.4881 0.8224
vn 0.2404 0.5516 0.7987
vn 0.1502 0.6036 0.7830
vn 0.0694 0.6401 0.7651
vn 0.1501 0.6036 0.7830
vn 0.0283 0.6816 0.7312
vn 0.0693 0.6401 0.7651
vn 0.0166 0.6924 0.7214
vn -0.0004 0.6981 0.7160
vn 0.0165 0.6924 0.7213
vn -0.0039 0.7022 0.7120
vn -0.0063 0.7112 0.7029
vn -0.0136 0.7316 0.6816
vn -0.0064 0.7113 0.7029
vn -0.0568 0.7425 0.6674
vn -0.0136 0.7316 0.6817
vn -0.1012 0.7535 0.6496
vn -0.0568 0.7426 0.6674
vn -0.1565 0.7515 0.6409
vn -0.1013 0.7535 0.6496
vn -0.1749 0.7411 0.6482
vn -0.1564 0.7515 0.6409
vn -0.2056 0.7283 0.6537
vn -0.2203 0.7068 0.6723
vn -0.2454 0.6964 0.6744
vn -0.2203 0.7067 0.6723
vn -0.2594 0.6771 0.6887
vn -0.2453 0.6964 0.6744
vn -0.2875 0.6651 0.6891
vn -0.2593 0.6771 0.6887
vn -0.3060 0.6379 0.7067
vn -0.3430 0.6165 0.7087
vn -0.2876 0.6651 0.6891
vn -0.3061 0.6379 0.7067
vn -0.3664 0.5801 0.7275
vn -0.4099 0.5544 0.7243
vn -0.4340 0.5224 0.7340
vn -0.4705 0.4898 0.7340
vn -0.4341 0.5224 0.7339
vn -0.4910 0.4621 0.7385
vn -0.3263 0.4613 0.8251
vn -0.3518 0.4209 0.8361
vn -0.3252 0.4768 0.8167
vn -0.3750 0.4184 0.8273
vn -0.3252 0.4768 0.8166
vn -0.3518 0.4208 0.8361
vn -0.4082 0.4002 0.8205
vn -0.3750 0.4183 0.8273
vn -0.4168 0.4531 0.7880
vn -0.4271 0.4585 0.7794
vn -0.4168 0.4532 0.7880
vn -0.4309 0.4738 0.7680
vn -0.4271 0.4585 0.7793
vn -0.4329 0.4776 0.7645
vn -0.4427 0.4879 0.7523
vn -0.4329 0.4776 0.7646
vn -0.4496 0.4956 0.7431
vn -0.4653 0.5147 0.7201
vn -0.4790 0.5383 0.6934
vn -0.4807 0.5540 0.6797
vn -0.4653 0.5148 0.7201
vn -0.4766 0.5650 0.6735
vn -0.4807 0.5541 0.6797
vn -0.4669 0.5641 0.6810
vn -0.4806 0.5540 0.6797
vn -0.4676 0.5734 0.6728
vn -0.4512 0.5834 0.6753
vn -0.4357 0.5942 0.6761
vn -0.4069 0.6036 0.6856
vn -0.3914 0.6162 0.6835
vn -0.3602 0.6326 0.6856
vn -0.3424 0.6485 0.6798
vn -0.3603 0.6326 0.6856
vn -0.3116 0.6602 0.6834
vn -0.2962 0.6707 0.6800
vn -0.2667 0.6796 0.6833
vn -0.3115 0.6602 0.6834
vn -0.2516 0.6840 0.6847
vn -0.2233 0.6875 0.6909
vn -0.2176 0.6943 0.6860
vn -0.2233 0.6875 0.6910
vn -0.2101 0.7029 0.6795
vn -0.2093 0.7063 0.6762
vn -0.2120 0.7007 0.6812
vn -0.2089 0.6934 0.6896
vn -0.2081 0.6878 0.6955
vn -0.2013 0.6885 0.6967
vn -0.1985 0.6865 0.6995
vn -0.1984 0.6865 0.6995
vn -0.1978 0.6852 0.7010
vn -0.1984 0.6865 0.6996
vn -0.1925 0.6878 0.6999
vn -0.1892 0.6895 0.6991
vn -0.1977 0.6852 0.7010
vn -0.1925 0.6879 0.6999
vn -0.1882 0.6898 0.6992
vn -0.1882 0.6898 0.6991
vn -0.1905 0.6924 0.6959
vn -0.1883 0.6897 0.6992
vn -0.1901 0.6972 0.6912
vn -0.1860 0.7006 0.6889
vn -0.1765 0.7054 0.6865
vn -0.1559 0.6935 0.7034
vn -0.1275 0.7078 0.6948
vn -0.1006 0.7066 0.7004
vn -0.1006 0.7067 0.7004
vn -0.0860 0.7236 0.6848
vn -0.0859 0.7236 0.6848
vn -0.0789 0.7308 0.6780
vn -0.0790 0.7361 0.6723
vn -0.0766 0.7454 0.6622
vn -0.0742 0.7398 0.6687
vn 0.4390 0.8972 -0.0471
vn 0.4731 0.8794 -0.0536
vn 0.5337 0.8430 -0.0675
vn 0.3897 0.9202 -0.0367
vn 0.4730 0.8794 -0.0536
vn 0.3691 0.9288 -0.0339
vn 0.3896 0.9202 -0.0367
vn -0.9480 0.2997 0.1073
vn -0.9353 0.3400 0.0981
vn -0.9246 0.3708 0.0871
vn -0.9576 0.2634 0.1172
vn -0.9681 0.2172 0.1251
vn -0.9576 0.2633 0.1172
vn -0.9480 0.2996 0.1073
vn 0.0977 -0.9927 0.0701
vn 0.1539 -0.9855 0.0709
vn 0.1384 -0.9896 0.0384
vn 0.1061 -0.9935 0.0416
vn 0.0977 -0.9927 0.0700
vn 0.0780 -0.9949 0.0642
vn 0.0912 -0.9953 0.0313
vn 0.0634 -0.9962 0.0593
vn 0.0911 -0.9953 0.0314
vn 0.0730 -0.9969 0.0301
vn 0.0519 -0.9969 0.0591
vn 0.0586 -0.9978 0.0315
vn 0.0378 -0.9971 0.0663
vn 0.0436 -0.9984 0.0350
vn 0.0232 -0.9972 0.0706
vn 0.0240 -0.9992 0.0334
vn -0.0092 -0.9937 0.1121
vn 0.0231 -0.9972 0.0706
vn -0.0536 -0.9965 0.0635
vn -0.6804 -0.7261 0.0995
vn -0.7207 -0.6676 0.1866
vn -0.7174 -0.6743 0.1751
vn -0.0092 -0.9936 0.1122
vn -0.0043 -0.9899 0.1420
vn -0.0615 -0.9879 0.1421
vn -0.0900 -0.9858 0.1420
vn -0.3492 -0.9069 0.2358
vn -0.0901 -0.9858 0.1420
vn -0.9381 0.2155 0.2714
vn -0.8778 0.3995 0.2644
vn -0.5374 -0.7843 0.3099
vn -0.3492 -0.9069 0.2359
vn -0.8412 0.4529 0.2953
vn -0.8043 0.5261 0.2762
vn -0.8043 0.5260 0.2763
vn -0.7903 0.5454 0.2794
vn -0.7902 0.5454 0.2793
vn -0.7238 0.6457 0.2434
vn -0.7211 0.6503 0.2393
vn -0.7093 0.6674 0.2271
vn -0.7092 0.6674 0.2271
vn -0.7025 0.6781 0.2161
vn -0.6931 0.6896 0.2098
vn -0.6830 0.7017 0.2028
vn -0.6931 0.6897 0.2098
vn -0.6567 0.7291 0.1927
vn -0.6567 0.7291 0.1926
vn -0.6352 0.7501 0.1842
vn -0.5950 0.7853 0.1712
vn -0.5949 0.7853 0.1712
vn -0.5702 0.8052 0.1631
vn -0.5152 0.8441 0.1487
vn -0.4707 0.8718 0.1359
vn -0.5150 0.8441 0.1493
vn -0.3698 0.9227 0.1086
vn -0.3699 0.9227 0.1086
vn -0.3505 0.9305 0.1059
vn -0.2590 0.9624 0.0816
vn -0.3505 0.9306 0.1059
vn -0.2436 0.9673 0.0711
vn -0.1652 0.9847 0.0554
vn -0.2437 0.9673 0.0711
vn -0.1587 0.9863 0.0450
vn -0.1652 0.9847 0.0553
vn -0.0962 0.9947 0.0351
vn -0.0835 0.9962 0.0259
vn -0.0472 0.9987 0.0199
vn -0.0452 0.9989 0.0140
vn -0.0406 0.9991 0.0129
vn -0.0453 0.9989 0.0140
vn -0.0418 0.9990 0.0133
vn -0.0406 0.9991 0.0128
vn -0.0447 0.9989 0.0147
vn -0.0418 0.9990 0.0132
vn -0.0464 0.9987 0.0204
vn -0.0535 0.9983 0.0248
vn -0.0465 0.9987 0.0204
vn -0.0589 0.9976 0.0364
vn -0.0535 0.9983 0.0249
vn -0.0715 0.9965 0.0439
vn -0.0589 0.9976 0.0363
vn -0.0796 0.9948 0.0629
vn -0.0599 0.9950 0.0796
vn -0.0797 0.9948 0.0628
vn -0.0405 0.9949 0.0918
vn -0.0599 0.9950 0.0797
vn 0.0874 0.9908 0.1032
vn 0.1421 0.9858 0.0889
vn 0.2259 0.9701 0.0884
vn 0.0875 0.9908 0.1032
vn 0.1422 0.9858 0.0889
vn 0.3446 0.9385 0.0215
vn 0.2259 0.9701 0.0883
vn 0.8100 0.5851 0.0394
vn 0.7787 0.6190 0.1020
vn 0.6601 0.7499 0.0433
vn 0.5084 0.8596 0.0504
vn 0.5186 0.8548 -0.0169
vn 0.6601 0.7500 0.0433
vn 0.9832 0.1822 -0.0151
vn 0.9100 0.4094 0.0660
vn 0.9634 0.2678 -0.0152
vn 0.9633 0.2678 -0.0153
vn 0.9906 0.1311 -0.0379
vn 0.9831 0.1822 -0.0151
vn 0.9997 -0.0143 -0.0220
vn 0.9832 0.1821 -0.0151
vn 0.9907 0.1310 -0.0379
vn 0.9907 0.1311 -0.0379
vn 0.9989 -0.0398 -0.0229
vn 0.9955 -0.0929 -0.0187
vn 0.9786 -0.2042 -0.0262
vn 0.9679 -0.2507 -0.0179
vn 0.9955 -0.0930 -0.0187
vn 0.9786 -0.2043 -0.0262
vn 0.9525 -0.3032 -0.0290
vn 0.9786 -0.2043 -0.0261
vn 0.9683 -0.2447 -0.0512
vn 0.4499 -0.8845 0.1230
vn 0.5679 -0.8182 0.0893
vn 0.4881 -0.8640 0.1235
vn 0.4880 -0.8641 0.1235
vn 0.5435 -0.8304 0.1227
vn 0.4499 -0.8846 0.1230
vn 0.5418 -0.8375 0.0715
vn 0.3401 -0.9389 0.0532
vn -0.1268 0.9918 -0.0168
vn -0.1170 0.9930 -0.0163
vn -0.1382 0.9903 0.0123
vn -0.1714 0.9844 0.0390
vn -0.1383 0.9903 0.0123
vn -0.2018 0.9715 0.1247
vn -0.2354 0.9634 0.1283
vn -0.2143 0.9597 0.1820
vn -0.1746 0.9696 0.1714
vn -0.1553 0.9878 -0.0145
vn -0.1143 0.9933 -0.0143
vn -0.1689 0.9855 0.0139
vn -0.1690 0.9855 0.0139
vn -0.1989 0.9791 0.0419
vn -0.1554 0.9877 -0.0145
vn -0.1989 0.9791 0.0420
vn -0.1754 0.9776 0.1163
vn -0.2105 0.9696 0.1244
vn -0.1501 0.9753 0.1622
vn -0.1753 0.9776 0.1163
vn -0.0836 0.9859 0.1452
vn -0.1500 0.9753 0.1622
vn 0.9414 0.3265 -0.0846
vn 0.9218 0.3762 -0.0933
vn 0.9259 0.3668 -0.0903
vn 0.9414 0.3264 -0.0846
vn 0.9502 0.3011 -0.0802
vn 0.9671 0.2439 -0.0728
vn -0.9804 0.1434 0.1350
vn -0.9793 0.1519 0.1338
vn -0.9716 0.2034 0.1205
vn -0.9793 0.1520 0.1338
vn -0.9658 0.2332 0.1131
vn -0.9479 0.3046 0.0930
vn -0.9327 0.3431 0.1110
vn -0.9181 0.3831 0.1016
vn -0.9078 0.4092 0.0922
vn -0.9433 0.3093 0.1202
vn -0.9566 0.2611 0.1293
vn -0.9434 0.3092 0.1202
vn -0.9327 0.3430 0.1110
vn -0.1629 0.9864 -0.0202
vn -0.1175 0.9929 -0.0178
vn -0.1797 0.9837 0.0042
vn -0.2135 0.9766 0.0275
vn -0.2336 0.9665 0.1067
vn -0.2436 0.9638 0.1089
vn -0.2503 0.9547 0.1606
vn -0.2436 0.9637 0.1089
vn -0.2336 0.9665 0.1068
vn -0.2336 0.9597 0.1560
vn 0.9420 0.3212 -0.0974
vn 0.9299 0.3539 -0.1006
vn 0.9301 0.3534 -0.1005
vn 0.9301 0.3533 -0.1004
vn 0.9476 0.3048 -0.0958
vn 0.9476 0.3047 -0.0958
vn 0.9623 0.2561 -0.0910
vn 0.9140 0.3950 -0.0926
vn 0.8746 0.4725 -0.1085
vn 0.8912 0.4426 -0.0996
vn 0.8912 0.4425 -0.0996
vn 0.9311 0.3550 -0.0843
vn 0.9519 0.2965 -0.0778
vn 0.9512 0.2938 -0.0940
vn 0.9313 0.3492 -0.1036
vn 0.9392 0.3289 -0.0987
vn 0.9392 0.3288 -0.0987
vn 0.9599 0.2657 -0.0891
vn 0.9512 0.2937 -0.0940
vn 0.9713 0.2225 -0.0843
vn -0.9462 0.2990 0.1234
vn -0.9356 0.3347 0.1124
vn -0.9095 0.4067 0.0857
vn -0.9463 0.2989 0.1234
vn -0.9595 0.2435 0.1416
vn -0.9632 0.2264 0.1447
vn -0.9595 0.2434 0.1416
vn -0.1247 0.9921 -0.0113
vn -0.1181 0.9929 -0.0107
vn -0.1288 0.9915 0.0166
vn -0.1288 0.9915 0.0167
vn -0.1624 0.9859 0.0399
vn -0.1623 0.9859 0.0399
vn -0.2294 0.9653 0.1249
vn -0.2400 0.9635 0.1182
vn -0.2797 0.9425 0.1831
vn -0.2400 0.9635 0.1183
vn -0.2986 0.9355 0.1891
vn 0.9445 0.3125 -0.1011
vn 0.9521 0.2897 -0.0976
vn 0.9650 0.2452 -0.0931
vn 0.9325 0.3456 -0.1049
vn 0.9521 0.2898 -0.0976
vn 0.9277 0.3574 -0.1078
vn 0.9109 0.4025 -0.0910
vn 0.8834 0.4572 -0.1023
vn 0.8914 0.4427 -0.0972
vn 0.8914 0.4428 -0.0973
vn 0.9233 0.3744 -0.0852
vn 0.9109 0.4024 -0.0910
vn 0.9234 0.3744 -0.0852
vn 0.9444 0.3194 -0.0780
vn -0.6470 0.3032 0.6996
vn -0.6486 0.2621 0.7145
vn -0.6196 0.3654 0.6947
vn -0.5919 0.4102 0.6938
vn -0.5687 0.4263 0.7034
vn -0.5919 0.4103 0.6938
vn -0.5756 0.3936 0.7168
vn -0.5687 0.4263 0.7035
vn -0.5687 0.4262 0.7035
vn -0.5731 0.3934 0.7189
vn -0.5682 0.3953 0.7217
vn -0.5731 0.3933 0.7189
vn -0.5730 0.3934 0.7190
vn -0.5603 0.4015 0.7245
vn -0.5618 0.3975 0.7256
vn -0.5596 0.3963 0.7279
vn -0.5617 0.3975 0.7256
vn -0.5504 0.4082 0.7283
vn -0.5596 0.3962 0.7279
vn -0.5595 0.3963 0.7279
vn -0.5320 0.4293 0.7298
vn -0.5188 0.4450 0.7300
vn -0.5504 0.4083 0.7283
vn -0.5093 0.4460 0.7360
vn -0.5187 0.4449 0.7300
vn -0.1209 0.9920 -0.0355
vn -0.2187 0.9751 -0.0376
vn -0.1724 0.9844 -0.0357
vn -0.1112 0.9934 -0.0297
vn -0.0952 0.9951 -0.0276
vn -0.1208 0.9920 -0.0355
vn -0.1111 0.9934 -0.0297
vn -0.0889 0.9957 -0.0246
vn -0.0780 0.9966 -0.0246
vn -0.0888 0.9957 -0.0246
vn -0.0733 0.9970 -0.0229
vn -0.0781 0.9966 -0.0246
vn -0.0659 0.9976 -0.0216
vn -0.0628 0.9978 -0.0198
vn -0.0540 0.9983 -0.0197
vn -0.0658 0.9976 -0.0216
vn -0.0627 0.9978 -0.0198
vn -0.0477 0.9987 -0.0193
vn -0.0371 0.9991 -0.0193
vn -0.0322 0.9993 -0.0187
vn -0.0184 0.9997 -0.0186
vn -0.0078 0.9998 -0.0181
vn 0.0384 0.9991 -0.0187
vn -0.0183 0.9997 -0.0186
vn 0.0776 0.9968 -0.0188
vn 0.2210 0.9751 -0.0209
vn 0.3277 0.9445 -0.0219
vn 0.2210 0.9750 -0.0209
vn 0.4270 0.9039 -0.0231
vn 0.2211 0.9750 -0.0209
vn 0.4275 0.9037 -0.0231
vn 0.9714 0.2365 -0.0231
vn 0.9701 0.2417 -0.0236
vn 0.9726 0.2313 -0.0225
vn 0.9317 -0.3631 -0.0118
vn 0.9575 -0.2881 -0.0143
vn 0.9561 -0.2926 -0.0136
vn 0.9022 -0.4313 -0.0105
vn 0.8596 -0.5108 -0.0093
vn 0.9021 -0.4313 -0.0105
vn 0.8501 -0.5265 -0.0093
vn 0.8596 -0.5109 -0.0093
vn 0.8297 -0.5581 -0.0079
vn 0.8501 -0.5266 -0.0093
vn 0.8204 -0.5718 -0.0074
vn 0.7591 -0.6509 -0.0050
vn 0.8203 -0.5718 -0.0074
vn 0.7454 -0.6666 -0.0046
vn 0.7591 -0.6510 -0.0050
vn 0.6813 -0.7320 -0.0018
vn 0.6331 -0.7740 -0.0000
vn 0.7509 -0.6603 -0.0127
vn 0.5459 -0.8379 0.0029
vn 0.6331 -0.7741 -0.0000
vn 0.5013 -0.8653 0.0036
vn 0.7887 -0.6143 -0.0226
vn 0.7510 -0.6602 -0.0127
vn 0.8138 -0.5802 -0.0314
vn 0.4033 -0.9151 0.0058
vn 0.5458 -0.8379 0.0029
vn 0.3486 -0.9372 0.0078
vn 0.4033 -0.9150 0.0058
vn 0.8397 -0.5420 -0.0330
vn 0.7888 -0.6143 -0.0226
vn 0.8510 -0.5242 -0.0308
vn 0.2510 -0.9679 0.0118
vn 0.3485 -0.9373 0.0078
vn 0.3486 -0.9373 0.0078
vn 0.2035 -0.9790 0.0148
vn 0.8782 -0.4774 -0.0303
vn 0.8398 -0.5420 -0.0330
vn 0.8511 -0.5242 -0.0308
vn 0.9032 -0.4280 -0.0335
vn 0.1369 -0.9904 0.0171
vn 0.1041 -0.9944 0.0189
vn 0.9228 -0.3836 -0.0371
vn 0.9032 -0.4279 -0.0335
vn 0.9943 -0.0882 -0.0591
vn 0.9770 -0.2076 -0.0497
vn 0.0572 -0.9981 0.0208
vn 0.1368 -0.9904 0.0171
vn 0.1040 -0.9944 0.0189
vn 0.0392 -0.9990 0.0215
vn 0.9789 0.1912 -0.0722
vn 0.9944 -0.0881 -0.0591
vn 0.9978 0.0159 -0.0650
vn 0.9734 0.2167 -0.0747
vn 0.0242 -0.9995 0.0215
vn 0.0246 -0.9995 0.0213
vn 0.0241 -0.9995 0.0215
vn 0.3817 0.9216 -0.0704
vn 0.4586 0.8853 -0.0772
vn 0.5121 0.8557 -0.0748
vn 0.5122 0.8556 -0.0748
vn 0.2716 0.9604 -0.0623
vn 0.0247 -0.9995 0.0215
vn 0.0245 -0.9995 0.0213
vn 0.0237 -0.9995 0.0223
vn 0.0248 -0.9995 0.0215
vn 0.0712 0.9960 -0.0537
vn 0.3816 0.9216 -0.0704
vn 0.2715 0.9604 -0.0623
vn 0.0292 0.9982 -0.0522
vn 0.0250 -0.9994 0.0230
vn 0.0238 -0.9994 0.0247
vn 0.0250 -0.9994 0.0229
vn -0.0233 0.9984 -0.0519
vn -0.0265 0.9982 -0.0529
vn 0.0263 -0.9993 0.0256
vn 0.0239 -0.9994 0.0246
vn 0.0231 -0.9993 0.0287
vn -0.0279 0.9982 -0.0534
vn -0.0264 0.9982 -0.0529
vn -0.0264 0.9982 -0.0531
vn -0.0325 0.9980 -0.0550
vn 0.0236 -0.9993 0.0306
vn 0.0143 -0.9992 0.0360
vn -0.0378 0.9977 -0.0561
vn -0.0436 0.9972 -0.0604
vn -0.0379 0.9977 -0.0562
vn -0.0583 -0.9974 0.0427
vn 0.0144 -0.9992 0.0360
vn -0.1301 -0.9903 0.0490
vn -0.0477 0.9968 -0.0635
vn -0.0379 0.9977 -0.0561
vn -0.0531 0.9961 -0.0707
vn -0.0563 0.9956 -0.0748
vn -0.0478 0.9968 -0.0635
vn -0.3904 -0.9187 0.0606
vn -0.0584 -0.9974 0.0427
vn -0.1302 -0.9903 0.0489
vn -0.0605 0.9949 -0.0805
vn -0.3678 -0.9281 0.0580
vn -0.0661 0.9944 -0.0819
vn -0.0704 0.9942 -0.0811
vn -0.0847 0.9933 -0.0781
vn -0.0662 0.9944 -0.0819
vn -0.3679 -0.9281 0.0580
vn -0.7174 -0.6932 0.0693
vn -0.3904 -0.9186 0.0606
vn -0.0936 0.9934 -0.0667
vn -0.1402 0.9884 -0.0576
vn -0.0935 0.9934 -0.0667
vn -0.2441 0.9662 -0.0826
vn -0.5184 -0.8527 0.0642
vn -0.4805 -0.8745 0.0660
vn -0.5933 -0.8049 0.0096
vn -0.9254 -0.3727 0.0680
vn -0.8684 -0.4910 0.0693
vn -0.7783 -0.6241 0.0694
vn -0.9657 -0.2516 0.0642
vn -0.9255 -0.3727 0.0680
vn -0.4804 -0.8745 0.0660
vn -0.6390 -0.7690 -0.0200
vn -0.9951 -0.0808 0.0572
vn -0.9657 -0.2515 0.0642
vn -0.9979 -0.0298 0.0568
vn -0.7044 -0.7081 -0.0498
vn -0.8423 -0.5218 -0.1355
vn -0.5934 -0.8049 0.0096
vn -0.8061 -0.5824 -0.1050
vn -0.9041 -0.3916 -0.1712
vn -0.9976 0.0417 0.0561
vn -0.9979 -0.0297 0.0568
vn -0.9963 0.0637 0.0578
vn -0.9435 -0.2500 -0.2173
vn -0.8423 -0.5217 -0.1356
vn -0.9436 -0.2500 -0.2173
vn -0.9041 -0.3915 -0.1712
vn -0.9618 -0.1388 -0.2361
vn -0.9931 0.1029 0.0557
vn -0.9901 0.1291 0.0552
vn -0.9645 -0.0977 -0.2453
vn -0.9675 -0.0202 -0.2520
vn -0.9716 0.2313 0.0505
vn -0.9493 0.3108 0.0469
vn -0.9746 -0.0139 -0.2235
vn -0.9746 -0.0138 -0.2235
vn -0.9652 0.1438 -0.2185
vn -0.8445 0.5346 0.0309
vn -0.9493 0.3108 0.0468
vn -0.7467 0.6650 0.0164
vn -0.9652 0.1439 -0.2185
vn -0.9615 0.2101 -0.1774
vn -0.9614 0.2102 -0.1774
vn -0.9265 0.3316 -0.1781
vn -0.5182 0.8552 -0.0108
vn -0.8445 0.5347 0.0309
vn -0.7466 0.6651 0.0163
vn -0.3970 0.9175 -0.0241
vn -0.9265 0.3315 -0.1780
vn -0.9524 0.2671 -0.1467
vn -0.4678 0.8714 -0.1478
vn -0.4916 0.8586 -0.1457
vn -0.4957 0.8558 -0.1478
vn -0.3780 0.9184 -0.1166
vn -0.2442 0.9662 -0.0826
vn -0.9681 0.2186 0.1228
vn -0.9620 0.2475 0.1154
vn -0.9464 0.3081 0.0973
vn -0.9756 0.1731 0.1351
vn -0.9620 0.2475 0.1155
vn -0.9775 0.1603 0.1370
vn -0.1592 0.9872 -0.0106
vn -0.1222 0.9925 -0.0101
vn -0.1715 0.9850 0.0180
vn -0.2037 0.9780 0.0458
vn -0.1593 0.9872 -0.0106
vn -0.1822 0.9765 0.1151
vn -0.2248 0.9665 0.1240
vn -0.1566 0.9753 0.1558
vn -0.1821 0.9765 0.1151
vn -0.0821 0.9873 0.1362
vn -0.1565 0.9753 0.1558
vn 0.8810 0.4648 -0.0881
vn 0.8226 0.5603 -0.0968
vn 0.8589 0.5041 -0.0902
vn 0.9061 0.4148 -0.0834
vn 0.9197 0.3836 -0.0835
vn -0.1539 0.9880 -0.0155
vn -0.1115 0.9936 -0.0153
vn -0.1680 0.9857 0.0132
vn -0.1989 0.9791 0.0416
vn -0.1540 0.9880 -0.0155
vn -0.7189 -0.6774 0.1558
vn -0.7308 -0.6641 0.1577
vn -0.7541 -0.6369 0.1605
vn -0.7006 -0.6969 0.1533
vn -0.6944 -0.7033 0.1519
vn -0.7365 0.6310 0.2439
vn -0.7516 0.6122 0.2455
vn -0.7272 0.6373 0.2549
vn -0.6506 0.7135 0.2601
vn -0.5622 0.7659 0.3118
vn -0.5622 0.7660 0.3118
vn -0.4893 0.8205 0.2955
vn -0.6505 0.7136 0.2600
vn -0.5092 0.7847 0.3535
vn -0.4893 0.8205 0.2956
vn -0.5460 0.7515 0.3703
vn -0.5093 0.7846 0.3535
vn 0.5536 0.8307 -0.0587
vn 0.5887 0.8058 -0.0645
vn 0.6382 0.7662 -0.0752
vn 0.5088 0.8594 -0.0502
vn 0.4803 0.8758 -0.0468
vn 0.9443 0.3131 -0.1014
vn 0.9502 0.2953 -0.0997
vn 0.9667 0.2380 -0.0935
vn 0.9308 0.3500 -0.1051
vn 0.9502 0.2954 -0.0997
vn 0.9316 0.3481 -0.1046
vn 0.9309 0.3498 -0.1050
vn -0.9463 0.3082 0.0973
vn -0.9775 0.1604 0.1370
vn -0.8181 -0.5518 0.1619
vn -0.8287 -0.5355 0.1631
vn -0.8570 -0.4879 0.1661
vn -0.7969 -0.5827 0.1594
vn -0.8286 -0.5355 0.1631
vn -0.7961 -0.5838 0.1592
vn -0.7970 -0.5826 0.1594
vn -0.6980 0.6851 0.2083
vn -0.7119 0.6702 0.2097
vn -0.6862 0.6916 0.2256
vn -0.6352 0.7341 0.2398
vn -0.6353 0.7341 0.2398
vn -0.5728 0.7625 0.3009
vn -0.5727 0.7625 0.3009
vn -0.5473 0.7818 0.2988
vn -0.5338 0.7722 0.3447
vn -0.5295 0.7758 0.3432
vn -0.5337 0.7722 0.3447
vn -0.1223 0.9924 -0.0153
vn -0.1124 0.9935 -0.0152
vn -0.1256 0.9920 0.0108
vn -0.1547 0.9873 0.0355
vn -0.1552 0.9816 0.1109
vn -0.1553 0.9816 0.1110
vn -0.2023 0.9722 0.1175
vn -0.1547 0.9873 0.0356
vn -0.1443 0.9764 0.1607
vn -0.1552 0.9816 0.1110
vn -0.0836 0.9859 0.1451
vn -0.1442 0.9764 0.1607
vn 0.7269 0.6826 -0.0746
vn 0.7545 0.6519 -0.0762
vn 0.7938 0.6027 -0.0813
vn 0.6905 0.7198 -0.0709
vn 0.7269 0.6827 -0.0746
vn 0.6683 0.7405 -0.0709
vn -0.9546 -0.2457 0.1686
vn -0.9665 -0.1921 0.1701
vn -0.9613 -0.2151 0.1724
vn -0.9508 -0.2611 0.1667
vn -0.9220 -0.3507 0.1642
vn -0.9545 -0.2458 0.1686
vn -0.4365 0.8896 0.1342
vn -0.5069 0.8506 0.1399
vn -0.4104 0.9007 0.1422
vn -0.4104 0.9008 0.1422
vn -0.3803 0.9128 0.1491
vn -0.4364 0.8897 0.1342
vn -0.3774 0.9016 0.2114
vn -0.4076 0.8873 0.2159
vn -0.3651 0.8932 0.2624
vn -0.3354 0.9069 0.2551
vn 0.9519 0.2880 -0.1047
vn 0.9596 0.2631 -0.0992
vn 0.9645 0.2454 -0.0973
vn 0.9448 0.3091 -0.1084
vn 0.9343 0.3372 -0.1155
vn 0.9448 0.3092 -0.1084
vn -0.9681 0.2163 0.1266
vn -0.9627 0.2428 0.1198
vn -0.9490 0.2981 0.1029
vn -0.9681 0.2162 0.1266
vn -0.9749 0.1747 0.1381
vn -0.9627 0.2427 0.1198
vn -0.9767 0.1628 0.1400
vn -0.9749 0.1746 0.1382
vn 0.9772 0.1935 -0.0875
vn 0.9803 0.1782 -0.0856
vn 0.9870 0.1387 -0.0818
vn 0.9712 0.2206 -0.0902
vn 0.9703 0.2239 -0.0912
vn 0.9712 0.2207 -0.0902
vn -0.1190 0.9928 -0.0158
vn -0.1141 0.9933 -0.0158
vn -0.1207 0.9926 0.0106
vn -0.1505 0.9880 0.0351
vn -0.1715 0.9788 0.1121
vn -0.2096 0.9710 0.1153
vn -0.1506 0.9880 0.0351
vn -0.1789 0.9702 0.1634
vn -0.2096 0.9710 0.1154
vn -0.1715 0.9788 0.1122
vn -0.1422 0.9778 0.1540
vn -0.9891 -0.0462 0.1396
vn -0.9904 -0.0109 0.1380
vn -0.9906 -0.0044 0.1370
vn -0.9878 -0.0671 0.1408
vn -0.9829 -0.1167 0.1421
vn -0.1901 0.9806 0.0475
vn -0.1816 0.9822 0.0471
vn -0.1998 0.9772 0.0715
vn -0.2397 0.9661 0.0962
vn -0.2619 0.9494 0.1732
vn -0.3204 0.9298 0.1813
vn -0.2631 0.9379 0.2259
vn -0.3205 0.9297 0.1814
vn -0.1854 0.9601 0.2094
vn -0.2630 0.9380 0.2259
vn 0.9637 0.2454 -0.1054
vn 0.9703 0.2191 -0.1029
vn 0.9784 0.1802 -0.1013
vn 0.9637 0.2455 -0.1054
vn 0.9547 0.2777 -0.1072
vn 0.9483 0.2975 -0.1102
vn -0.9624 0.2460 0.1150
vn -0.9533 0.2823 0.1074
vn -0.9435 0.3166 0.0973
vn -0.9698 0.2102 0.1236
vn -0.9764 0.1725 0.1296
vn -0.9614 0.2386 0.1372
vn -0.9510 0.2799 0.1314
vn -0.9396 0.3197 0.1224
vn -0.9697 0.1974 0.1442
vn -0.9768 0.1547 0.1480
vn -0.1601 0.9871 -0.0012
vn -0.1239 0.9923 -0.0009
vn -0.1721 0.9849 0.0188
vn -0.1972 0.9796 0.0386
vn -0.1718 0.9784 0.1149
vn -0.1718 0.9784 0.1150
vn -0.2025 0.9716 0.1223
vn -0.1453 0.9745 0.1710
vn -0.0854 0.9841 0.1556
vn -0.0042 0.9998 0.0194
vn -0.0024 0.9998 0.0193
vn -0.0096 0.9994 0.0345
vn -0.0397 0.9979 0.0503
vn -0.0043 0.9998 0.0194
vn -0.0398 0.9979 0.0503
vn -0.0812 0.9901 0.1144
vn -0.1127 0.9867 0.1174
vn -0.1056 0.9810 0.1628
vn -0.0789 0.9843 0.1577
vn 0.6736 0.1936 0.7133
vn 0.6924 0.1498 0.7058
vn 0.6807 0.1399 0.7191
vn 0.6608 0.2437 0.7099
vn 0.6531 0.3023 0.6943
vn 0.6736 0.1937 0.7133
vn 0.6608 0.2438 0.7099
vn 0.6432 0.3077 0.7012
vn 0.6531 0.3023 0.6944
vn 0.6178 0.3695 0.6941
vn 0.6431 0.3077 0.7012
vn 0.6431 0.3078 0.7012
vn 0.5702 0.4288 0.7007
vn 0.4669 0.5915 0.6574
vn 0.6178 0.3696 0.6941
vn 0.3529 0.6728 0.6503
vn 0.4669 0.5914 0.6574
vn 0.1657 0.8049 0.5698
vn 0.3528 0.6728 0.6502
vn 0.0300 0.8041 0.5938
vn -0.0144 0.9242 0.3817
vn 0.1656 0.8050 0.5697
vn 0.0300 0.8041 0.5937
vn -0.2635 0.7637 0.5894
vn -0.1690 0.8227 0.5428
vn -0.3603 0.7357 0.5735
vn -0.2636 0.7637 0.5893
vn -0.2636 0.7637 0.5894
vn -0.3696 0.6932 0.6188
vn -0.4060 0.6718 0.6196
vn -0.3696 0.6931 0.6188
vn -0.4209 0.6433 0.6395
vn -0.4059 0.6718 0.6196
vn -0.4268 0.6319 0.6469
vn -0.4210 0.6433 0.6395
vn -0.4210 0.6432 0.6396
vn -0.4153 0.6256 0.6604
vn -0.3865 0.6343 0.6695
vn -0.4153 0.6257 0.6604
vn -0.4152 0.6257 0.6604
vn -0.3738 0.6345 0.6765
vn -0.3476 0.6385 0.6867
vn -0.3739 0.6345 0.6765
vn -0.3350 0.6387 0.6927
vn -0.3077 0.6458 0.6988
vn -0.2939 0.6492 0.7016
vn -0.3076 0.6458 0.6988
vn -0.2659 0.6556 0.7068
vn -0.2518 0.6563 0.7112
vn -0.2658 0.6556 0.7068
vn -0.2212 0.6606 0.7174
vn -0.2081 0.6703 0.7123
vn -0.2023 0.6801 0.7047
vn -0.2055 0.6764 0.7073
vn -0.2023 0.6801 0.7046
vn -0.2075 0.6634 0.7189
vn -0.2039 0.6538 0.7287
vn -0.2075 0.6634 0.7190
vn -0.1930 0.6609 0.7252
vn -0.1890 0.6729 0.7152
vn -0.1770 0.6861 0.7056
vn -0.1866 0.6951 0.6943
vn -0.1847 0.7012 0.6886
vn -0.1933 0.7051 0.6823
vn -0.1848 0.7013 0.6886
vn -0.1938 0.7081 0.6790
vn -0.1848 0.7013 0.6885
vn -0.2039 0.7103 0.6738
vn -0.2036 0.7159 0.6678
vn -0.2039 0.7103 0.6737
vn -0.2148 0.7214 0.6584
vn -0.2250 0.7218 0.6545
vn -0.2036 0.7160 0.6678
vn -0.2148 0.7214 0.6583
vn -0.2512 0.7182 0.6489
vn -0.4007 0.7394 0.5411
vn -0.3569 0.7346 0.5770
vn -0.2750 0.7328 0.6224
vn -0.4240 0.7305 0.5353
vn -0.2931 0.7346 0.6119
vn -0.3701 0.7030 0.6073
vn -0.4677 0.7100 0.5265
vn -0.5179 0.6608 0.5433
vn -0.3702 0.7030 0.6073
vn -0.4602 0.6501 0.6046
vn -0.5863 0.6260 0.5141
vn 0.9641 0.2436 -0.1059
vn 0.9698 0.2210 -0.1029
vn 0.9740 0.2024 -0.1020
vn 0.9585 0.2640 -0.1078
vn 0.9698 0.2211 -0.1029
vn 0.9510 0.2883 -0.1117
vn 0.9585 0.2641 -0.1078
vn 0.9304 0.3476 -0.1161
vn 0.8946 0.4257 -0.1355
vn 0.9171 0.3795 -0.1222
vn 0.9171 0.3795 -0.1223
vn 0.9456 0.3076 -0.1061
vn 0.9536 0.2828 -0.1035
vn 0.9349 0.3417 -0.0955
vn 0.9465 0.3103 -0.0885
vn 0.9509 0.2970 -0.0873
vn 0.9261 0.3638 -0.0996
vn 0.9465 0.3104 -0.0885
vn 0.9085 0.4033 -0.1091
vn -0.9587 0.2502 0.1350
vn -0.9468 0.2953 0.1279
vn -0.9342 0.3370 0.1172
vn -0.9680 0.2060 0.1435
vn -0.9762 0.1584 0.1484
vn -0.9680 0.2059 0.1435
vn -0.0068 0.9998 0.0162
vn -0.0718 0.9972 0.0189
vn 0.0105 0.9995 0.0291
vn 0.0106 0.9995 0.0291
vn 0.0270 0.9988 0.0415
vn 0.0270 0.9988 0.0416
vn -0.0429 0.9928 0.1120
vn -0.0436 0.9931 0.1089
vn -0.0968 0.9811 0.1677
vn -0.0436 0.9931 0.1090
vn -0.1291 0.9762 0.1741
vn -0.0969 0.9811 0.1677
vn -0.9533 0.2765 0.1214
vn -0.9481 0.2965 0.1151
vn -0.9266 0.3640 0.0943
vn -0.9533 0.2764 0.1215
vn -0.9634 0.2317 0.1346
vn -0.9625 0.2359 0.1339
vn 0.9664 0.2324 -0.1101
vn 0.9710 0.2137 -0.1074
vn 0.9744 0.1982 -0.1065
vn 0.9619 0.2494 -0.1118
vn 0.9561 0.2694 -0.1153
vn -0.9634 0.2288 0.1394
vn -0.9532 0.2716 0.1330
vn -0.9443 0.3045 0.1248
vn -0.9635 0.2287 0.1394
vn -0.9708 0.1903 0.1464
vn -0.9783 0.1417 0.1514
vn -0.9708 0.1902 0.1464
vn -0.0358 0.9992 0.0176
vn -0.0664 0.9976 0.0188
vn -0.0299 0.9991 0.0311
vn -0.0156 0.9989 0.0443
vn -0.0155 0.9989 0.0443
vn -0.0472 0.9924 0.1137
vn -0.0452 0.9926 0.1131
vn -0.0735 0.9829 0.1687
vn -0.0472 0.9924 0.1138
vn -0.0800 0.9822 0.1701
vn 0.0134 0.9993 0.0344
vn -0.0188 0.9993 0.0338
vn 0.0081 0.9981 0.0611
vn -0.0077 0.9962 0.0867
vn 0.0081 0.9981 0.0612
vn -0.1244 0.9716 0.2011
vn -0.1171 0.9738 0.1952
vn -0.2125 0.9342 0.2867
vn -0.1171 0.9737 0.1952
vn -0.1244 0.9716 0.2012
vn -0.2577 0.9203 0.2945
vn -0.2126 0.9341 0.2867
vn 0.9655 0.2395 -0.1027
vn 0.9706 0.2192 -0.0996
vn 0.9743 0.2022 -0.0987
vn 0.9605 0.2580 -0.1046
vn 0.9539 0.2797 -0.1086
vn 0.9370 0.3348 -0.0999
vn 0.9477 0.3052 -0.0935
vn 0.9550 0.2822 -0.0910
vn 0.9268 0.3608 -0.1042
vn 0.9126 0.3930 -0.1124
vn -0.9501 0.2867 0.1233
vn -0.9404 0.3198 0.1159
vn -0.9305 0.3507 0.1058
vn -0.9581 0.2542 0.1318
vn -0.9404 0.3197 0.1159
vn -0.9658 0.2197 0.1375
vn -0.9695 0.2020 0.1388
vn -0.9594 0.2489 0.1326
vn -0.9546 0.2693 0.1275
vn -0.9752 0.1680 0.1442
vn -0.9828 0.1069 0.1503
vn 0.0270 0.9995 0.0158
vn -0.0056 0.9998 0.0169
vn 0.0350 0.9989 0.0307
vn 0.0315 0.9985 0.0454
vn -0.0209 0.9923 0.1225
vn -0.0324 0.9921 0.1213
vn -0.0590 0.9813 0.1834
vn -0.0324 0.9921 0.1214
vn -0.0696 0.9801 0.1857
vn -0.1309 0.9913 -0.0097
vn -0.1205 0.9927 -0.0096
vn -0.1344 0.9908 0.0161
vn -0.1344 0.9908 0.0162
vn -0.1655 0.9854 0.0401
vn -0.1310 0.9913 -0.0097
vn -0.1791 0.9770 0.1153
vn -0.2161 0.9691 0.1187
vn -0.1805 0.9696 0.1653
vn -0.2161 0.9691 0.1188
vn -0.1792 0.9770 0.1153
vn -0.1424 0.9775 0.1553
vn 0.9672 0.2356 -0.0949
vn 0.9695 0.2262 -0.0940
vn 0.9748 0.2029 -0.0926
vn 0.9630 0.2519 -0.0959
vn 0.9623 0.2544 -0.0965
vn 0.1341 -0.9909 0.0081
vn 0.1359 -0.9907 0.0088
vn 0.1360 -0.9907 0.0089
vn 0.1259 -0.9920 0.0059
vn 0.1384 -0.9896 0.0383
vn 0.1260 -0.9920 0.0059
vn 0.1003 -0.9950 0.0018
vn 0.0813 -0.9967 0.0008
vn 0.0656 -0.9978 -0.0000
vn 0.0436 -0.9984 0.0349
vn 0.0515 -0.9987 -0.0004
vn 0.0514 -0.9987 -0.0004
vn 0.0350 -0.9994 -0.0004
vn 0.0240 -0.9992 0.0333
vn 0.0351 -0.9994 -0.0004
vn 0.0203 -0.9998 -0.0037
vn 0.0202 -0.9998 -0.0037
vn -0.0536 -0.9965 0.0634
vn -0.7175 -0.6742 0.1751
vn -0.7702 -0.5516 0.3203
vn -0.1691 -0.9809 0.0967
vn -0.4140 -0.9086 0.0558
vn -0.2062 -0.9771 0.0522
vn -0.6021 -0.7819 0.1615
vn -0.4141 -0.9085 0.0557
vn -0.9753 0.2200 0.0168
vn -0.9756 0.2189 0.0171
vn -0.9533 0.3017 0.0164
vn -0.9533 0.3017 0.0163
vn -0.9240 0.3821 0.0157
vn -0.9754 0.2200 0.0168
vn -0.9239 0.3822 0.0157
vn -0.9532 0.3018 0.0164
vn -0.8724 0.4886 0.0148
vn -0.8552 0.5180 0.0146
vn -0.8723 0.4887 0.0148
vn -0.8312 0.5558 0.0143
vn -0.8253 0.5646 0.0146
vn -0.8552 0.5181 0.0146
vn -0.8252 0.5646 0.0146
vn -0.8057 0.5921 0.0144
vn -0.8058 0.5921 0.0144
vn -0.7919 0.6105 0.0144
vn -0.7536 0.6572 0.0138
vn -0.7300 0.6833 0.0156
vn -0.7535 0.6573 0.0138
vn -0.6787 0.7342 0.0166
vn -0.6512 0.7587 0.0162
vn -0.6512 0.7588 0.0162
vn -0.5919 0.8059 0.0130
vn -0.5617 0.8272 0.0123
vn -0.4947 0.8689 0.0124
vn -0.4947 0.8690 0.0124
vn -0.4561 0.8898 0.0117
vn -0.4561 0.8899 0.0117
vn -0.3435 0.9391 0.0082
vn -0.3432 0.9392 0.0065
vn -0.2324 0.9726 0.0060
vn -0.1952 0.9808 0.0051
vn -0.2324 0.9726 0.0058
vn -0.1232 0.9924 0.0029
vn -0.0880 0.9961 0.0017
vn -0.0468 0.9989 0.0009
vn -0.1232 0.9924 0.0028
vn -0.0412 0.9992 0.0007
vn -0.0467 0.9989 0.0009
vn -0.0357 0.9994 0.0007
vn -0.0356 0.9994 0.0004
vn -0.0372 0.9993 0.0001
vn -0.0358 0.9994 0.0005
vn -0.0360 0.9994 0.0002
vn -0.0360 0.9994 0.0004
vn -0.0380 0.9993 -0.0000
vn -0.0399 0.9992 -0.0000
vn -0.0371 0.9993 0.0001
vn -0.0381 0.9993 -0.0000
vn -0.0406 0.9992 -0.0002
vn -0.0398 0.9992 -0.0000
vn -0.0417 0.9991 -0.0000
vn -0.0408 0.9992 -0.0002
vn -0.0408 0.9992 -0.0003
vn -0.0414 0.9991 -0.0006
vn 0.0236 0.9997 0.0010
vn -0.0419 0.9991 -0.0006
vn -0.0416 0.9991 -0.0009
vn -0.0416 0.9991 -0.0010
vn 0.0893 0.9960 0.0029
vn 0.0237 0.9997 0.0010
vn 0.2059 0.9786 0.0067
vn 0.2572 0.9663 0.0085
vn 0.2058 0.9786 0.0067
vn 0.4457 0.8950 0.0148
vn 0.2573 0.9663 0.0085
vn 0.5765 0.8169 0.0189
vn 0.7772 0.6287 0.0253
vn 0.4458 0.8950 0.0148
vn 0.5766 0.8168 0.0190
vn 0.8513 0.5240 0.0272
vn 0.9529 0.3019 0.0301
vn 0.7773 0.6287 0.0253
vn 0.8513 0.5239 0.0272
vn 0.9820 0.1853 0.0355
vn 0.9985 0.0365 0.0407
vn 0.9529 0.3018 0.0301
vn 0.9821 0.1852 0.0355
vn 0.9987 0.0059 0.0504
vn 0.9985 0.0365 0.0405
vn 0.9983 -0.0199 0.0548
vn 0.9982 -0.0142 0.0589
vn 0.9963 -0.0632 0.0579
vn 0.9913 -0.1181 0.0583
vn 0.9833 -0.1722 0.0584
vn 0.9913 -0.1181 0.0584
vn 0.9828 -0.1748 0.0602
vn 0.9833 -0.1722 0.0585
vn 0.5436 -0.8304 0.1226
vn 0.6199 -0.7837 0.0377
vn 0.5418 -0.8374 0.0715
vn 0.6202 -0.7835 0.0376
vn 0.6208 -0.7830 0.0374
vn 0.9813 -0.1818 -0.0626
vn 0.9734 -0.2202 -0.0637
vn 0.9725 -0.2242 -0.0629
vn 0.9725 -0.2243 -0.0629
vn 0.9892 -0.1312 -0.0651
vn 0.9942 -0.0835 -0.0673
vn 0.9814 -0.1817 -0.0626
vn 0.9943 -0.0805 -0.0693
vn 0.9942 -0.0835 -0.0672
vn 0.9964 -0.0487 -0.0689
vn 0.9942 -0.0836 -0.0672
vn 0.9977 -0.0203 -0.0653
vn 0.9909 0.1282 -0.0399
vn 0.9977 -0.0202 -0.0653
vn 0.9699 0.2431 -0.0133
vn 0.8604 0.5084 0.0335
vn 0.9909 0.1283 -0.0399
vn 0.9699 0.2432 -0.0133
vn 0.7545 0.6538 0.0571
vn 0.8605 0.5084 0.0335
vn 0.5148 0.8528 0.0884
vn 0.8604 0.5085 0.0335
vn 0.3613 0.9276 0.0950
vn 0.5147 0.8528 0.0884
vn 0.1779 0.9790 0.0994
vn 0.2666 0.9432 0.1981
vn 0.1301 0.9867 0.0976
vn 0.0362 0.9947 0.0959
vn -0.0291 0.9956 0.0887
vn -0.0889 0.9927 0.0813
vn -0.0292 0.9956 0.0887
vn -0.0843 0.9938 0.0727
vn -0.0749 0.9948 0.0693
vn -0.0711 0.9955 0.0632
vn -0.0642 0.9961 0.0606
vn -0.0614 0.9965 0.0562
vn -0.0563 0.9969 0.0543
vn -0.0548 0.9972 0.0514
vn -0.0694 0.9963 0.0505
vn -0.0563 0.9969 0.0544
vn -0.0547 0.9972 0.0514
vn -0.0782 0.9949 0.0643
vn -0.1402 0.9866 0.0831
vn -0.0695 0.9963 0.0505
vn -0.1612 0.9811 0.1075
vn -0.1402 0.9866 0.0832
vn -0.2661 0.9562 0.1222
vn -0.1612 0.9810 0.1075
vn -0.2792 0.9499 0.1406
vn -0.3996 0.9033 0.1564
vn -0.2662 0.9561 0.1222
vn -0.2793 0.9499 0.1406
vn -0.3989 0.8998 0.1765
vn -0.3995 0.9033 0.1564
vn -0.5116 0.8378 0.1906
vn -0.3990 0.8998 0.1765
vn -0.3989 0.8998 0.1766
vn -0.4881 0.8461 0.2143
vn -0.5752 0.7856 0.2277
vn -0.4882 0.8460 0.2143
vn -0.5401 0.8035 0.2502
vn -0.5752 0.7857 0.2277
vn -0.6287 0.7339 0.2572
vn -0.5753 0.7856 0.2277
vn -0.5973 0.7519 0.2789
vn -0.6375 0.7121 0.2941
vn -0.6288 0.7338 0.2572
vn -0.5974 0.7519 0.2789
vn -0.5846 0.7534 0.3010
vn -0.6374 0.7122 0.2941
vn -0.6317 0.7105 0.3099
vn -0.6534 0.6863 0.3194
vn -0.6375 0.7122 0.2941
vn -0.6318 0.7105 0.3099
vn -0.5000 0.7257 0.4726
vn -0.6967 0.6209 0.3592
vn -0.6467 0.6891 0.3268
vn -0.5000 0.7258 0.4726
vn -0.4241 0.7305 0.5352
vn -0.5395 0.7113 0.4506
vn -0.5235 0.6925 0.4963
vn -0.6968 0.6209 0.3592
vn -0.5236 0.6925 0.4964
vn -0.5864 0.6260 0.5141
vn -0.6618 0.5828 0.4716
vn -0.7642 0.4994 0.4083
vn -0.9725 0.1921 0.1313
vn -0.9626 0.2402 0.1251
vn -0.9572 0.2638 0.1194
vn -0.9726 0.1921 0.1313
vn -0.9782 0.1558 0.1370
vn -0.9852 0.0945 0.1429
vn -0.0347 0.9991 0.0235
vn -0.0648 0.9976 0.0241
vn -0.0280 0.9988 0.0400
vn -0.0145 0.9983 0.0562
vn -0.0145 0.9983 0.0563
vn -0.0595 0.9892 0.1339
vn -0.0433 0.9906 0.1300
vn -0.0993 0.9759 0.1942
vn -0.0595 0.9892 0.1340
vn -0.1363 0.9699 0.2017
vn -0.0993 0.9759 0.1943
vn 0.9707 0.2219 -0.0925
vn 0.9755 0.2010 -0.0889
vn 0.9798 0.1799 -0.0874
vn 0.9707 0.2220 -0.0924
vn 0.9654 0.2428 -0.0950
vn 0.9755 0.2011 -0.0889
vn 0.9707 0.2220 -0.0925
vn 0.9595 0.2635 -0.0995
vn -0.9666 0.2194 0.1327
vn -0.9557 0.2653 0.1273
vn -0.9577 0.2568 0.1297
vn -0.9705 0.2005 0.1341
vn -0.9557 0.2654 0.1273
vn -0.9817 0.1260 0.1426
vn -0.9705 0.2005 0.1342
vn 0.0264 0.9995 0.0187
vn -0.0054 0.9998 0.0193
vn 0.0286 0.9989 0.0364
vn 0.0178 0.9984 0.0535
vn -0.0587 0.9883 0.1407
vn -0.0746 0.9874 0.1398
vn -0.1145 0.9712 0.2090
vn -0.0746 0.9873 0.1399
vn -0.1180 0.9706 0.2097
vn 0.9670 0.2358 -0.0961
vn 0.9713 0.2187 -0.0934
vn 0.9771 0.1922 -0.0914
vn 0.9613 0.2574 -0.0983
vn 0.9576 0.2697 -0.1013
vn -0.9515 0.2747 0.1384
vn -0.9433 0.3052 0.1308
vn -0.9300 0.3488 0.1163
vn -0.9600 0.2371 0.1491
vn -0.9650 0.2131 0.1532
vn -0.1582 0.9873 -0.0109
vn -0.1201 0.9927 -0.0106
vn -0.1708 0.9851 0.0195
vn -0.1976 0.9790 0.0497
vn -0.1976 0.9728 0.1209
vn -0.2025 0.9717 0.1219
vn -0.1969 0.9670 0.1615
vn -0.1976 0.9728 0.1210
vn -0.1897 0.9688 0.1595
vn -0.9667 0.2129 0.1418
vn -0.9601 0.2439 0.1370
vn -0.9568 0.2588 0.1327
vn -0.9709 0.1898 0.1462
vn -0.9770 0.1504 0.1509
vn -0.0118 0.9995 0.0279
vn -0.0124 0.9995 0.0279
vn -0.0193 0.9987 0.0472
vn -0.0193 0.9987 0.0473
vn -0.0529 0.9964 0.0662
vn -0.0116 0.9995 0.0279
vn -0.1141 0.9811 0.1560
vn -0.1142 0.9811 0.1560
vn -0.1490 0.9761 0.1585
vn -0.1538 0.9620 0.2256
vn -0.1490 0.9760 0.1585
vn -0.1236 0.9677 0.2196
vn 0.9722 0.2175 -0.0865
vn 0.9763 0.1995 -0.0839
vn 0.9828 0.1661 -0.0813
vn 0.9659 0.2430 -0.0890
vn 0.9763 0.1996 -0.0839
vn 0.9631 0.2531 -0.0915
vn -0.9747 0.1581 0.1581
vn -0.9759 0.1491 0.1591
vn -0.9737 0.1739 0.1473
vn -0.9730 0.1819 0.1418
vn -0.9669 0.2233 0.1232
vn 0.9825 0.1717 -0.0727
vn 0.9818 0.1758 -0.0716
vn 0.9812 0.1784 -0.0730
vn 0.9828 0.1696 -0.0733
vn 0.9848 0.1582 -0.0722
vn -0.9640 0.2246 0.1421
vn -0.9533 0.2707 0.1340
vn -0.9497 0.2855 0.1286
vn -0.9698 0.1937 0.1486
vn -0.9789 0.1308 0.1572
vn -0.9698 0.1936 0.1486
vn -0.9641 0.2245 0.1421
vn -0.1147 0.9886 0.0977
vn -0.1166 0.9884 0.0976
vn -0.1329 0.9807 0.1433
vn -0.1598 0.9691 0.1876
vn -0.1146 0.9886 0.0977
vn -0.1599 0.9691 0.1877
vn -0.1329 0.9807 0.1434
vn -0.2493 0.9197 0.3032
vn -0.2492 0.9197 0.3032
vn -0.2315 0.9262 0.2977
vn -0.1598 0.9691 0.1877
vn -0.3130 0.8741 0.3715
vn -0.2493 0.9197 0.3033
vn -0.3609 0.8523 0.3786
vn -0.3131 0.8740 0.3715
vn -0.9695 0.2022 0.1388
vn -0.9587 0.2518 0.1322
vn -0.9588 0.2513 0.1323
vn -0.9739 0.1774 0.1419
vn -0.9834 0.1011 0.1509
vn -0.9739 0.1773 0.1419
vn -0.9757 0.1522 0.1574
vn -0.9776 0.1368 0.1597
vn -0.9756 0.1619 0.1482
vn -0.9755 0.1668 0.1436
vn -0.9693 0.2118 0.1249
vn 0.9873 0.1265 -0.0962
vn 0.9853 0.1389 -0.0992
vn 0.9861 0.1348 -0.0976
vn 0.9882 0.1203 -0.0947
vn 0.9882 0.1203 -0.0946
vn 0.9896 0.1099 -0.0933
vn 0.0200 0.9994 0.0298
vn -0.0066 0.9995 0.0298
vn 0.0131 0.9985 0.0535
vn -0.0063 0.9971 0.0761
vn 0.0201 0.9994 0.0298
vn -0.1137 0.9767 0.1822
vn -0.1195 0.9765 0.1792
vn -0.0064 0.9971 0.0761
vn -0.1930 0.9453 0.2628
vn -0.1195 0.9765 0.1793
vn -0.1137 0.9766 0.1823
vn -0.1138 0.9766 0.1823
vn -0.2131 0.9400 0.2664
vn -0.0780 0.9938 0.0788
vn -0.0994 0.9920 0.0775
vn -0.0870 0.9910 0.1020
vn -0.0870 0.9910 0.1021
vn -0.1044 0.9868 0.1240
vn -0.0779 0.9938 0.0788
vn -0.0869 0.9910 0.1021
vn -0.1791 0.9541 0.2400
vn -0.2055 0.9485 0.2410
vn -0.2277 0.9156 0.3313
vn -0.2055 0.9485 0.2411
vn -0.1986 0.9241 0.3265
vn 0.9399 0.3276 -0.0960
vn 0.9484 0.3033 -0.0927
vn 0.9626 0.2562 -0.0885
vn 0.9266 0.3625 -0.0995
vn 0.9212 0.3753 -0.1024
vn -0.9693 0.2142 0.1208
vn -0.9659 0.2316 0.1153
vn -0.9480 0.3034 0.0957
vn -0.9766 0.1688 0.1329
vn -0.9659 0.2316 0.1154
vn -0.9750 0.1791 0.1315
vn -0.9693 0.2141 0.1208
vn -0.1902 0.9817 -0.0000
vn -0.1843 0.9829 -0.0000
vn -0.1921 0.9810 0.0273
vn -0.1993 0.9784 0.0544
vn -0.1750 0.9764 0.1263
vn -0.2115 0.9681 0.1345
vn -0.1489 0.9740 0.1710
vn -0.2116 0.9681 0.1346
vn -0.1750 0.9764 0.1264
vn -0.0803 0.9849 0.1535
vn -0.1488 0.9740 0.1710
vn 0.9507 0.2933 -0.1003
vn 0.9595 0.2646 -0.0965
vn 0.9756 0.2003 -0.0901
vn 0.9350 0.3388 -0.1051
vn 0.9306 0.3499 -0.1076
vn -0.9706 0.2103 0.1167
vn -0.9605 0.2566 0.1075
vn -0.9477 0.3051 0.0936
vn -0.9785 0.1621 0.1278
vn -0.9605 0.2565 0.1075
vn -0.9841 0.1166 0.1342
vn -0.1589 0.9872 -0.0135
vn -0.1215 0.9925 -0.0136
vn -0.1713 0.9851 0.0135
vn -0.1934 0.9803 0.0407
vn -0.1657 0.9790 0.1191
vn -0.1904 0.9736 0.1259
vn -0.1391 0.9756 0.1701
vn -0.1657 0.9789 0.1191
vn -0.0855 0.9840 0.1563
vn -0.1390 0.9756 0.1701
vn 0.9459 0.3081 -0.1019
vn 0.9512 0.2916 -0.1005
vn 0.9672 0.2359 -0.0948
vn 0.9459 0.3082 -0.1019
vn 0.9332 0.3436 -0.1053
vn 0.9512 0.2917 -0.1005
vn 0.9343 0.3407 -0.1046
vn -0.9704 0.2118 0.1165
vn -0.9781 0.1643 0.1275
vn -0.9606 0.2565 0.1075
vn -0.9836 0.1210 0.1336
vn -0.9781 0.1642 0.1275
vn -0.1264 0.9919 -0.0136
vn -0.1296 0.9915 0.0113
vn -0.1297 0.9915 0.0113
vn -0.1517 0.9878 0.0350
vn -0.1517 0.9878 0.0351
vn -0.1490 0.9827 0.1104
vn -0.1490 0.9826 0.1105
vn -0.1901 0.9748 0.1170
vn -0.1358 0.9775 0.1614
vn -0.0791 0.9861 0.1461
vn 0.5427 0.2761 0.7933
vn 0.5509 0.2839 0.7848
vn 0.5117 0.2119 0.8327
vn 0.5117 0.2118 0.8327
vn 0.4866 0.1763 0.8557
vn 0.5426 0.2761 0.7933
vn 0.5116 0.2119 0.8327
vn 0.4435 0.1886 0.8762
vn 0.4225 0.1981 0.8845
vn 0.3835 0.2098 0.8994
vn 0.3657 0.2169 0.9051
vn 0.3657 0.2170 0.9051
vn 0.3334 0.2221 0.9162
vn 0.3191 0.2243 0.9208
vn 0.3334 0.2221 0.9163
vn 0.2912 0.2283 0.9290
vn 0.2778 0.2329 0.9320
vn 0.2491 0.2390 0.9385
vn 0.2357 0.3166 0.9188
vn 0.2778 0.2330 0.9320
vn 0.2490 0.2390 0.9385
vn 0.2140 0.4477 0.8682
vn 0.2141 0.4478 0.8681
vn 0.2315 0.4578 0.8584
vn 0.2291 0.5638 0.7935
vn 0.2316 0.4578 0.8584
vn 0.2139 0.4481 0.8680
vn 0.2126 0.6391 0.7392
vn 0.2291 0.5639 0.7934
vn 0.2619 0.6706 0.6940
vn 0.2126 0.6391 0.7391
vn 0.2375 0.7159 0.6566
vn 0.2594 0.7531 0.6046
vn 0.2376 0.7159 0.6566
vn 0.2030 0.7822 0.5890
vn 0.1867 0.8135 0.5508
vn 0.2594 0.7532 0.6045
vn 0.0836 0.8107 0.5795
vn 0.0186 0.8073 0.5898
vn 0.0835 0.8107 0.5795
vn -0.0972 0.7624 0.6398
vn 0.0185 0.8073 0.5898
vn -0.1741 0.7172 0.6748
vn -0.1805 0.7085 0.6823
vn -0.2308 0.6606 0.7144
vn -0.2768 0.6261 0.7290
vn -0.1742 0.7172 0.6748
vn -0.2767 0.6261 0.7290
vn -0.2588 0.5670 0.7820
vn -0.2659 0.5714 0.7764
vn -0.2232 0.4933 0.8407
vn -0.2587 0.5670 0.7820
vn -0.2235 0.4299 0.8748
vn -0.2232 0.4933 0.8408
vn -0.1685 0.3558 0.9192
vn -0.2235 0.4298 0.8748
vn -0.1360 0.3154 0.9392
vn -0.1685 0.3558 0.9193
vn -0.0292 0.2802 0.9595
vn -0.1684 0.3557 0.9193
vn 0.0355 0.2828 0.9585
vn 0.5447 0.3401 0.7666
vn 0.5426 0.2762 0.7933
vn 0.5304 0.3957 0.7497
vn 0.5310 0.4158 0.7384
vn 0.5217 0.4232 0.7407
vn 0.5015 0.4339 0.7485
vn 0.4474 0.4367 0.7805
vn 0.4003 0.4531 0.7965
vn 0.3634 0.4412 0.8205
vn 0.3582 0.4376 0.8247
vn 0.3269 0.4336 0.8397
vn 0.3017 0.4464 0.8424
vn 0.3269 0.4335 0.8397
vn 0.3269 0.4336 0.8398
vn 0.3069 0.4649 0.8304
vn 0.3476 0.4999 0.7933
vn 0.3069 0.4650 0.8304
vn 0.4531 0.4936 0.7423
vn 0.5225 0.4820 0.7033
vn 0.4532 0.4936 0.7423
vn 0.5930 0.4407 0.6739
vn 0.5226 0.4820 0.7033
vn 0.6016 0.4279 0.6745
vn 0.6147 0.4141 0.6713
vn 0.6163 0.3744 0.6928
vn 0.6016 0.4278 0.6745
vn 0.6147 0.4142 0.6713
vn 0.6104 0.4111 0.6771
vn 0.6164 0.3744 0.6928
vn 0.6103 0.4111 0.6771
vn 0.5988 0.2967 0.7440
vn 0.5988 0.2966 0.7440
vn 0.6001 0.2714 0.7524
vn 0.6164 0.3743 0.6928
vn 0.5622 0.2538 0.7871
vn 0.6001 0.2714 0.7525
vn 0.5467 0.2362 0.8033
vn 0.5107 0.2408 0.8253
vn 0.5621 0.2538 0.7871
vn 0.4926 0.2502 0.8335
vn 0.4438 0.2760 0.8525
vn 0.4429 0.2762 0.8530
vn 0.4438 0.2760 0.8526
vn 0.3790 0.2988 0.8758
vn 0.3790 0.2989 0.8758
vn 0.3788 0.3049 0.8738
vn 0.3215 0.3016 0.8976
vn 0.3789 0.2989 0.8758
vn 0.2986 0.2964 0.9072
vn 0.2520 0.2884 0.9237
vn 0.2985 0.2964 0.9072
vn 0.2292 0.2808 0.9320
vn 0.2520 0.2884 0.9238
vn 0.1693 0.2806 0.9448
vn 0.1328 0.2687 0.9540
vn -0.5116 0.2119 0.8327
vn -0.5509 0.2839 0.7848
vn -0.5426 0.2762 0.7933
vn -0.5426 0.2761 0.7933
vn -0.4866 0.1763 0.8557
vn -0.5117 0.2118 0.8327
vn -0.4435 0.1886 0.8762
vn -0.4225 0.1981 0.8845
vn -0.3835 0.2098 0.8994
vn -0.3657 0.2170 0.9051
vn -0.3334 0.2221 0.9162
vn -0.3191 0.2243 0.9208
vn -0.2912 0.2283 0.9290
vn -0.3334 0.2221 0.9163
vn -0.2778 0.2329 0.9320
vn -0.2491 0.2390 0.9385
vn -0.2778 0.2330 0.9320
vn -0.2357 0.3166 0.9188
vn -0.2140 0.4477 0.8682
vn -0.2490 0.2390 0.9385
vn -0.2315 0.4578 0.8584
vn -0.2141 0.4478 0.8681
vn -0.2141 0.4478 0.8682
vn -0.2316 0.4578 0.8584
vn -0.2291 0.5638 0.7935
vn -0.2291 0.5639 0.7934
vn -0.2126 0.6391 0.7392
vn -0.2127 0.6391 0.7391
vn -0.2619 0.6706 0.6941
vn -0.2619 0.6706 0.6940
vn -0.2375 0.7159 0.6566
vn -0.2126 0.6391 0.7391
vn -0.2620 0.6706 0.6940
vn -0.2594 0.7531 0.6046
vn -0.2594 0.7531 0.6045
vn -0.2030 0.7822 0.5890
vn -0.2375 0.7159 0.6565
vn -0.2594 0.7532 0.6045
vn -0.1867 0.8135 0.5508
vn -0.0835 0.8107 0.5795
vn -0.0186 0.8074 0.5898
vn -0.0185 0.8073 0.5898
vn 0.0972 0.7624 0.6398
vn 0.1741 0.7172 0.6748
vn 0.1742 0.7172 0.6748
vn 0.1805 0.7084 0.6823
vn 0.2308 0.6606 0.7144
vn 0.2768 0.6261 0.7290
vn 0.2588 0.5670 0.7820
vn 0.2658 0.5714 0.7764
vn 0.2587 0.5670 0.7820
vn 0.2232 0.4933 0.8407
vn 0.2232 0.4933 0.8408
vn 0.2235 0.4299 0.8748
vn 0.1685 0.3558 0.9192
vn 0.1685 0.3558 0.9193
vn 0.1360 0.3154 0.9392
vn 0.2235 0.4298 0.8748
vn 0.1359 0.3154 0.9392
vn 0.0292 0.2802 0.9595
vn -0.0355 0.2828 0.9585
vn -0.5427 0.2761 0.7933
vn -0.5447 0.3401 0.7666
vn -0.5304 0.3957 0.7497
vn -0.5310 0.4158 0.7384
vn -0.5217 0.4232 0.7407
vn -0.5015 0.4339 0.7485
vn -0.4474 0.4367 0.7805
vn -0.4003 0.4531 0.7965
vn -0.3634 0.4412 0.8205
vn -0.3635 0.4412 0.8205
vn -0.3583 0.4376 0.8247
vn -0.3582 0.4376 0.8247
vn -0.3269 0.4336 0.8397
vn -0.3269 0.4335 0.8397
vn -0.3582 0.4376 0.8248
vn -0.3018 0.4464 0.8424
vn -0.3017 0.4464 0.8425
vn -0.3069 0.4650 0.8304
vn -0.3269 0.4335 0.8398
vn -0.3017 0.4464 0.8424
vn -0.3461 0.4970 0.7957
vn -0.4590 0.4851 0.7443
vn -0.5355 0.4673 0.7035
vn -0.5356 0.4673 0.7034
vn -0.6064 0.4280 0.6701
vn -0.4591 0.4851 0.7443
vn -0.6064 0.4280 0.6702
vn -0.5356 0.4673 0.7035
vn -0.6084 0.4215 0.6725
vn -0.6147 0.4141 0.6713
vn -0.6084 0.4214 0.6725
vn -0.6164 0.3744 0.6928
vn -0.6104 0.4111 0.6771
vn -0.5988 0.2967 0.7440
vn -0.6103 0.4111 0.6771
vn -0.6163 0.3744 0.6928
vn -0.6164 0.3743 0.6928
vn -0.6001 0.2714 0.7524
vn -0.5988 0.2966 0.7440
vn -0.6001 0.2714 0.7525
vn -0.5622 0.2538 0.7871
vn -0.5467 0.2361 0.8033
vn -0.5987 0.2966 0.7440
vn -0.5467 0.2362 0.8033
vn -0.5621 0.2538 0.7871
vn -0.5107 0.2408 0.8253
vn -0.4927 0.2502 0.8335
vn -0.4926 0.2502 0.8335
vn -0.4438 0.2760 0.8526
vn -0.4438 0.2760 0.8525
vn -0.4429 0.2762 0.8530
vn -0.3790 0.2988 0.8758
vn -0.3788 0.3049 0.8738
vn -0.3790 0.2989 0.8758
vn -0.3215 0.3016 0.8976
vn -0.2986 0.2964 0.9072
vn -0.2520 0.2884 0.9237
vn -0.2520 0.2884 0.9238
vn -0.2292 0.2808 0.9320
vn -0.1693 0.2806 0.9448
vn -0.1328 0.2687 0.9540
vn -0.0292 -0.2802 -0.9595
vn 0.0355 -0.2828 -0.9585
vn 0.1328 -0.2687 -0.9540
vn 0.1693 -0.2806 -0.9448
vn 0.2292 -0.2808 -0.9320
vn 0.2520 -0.2884 -0.9238
vn 0.2986 -0.2964 -0.9072
vn 0.3215 -0.3016 -0.8976
vn 0.3790 -0.2988 -0.8758
vn 0.3788 -0.3049 -0.8738
vn 0.4438 -0.2760 -0.8525
vn 0.3790 -0.2989 -0.8758
vn 0.4429 -0.2762 -0.8530
vn 0.4438 -0.2760 -0.8526
vn 0.4926 -0.2502 -0.8335
vn 0.5107 -0.2408 -0.8253
vn 0.4927 -0.2502 -0.8335
vn 0.5467 -0.2362 -0.8033
vn 0.5621 -0.2538 -0.7871
vn 0.5622 -0.2538 -0.7871
vn 0.5988 -0.2966 -0.7440
vn 0.6001 -0.2714 -0.7525
vn 0.6001 -0.2714 -0.7524
vn 0.6164 -0.3743 -0.6928
vn 0.6104 -0.4111 -0.6771
vn 0.5988 -0.2967 -0.7440
vn 0.6163 -0.3744 -0.6928
vn 0.6164 -0.3744 -0.6928
vn 0.6147 -0.4141 -0.6713
vn 0.6084 -0.4215 -0.6725
vn 0.6147 -0.4142 -0.6713
vn 0.6064 -0.4280 -0.6702
vn 0.5355 -0.4673 -0.7035
vn 0.6064 -0.4280 -0.6701
vn 0.5356 -0.4672 -0.7034
vn 0.4591 -0.4851 -0.7443
vn 0.3461 -0.4970 -0.7957
vn 0.4590 -0.4851 -0.7443
vn 0.3069 -0.4650 -0.8304
vn 0.3017 -0.4464 -0.8424
vn 0.3017 -0.4464 -0.8425
vn 0.3269 -0.4335 -0.8398
vn 0.3582 -0.4376 -0.8248
vn 0.3269 -0.4335 -0.8397
vn 0.3269 -0.4336 -0.8397
vn 0.3582 -0.4376 -0.8247
vn 0.3634 -0.4412 -0.8205
vn 0.4003 -0.4531 -0.7965
vn 0.3635 -0.4412 -0.8205
vn 0.3583 -0.4376 -0.8247
vn 0.4474 -0.4367 -0.7805
vn 0.5014 -0.4339 -0.7485
vn 0.5015 -0.4339 -0.7485
vn 0.5217 -0.4232 -0.7407
vn 0.5310 -0.4158 -0.7384
vn 0.5304 -0.3957 -0.7497
vn 0.5447 -0.3401 -0.7666
vn 0.5426 -0.2762 -0.7933
vn 0.5509 -0.2839 -0.7848
vn 0.5427 -0.2761 -0.7933
vn -0.1360 -0.3154 -0.9392
vn -0.1684 -0.3557 -0.9193
vn -0.1685 -0.3558 -0.9193
vn -0.2235 -0.4298 -0.8748
vn -0.2232 -0.4933 -0.8408
vn -0.2235 -0.4299 -0.8748
vn -0.1685 -0.3558 -0.9192
vn -0.2588 -0.5670 -0.7820
vn -0.2658 -0.5714 -0.7764
vn -0.2232 -0.4933 -0.8407
vn -0.2659 -0.5714 -0.7764
vn -0.2768 -0.6261 -0.7290
vn -0.2308 -0.6606 -0.7144
vn -0.2767 -0.6261 -0.7290
vn -0.1742 -0.7172 -0.6748
vn -0.1805 -0.7085 -0.6823
vn -0.1741 -0.7172 -0.6748
vn -0.1805 -0.7084 -0.6823
vn -0.0972 -0.7624 -0.6398
vn 0.0185 -0.8073 -0.5898
vn 0.0835 -0.8107 -0.5795
vn 0.1867 -0.8135 -0.5508
vn 0.0835 -0.8107 -0.5794
vn 0.0186 -0.8073 -0.5898
vn 0.2030 -0.7822 -0.5890
vn 0.2594 -0.7532 -0.6045
vn 0.2594 -0.7531 -0.6046
vn 0.2376 -0.7159 -0.6566
vn 0.2620 -0.6706 -0.6940
vn 0.2594 -0.7531 -0.6045
vn 0.2375 -0.7159 -0.6566
vn 0.2619 -0.6706 -0.6940
vn 0.2126 -0.6391 -0.7391
vn 0.2291 -0.5639 -0.7934
vn 0.2126 -0.6391 -0.7392
vn 0.2141 -0.4478 -0.8681
vn 0.2316 -0.4578 -0.8584
vn 0.2141 -0.4478 -0.8682
vn 0.2291 -0.5638 -0.7935
vn 0.2315 -0.4578 -0.8584
vn 0.2356 -0.3166 -0.9188
vn 0.2490 -0.2390 -0.9385
vn 0.2141 -0.4477 -0.8682
vn 0.2357 -0.3166 -0.9188
vn 0.2778 -0.2330 -0.9320
vn 0.2491 -0.2390 -0.9385
vn 0.2912 -0.2283 -0.9290
vn 0.2778 -0.2329 -0.9320
vn 0.3191 -0.2243 -0.9208
vn 0.3334 -0.2221 -0.9163
vn 0.3657 -0.2170 -0.9051
vn 0.3334 -0.2221 -0.9162
vn 0.3835 -0.2098 -0.8994
vn 0.3657 -0.2169 -0.9051
vn 0.4225 -0.1981 -0.8845
vn 0.4435 -0.1886 -0.8762
vn 0.4866 -0.1763 -0.8557
vn 0.5116 -0.2119 -0.8327
vn 0.5426 -0.2761 -0.7933
vn 0.5117 -0.2118 -0.8327
vn 0.0291 -0.2806 -0.9594
vn -0.1328 -0.2687 -0.9540
vn -0.0355 -0.2828 -0.9585
vn -0.1693 -0.2806 -0.9448
vn -0.2292 -0.2808 -0.9320
vn -0.2520 -0.2884 -0.9238
vn -0.1694 -0.2802 -0.9449
vn -0.2986 -0.2964 -0.9072
vn -0.3215 -0.3016 -0.8976
vn -0.3790 -0.2988 -0.8758
vn -0.3788 -0.3049 -0.8738
vn -0.3790 -0.2989 -0.8758
vn -0.4438 -0.2760 -0.8525
vn -0.4429 -0.2762 -0.8530
vn -0.4438 -0.2760 -0.8526
vn -0.4926 -0.2502 -0.8335
vn -0.5107 -0.2408 -0.8253
vn -0.4927 -0.2502 -0.8335
vn -0.5467 -0.2362 -0.8033
vn -0.5621 -0.2538 -0.7871
vn -0.5467 -0.2361 -0.8033
vn -0.5988 -0.2966 -0.7440
vn -0.5622 -0.2538 -0.7871
vn -0.6001 -0.2714 -0.7525
vn -0.6001 -0.2714 -0.7524
vn -0.6164 -0.3743 -0.6928
vn -0.6104 -0.4111 -0.6771
vn -0.6163 -0.3744 -0.6928
vn -0.5988 -0.2967 -0.7440
vn -0.6147 -0.4141 -0.6713
vn -0.6164 -0.3744 -0.6928
vn -0.6016 -0.4279 -0.6745
vn -0.6147 -0.4142 -0.6713
vn -0.5930 -0.4407 -0.6739
vn -0.6016 -0.4278 -0.6745
vn -0.5226 -0.4820 -0.7033
vn -0.4532 -0.4936 -0.7423
vn -0.3476 -0.4999 -0.7933
vn -0.5225 -0.4820 -0.7033
vn -0.4531 -0.4936 -0.7423
vn -0.3069 -0.4650 -0.8304
vn -0.3017 -0.4464 -0.8424
vn -0.3475 -0.4999 -0.7933
vn -0.3269 -0.4335 -0.8398
vn -0.3582 -0.4376 -0.8248
vn -0.3018 -0.4464 -0.8424
vn -0.3269 -0.4336 -0.8397
vn -0.3634 -0.4412 -0.8205
vn -0.3582 -0.4376 -0.8247
vn -0.4003 -0.4531 -0.7965
vn -0.3583 -0.4376 -0.8247
vn -0.3634 -0.4412 -0.8206
vn -0.4474 -0.4367 -0.7805
vn -0.5014 -0.4339 -0.7485
vn -0.5217 -0.4232 -0.7407
vn -0.5015 -0.4339 -0.7485
vn -0.5310 -0.4158 -0.7384
vn -0.5304 -0.3957 -0.7497
vn -0.5447 -0.3401 -0.7666
vn -0.5426 -0.2762 -0.7933
vn -0.5509 -0.2839 -0.7848
vn -0.5427 -0.2761 -0.7933
vn 0.1360 -0.3154 -0.9392
vn 0.0292 -0.2802 -0.9595
vn 0.1685 -0.3557 -0.9193
vn 0.2235 -0.4298 -0.8748
vn 0.1685 -0.3558 -0.9193
vn 0.2232 -0.4933 -0.8408
vn 0.1685 -0.3558 -0.9192
vn 0.2235 -0.4299 -0.8748
vn 0.2588 -0.5670 -0.7820
vn 0.2658 -0.5714 -0.7764
vn 0.2232 -0.4933 -0.8407
vn 0.2768 -0.6261 -0.7290
vn 0.2308 -0.6606 -0.7144
vn 0.2767 -0.6261 -0.7290
vn 0.1742 -0.7172 -0.6748
vn 0.1805 -0.7085 -0.6823
vn 0.1741 -0.7172 -0.6748
vn 0.1805 -0.7084 -0.6823
vn 0.0972 -0.7624 -0.6398
vn -0.0185 -0.8073 -0.5898
vn -0.0835 -0.8107 -0.5795
vn -0.1867 -0.8135 -0.5508
vn -0.0186 -0.8074 -0.5898
vn -0.0835 -0.8107 -0.5794
vn -0.2030 -0.7822 -0.5890
vn -0.2594 -0.7532 -0.6045
vn -0.2375 -0.7159 -0.6566
vn -0.2594 -0.7532 -0.6046
vn -0.2620 -0.6706 -0.6940
vn -0.2594 -0.7531 -0.6045
vn -0.2376 -0.7159 -0.6566
vn -0.2126 -0.6391 -0.7391
vn -0.2619 -0.6706 -0.6940
vn -0.2291 -0.5639 -0.7934
vn -0.2126 -0.6391 -0.7392
vn -0.2141 -0.4478 -0.8681
vn -0.2316 -0.4578 -0.8584
vn -0.2291 -0.5638 -0.7935
vn -0.2141 -0.4478 -0.8682
vn -0.2315 -0.4578 -0.8584
vn -0.2356 -0.3166 -0.9188
vn -0.2490 -0.2390 -0.9385
vn -0.2357 -0.3166 -0.9188
vn -0.2141 -0.4477 -0.8682
vn -0.2491 -0.2390 -0.9385
vn -0.2778 -0.2330 -0.9320
vn -0.2912 -0.2283 -0.9290
vn -0.2778 -0.2329 -0.9320
vn -0.3191 -0.2243 -0.9208
vn -0.3334 -0.2221 -0.9163
vn -0.3334 -0.2221 -0.9162
vn -0.3657 -0.2170 -0.9051
vn -0.3835 -0.2098 -0.8994
vn -0.3657 -0.2169 -0.9051
vn -0.4225 -0.1981 -0.8845
vn -0.4435 -0.1886 -0.8762
vn -0.4866 -0.1763 -0.8557
vn -0.5116 -0.2119 -0.8327
vn -0.5117 -0.2118 -0.8327
vn -0.5426 -0.2761 -0.7933
vn 0.0791 -0.9861 -0.1461
vn 0.1490 -0.9826 -0.1105
vn 0.1358 -0.9775 -0.1614
vn 0.1901 -0.9748 -0.1170
vn 0.1517 -0.9878 -0.0350
vn 0.1297 -0.9915 -0.0113
vn 0.1517 -0.9878 -0.0351
vn 0.1490 -0.9827 -0.1104
vn 0.1264 -0.9919 0.0136
vn 0.1215 -0.9925 0.0136
vn 0.9781 -0.1643 -0.1275
vn 0.9836 -0.1210 -0.1336
vn 0.9704 -0.2117 -0.1165
vn 0.9704 -0.2118 -0.1165
vn 0.9606 -0.2565 -0.1075
vn 0.9605 -0.2566 -0.1075
vn 0.9477 -0.3051 -0.0936
vn -0.9343 -0.3407 0.1046
vn -0.9459 -0.3082 0.1019
vn -0.9332 -0.3436 0.1053
vn -0.9459 -0.3081 0.1019
vn -0.9512 -0.2917 0.1005
vn -0.9512 -0.2916 0.1005
vn -0.9671 -0.2359 0.0948
vn 0.0855 -0.9840 -0.1563
vn 0.1657 -0.9790 -0.1191
vn 0.1391 -0.9756 -0.1701
vn 0.1904 -0.9736 -0.1260
vn 0.1658 -0.9789 -0.1191
vn 0.1904 -0.9736 -0.1259
vn 0.1934 -0.9803 -0.0407
vn 0.1713 -0.9851 -0.0135
vn 0.1658 -0.9790 -0.1191
vn 0.1589 -0.9872 0.0135
vn 0.9785 -0.1621 -0.1278
vn 0.9841 -0.1166 -0.1342
vn 0.9706 -0.2103 -0.1167
vn 0.9605 -0.2565 -0.1075
vn -0.9306 -0.3499 0.1076
vn -0.9507 -0.2933 0.1003
vn -0.9350 -0.3388 0.1051
vn -0.9507 -0.2934 0.1003
vn -0.9595 -0.2646 0.0965
vn -0.9756 -0.2003 0.0901
vn 0.0803 -0.9849 -0.1535
vn 0.1750 -0.9764 -0.1263
vn 0.1488 -0.9740 -0.1710
vn 0.2116 -0.9681 -0.1346
vn 0.1489 -0.9740 -0.1710
vn 0.2116 -0.9681 -0.1345
vn 0.1993 -0.9784 -0.0544
vn 0.1921 -0.9810 -0.0273
vn 0.1902 -0.9817 -0.0000
vn 0.1843 -0.9829 -0.0000
vn 0.9766 -0.1688 -0.1329
vn 0.9750 -0.1791 -0.1315
vn 0.9693 -0.2141 -0.1208
vn 0.9693 -0.2142 -0.1208
vn 0.9659 -0.2316 -0.1153
vn 0.9480 -0.3034 -0.0957
vn -0.9212 -0.3753 0.1024
vn -0.9399 -0.3276 0.0960
vn -0.9266 -0.3625 0.0995
vn -0.9484 -0.3033 0.0927
vn -0.9626 -0.2562 0.0885
vn 0.1986 -0.9241 -0.3265
vn 0.1791 -0.9541 -0.2400
vn 0.2277 -0.9156 -0.3313
vn 0.2055 -0.9485 -0.2411
vn 0.2055 -0.9485 -0.2410
vn 0.1790 -0.9541 -0.2400
vn 0.1045 -0.9868 -0.1240
vn 0.0870 -0.9910 -0.1021
vn 0.1044 -0.9868 -0.1240
vn 0.0779 -0.9938 -0.0788
vn 0.0994 -0.9920 -0.0775
vn 0.0780 -0.9938 -0.0788
vn 0.0870 -0.9910 -0.1020
vn 0.2131 -0.9400 -0.2664
vn 0.1137 -0.9767 -0.1822
vn 0.1930 -0.9453 -0.2628
vn 0.1195 -0.9765 -0.1793
vn 0.1137 -0.9767 -0.1823
vn 0.1195 -0.9765 -0.1792
vn 0.0064 -0.9971 -0.0761
vn -0.0131 -0.9985 -0.0535
vn 0.0063 -0.9971 -0.0761
vn -0.0201 -0.9994 -0.0298
vn 0.0066 -0.9995 -0.0298
vn -0.0200 -0.9994 -0.0298
vn -0.9882 -0.1203 0.0946
vn -0.9873 -0.1265 0.0962
vn -0.9896 -0.1099 0.0933
vn -0.9861 -0.1348 0.0976
vn -0.9882 -0.1203 0.0947
vn -0.9853 -0.1389 0.0992
vn 0.9755 -0.1668 -0.1436
vn 0.9756 -0.1620 -0.1482
vn 0.9693 -0.2118 -0.1249
vn 0.9776 -0.1368 -0.1597
vn 0.9756 -0.1619 -0.1482
vn 0.9757 -0.1522 -0.1574
vn 0.9739 -0.1773 -0.1419
vn 0.9834 -0.1011 -0.1509
vn 0.9695 -0.2022 -0.1388
vn 0.9587 -0.2517 -0.1322
vn 0.9587 -0.2519 -0.1322
vn 0.9588 -0.2513 -0.1323
vn 0.3609 -0.8523 -0.3786
vn 0.2493 -0.9197 -0.3033
vn 0.3131 -0.8740 -0.3715
vn 0.2315 -0.9262 -0.2977
vn 0.2492 -0.9197 -0.3032
vn 0.1598 -0.9691 -0.1877
vn 0.1329 -0.9807 -0.1434
vn 0.1599 -0.9691 -0.1877
vn 0.1146 -0.9886 -0.0977
vn 0.1166 -0.9884 -0.0976
vn 0.1147 -0.9886 -0.0977
vn 0.1329 -0.9807 -0.1433
vn 0.9698 -0.1936 -0.1486
vn 0.9789 -0.1308 -0.1572
vn 0.9641 -0.2245 -0.1421
vn 0.9698 -0.1937 -0.1486
vn 0.9640 -0.2246 -0.1421
vn 0.9533 -0.2707 -0.1340
vn 0.9497 -0.2855 -0.1286
vn -0.9828 -0.1696 0.0733
vn -0.9825 -0.1717 0.0727
vn -0.9848 -0.1582 0.0722
vn -0.9812 -0.1784 0.0730
vn -0.9818 -0.1758 0.0716
vn 0.9730 -0.1819 -0.1419
vn 0.9737 -0.1740 -0.1473
vn 0.9669 -0.2233 -0.1232
vn 0.9759 -0.1491 -0.1591
vn 0.9737 -0.1739 -0.1473
vn 0.9730 -0.1819 -0.1418
vn 0.9747 -0.1581 -0.1581
vn -0.9631 -0.2531 0.0915
vn -0.9722 -0.2175 0.0865
vn -0.9659 -0.2430 0.0890
vn -0.9763 -0.1996 0.0839
vn -0.9828 -0.1661 0.0813
vn 0.1236 -0.9677 -0.2196
vn 0.1142 -0.9811 -0.1560
vn 0.1538 -0.9620 -0.2256
vn 0.1490 -0.9760 -0.1585
vn 0.1490 -0.9761 -0.1585
vn 0.1134 -0.9812 -0.1560
vn 0.0529 -0.9964 -0.0662
vn 0.0193 -0.9987 -0.0473
vn 0.1141 -0.9811 -0.1560
vn 0.0116 -0.9995 -0.0279
vn 0.0124 -0.9995 -0.0279
vn 0.0121 -0.9995 -0.0279
vn 0.0193 -0.9987 -0.0472
vn 0.9709 -0.1898 -0.1462
vn 0.9770 -0.1504 -0.1509
vn 0.9667 -0.2129 -0.1418
vn 0.9601 -0.2439 -0.1370
vn 0.9568 -0.2588 -0.1327
vn 0.1897 -0.9688 -0.1595
vn 0.1976 -0.9728 -0.1210
vn 0.1969 -0.9670 -0.1615
vn 0.2025 -0.9717 -0.1219
vn 0.1976 -0.9728 -0.1209
vn 0.1976 -0.9790 -0.0497
vn 0.1708 -0.9851 -0.0195
vn 0.1582 -0.9873 0.0109
vn 0.1201 -0.9927 0.0106
vn 0.9600 -0.2371 -0.1491
vn 0.9650 -0.2131 -0.1532
vn 0.9515 -0.2747 -0.1384
vn 0.9433 -0.3052 -0.1308
vn 0.9515 -0.2748 -0.1384
vn 0.9300 -0.3488 -0.1163
vn -0.9576 -0.2697 0.1013
vn -0.9670 -0.2358 0.0961
vn -0.9613 -0.2574 0.0983
vn -0.9713 -0.2187 0.0934
vn -0.9671 -0.2358 0.0961
vn -0.9771 -0.1922 0.0914
vn 0.1180 -0.9706 -0.2097
vn 0.0587 -0.9883 -0.1407
vn 0.1145 -0.9712 -0.2090
vn 0.0746 -0.9874 -0.1399
vn 0.0746 -0.9874 -0.1398
vn -0.0178 -0.9984 -0.0535
vn -0.0286 -0.9989 -0.0364
vn -0.0179 -0.9984 -0.0536
vn -0.0179 -0.9984 -0.0535
vn -0.0264 -0.9995 -0.0187
vn 0.0054 -0.9998 -0.0193
vn 0.9705 -0.2005 -0.1341
vn 0.9817 -0.1260 -0.1426
vn 0.9666 -0.2194 -0.1327
vn 0.9557 -0.2654 -0.1273
vn 0.9557 -0.2653 -0.1273
vn 0.9577 -0.2568 -0.1297
vn -0.9595 -0.2635 0.0995
vn -0.9707 -0.2220 0.0925
vn -0.9654 -0.2428 0.0950
vn -0.9654 -0.2428 0.0949
vn -0.9707 -0.2220 0.0924
vn -0.9755 -0.2011 0.0889
vn -0.9707 -0.2219 0.0925
vn -0.9798 -0.1799 0.0874
vn 0.1362 -0.9699 -0.2017
vn 0.0595 -0.9892 -0.1340
vn 0.0993 -0.9759 -0.1943
vn 0.0433 -0.9906 -0.1300
vn 0.0595 -0.9892 -0.1339
vn 0.0145 -0.9983 -0.0563
vn 0.0280 -0.9988 -0.0400
vn 0.0146 -0.9983 -0.0563
vn 0.0145 -0.9983 -0.0562
vn 0.0347 -0.9991 -0.0235
vn 0.0648 -0.9976 -0.0241
vn 0.9782 -0.1558 -0.1370
vn 0.9852 -0.0945 -0.1429
vn 0.9726 -0.1920 -0.1313
vn 0.9726 -0.1921 -0.1313
vn 0.9626 -0.2402 -0.1251
vn 0.9572 -0.2637 -0.1194
vn 0.7642 -0.4994 -0.4082
vn 0.6618 -0.5828 -0.4716
vn 0.6968 -0.6209 -0.3592
vn 0.5236 -0.6925 -0.4964
vn 0.5864 -0.6260 -0.5141
vn 0.5395 -0.7113 -0.4506
vn 0.5235 -0.6925 -0.4963
vn 0.4241 -0.7305 -0.5352
vn 0.5000 -0.7258 -0.4726
vn 0.6967 -0.6209 -0.3592
vn 0.6534 -0.6863 -0.3194
vn 0.6467 -0.6891 -0.3268
vn 0.6317 -0.7105 -0.3099
vn 0.6375 -0.7122 -0.2941
vn 0.6318 -0.7105 -0.3099
vn 0.5846 -0.7534 -0.3010
vn 0.6375 -0.7121 -0.2941
vn 0.5974 -0.7519 -0.2789
vn 0.6374 -0.7122 -0.2941
vn 0.6288 -0.7338 -0.2572
vn 0.5973 -0.7519 -0.2789
vn 0.5401 -0.8035 -0.2502
vn 0.6287 -0.7339 -0.2572
vn 0.5753 -0.7856 -0.2277
vn 0.4881 -0.8461 -0.2143
vn 0.5752 -0.7857 -0.2278
vn 0.5116 -0.8378 -0.1906
vn 0.5752 -0.7856 -0.2277
vn 0.4882 -0.8460 -0.2143
vn 0.3989 -0.8998 -0.1766
vn 0.3996 -0.9033 -0.1564
vn 0.3990 -0.8998 -0.1765
vn 0.3989 -0.8998 -0.1765
vn 0.2793 -0.9499 -0.1406
vn 0.3995 -0.9033 -0.1564
vn 0.2662 -0.9561 -0.1222
vn 0.2793 -0.9499 -0.1405
vn 0.2792 -0.9499 -0.1405
vn 0.1612 -0.9810 -0.1075
vn 0.2661 -0.9562 -0.1222
vn 0.1402 -0.9866 -0.0832
vn 0.1612 -0.9811 -0.1075
vn 0.0782 -0.9949 -0.0643
vn 0.0695 -0.9963 -0.0505
vn 0.1402 -0.9866 -0.0831
vn 0.0548 -0.9972 -0.0514
vn 0.0694 -0.9963 -0.0505
vn 0.0563 -0.9969 -0.0544
vn 0.0547 -0.9972 -0.0514
vn 0.0614 -0.9965 -0.0562
vn 0.0642 -0.9961 -0.0606
vn 0.0563 -0.9969 -0.0543
vn 0.0711 -0.9955 -0.0632
vn 0.0749 -0.9948 -0.0693
vn 0.0642 -0.9961 -0.0607
vn 0.0710 -0.9955 -0.0632
vn 0.0843 -0.9938 -0.0727
vn 0.0889 -0.9927 -0.0813
vn 0.0292 -0.9956 -0.0887
vn -0.0362 -0.9947 -0.0959
vn 0.0291 -0.9956 -0.0887
vn -0.1301 -0.9867 -0.0976
vn -0.1779 -0.9790 -0.0994
vn -0.2666 -0.9432 -0.1981
vn -0.5147 -0.8528 -0.0884
vn -0.3613 -0.9276 -0.0950
vn -0.7545 -0.6538 -0.0571
vn -0.8604 -0.5085 -0.0335
vn -0.9699 -0.2432 0.0133
vn -0.8605 -0.5084 -0.0335
vn -0.9909 -0.1283 0.0399
vn -0.8604 -0.5084 -0.0335
vn -0.9699 -0.2431 0.0133
vn -0.9977 0.0202 0.0653
vn -0.9909 -0.1282 0.0399
vn -0.9964 0.0487 0.0689
vn -0.9977 0.0203 0.0653
vn -0.9943 0.0805 0.0693
vn -0.9942 0.0836 0.0672
vn -0.9892 0.1312 0.0651
vn -0.9942 0.0835 0.0672
vn -0.9814 0.1817 0.0626
vn -0.9725 0.2243 0.0629
vn -0.9813 0.1818 0.0626
vn -0.9734 0.2202 0.0637
vn -0.9725 0.2242 0.0629
vn -0.6208 0.7830 -0.0374
vn -0.5418 0.8375 -0.0715
vn -0.6203 0.7835 -0.0376
vn -0.6206 0.7832 -0.0374
vn -0.6199 0.7837 -0.0377
vn -0.5435 0.8304 -0.1227
vn -0.5418 0.8374 -0.0715
vn -0.9828 0.1748 -0.0602
vn -0.9913 0.1181 -0.0584
vn -0.9833 0.1722 -0.0585
vn -0.9963 0.0632 -0.0579
vn -0.9913 0.1182 -0.0583
vn -0.9982 0.0142 -0.0589
vn -0.9983 0.0198 -0.0548
vn -0.9987 -0.0059 -0.0504
vn -0.9983 0.0199 -0.0548
vn -0.9985 -0.0365 -0.0407
vn -0.9987 -0.0059 -0.0503
vn -0.9820 -0.1853 -0.0355
vn -0.9529 -0.3018 -0.0301
vn -0.9821 -0.1852 -0.0355
vn -0.8513 -0.5239 -0.0271
vn -0.9529 -0.3019 -0.0301
vn -0.7773 -0.6287 -0.0253
vn -0.8513 -0.5239 -0.0272
vn -0.8513 -0.5240 -0.0271
vn -0.5766 -0.8168 -0.0190
vn -0.7772 -0.6287 -0.0253
vn -0.4458 -0.8950 -0.0148
vn -0.5765 -0.8169 -0.0190
vn -0.2573 -0.9663 -0.0085
vn -0.4457 -0.8950 -0.0148
vn -0.2059 -0.9786 -0.0067
vn -0.2572 -0.9663 -0.0085
vn -0.0893 -0.9960 -0.0029
vn -0.2058 -0.9786 -0.0067
vn -0.0237 -0.9997 -0.0010
vn 0.0416 -0.9991 0.0010
vn 0.0419 -0.9991 0.0006
vn -0.0236 -0.9997 -0.0010
vn 0.0416 -0.9991 0.0009
vn 0.0414 -0.9991 0.0006
vn 0.0408 -0.9992 0.0003
vn 0.0398 -0.9992 -0.0000
vn 0.0417 -0.9991 0.0003
vn 0.0407 -0.9992 0.0002
vn 0.0380 -0.9993 -0.0000
vn 0.0399 -0.9992 -0.0000
vn 0.0371 -0.9993 -0.0001
vn 0.0360 -0.9994 -0.0004
vn 0.0372 -0.9993 -0.0001
vn 0.0360 -0.9994 -0.0005
vn 0.0370 -0.9993 -0.0002
vn 0.0363 -0.9993 -0.0004
vn 0.0356 -0.9994 -0.0004
vn 0.0412 -0.9992 -0.0007
vn 0.0467 -0.9989 -0.0009
vn 0.0357 -0.9994 -0.0007
vn 0.0880 -0.9961 -0.0017
vn 0.1232 -0.9924 -0.0028
vn 0.0468 -0.9989 -0.0009
vn 0.1952 -0.9808 -0.0051
vn 0.2324 -0.9726 -0.0058
vn 0.1232 -0.9924 -0.0029
vn 0.3435 -0.9391 -0.0082
vn 0.3432 -0.9392 -0.0065
vn 0.4561 -0.8899 -0.0117
vn 0.4947 -0.8690 -0.0124
vn 0.3436 -0.9391 -0.0082
vn 0.4561 -0.8898 -0.0117
vn 0.5617 -0.8272 -0.0123
vn 0.5919 -0.8059 -0.0130
vn 0.4947 -0.8689 -0.0124
vn 0.6512 -0.7588 -0.0162
vn 0.6787 -0.7342 -0.0166
vn 0.6512 -0.7587 -0.0162
vn 0.7300 -0.6833 -0.0156
vn 0.7535 -0.6573 -0.0138
vn 0.7536 -0.6572 -0.0138
vn 0.7919 -0.6105 -0.0144
vn 0.8057 -0.5921 -0.0144
vn 0.8058 -0.5921 -0.0144
vn 0.8252 -0.5646 -0.0146
vn 0.8312 -0.5558 -0.0143
vn 0.8253 -0.5646 -0.0146
vn 0.8552 -0.5181 -0.0146
vn 0.8723 -0.4887 -0.0148
vn 0.8552 -0.5180 -0.0146
vn 0.8724 -0.4886 -0.0148
vn 0.9239 -0.3822 -0.0157
vn 0.9532 -0.3018 -0.0163
vn 0.9240 -0.3822 -0.0157
vn 0.9533 -0.3017 -0.0164
vn 0.9754 -0.2200 -0.0168
vn 0.9756 -0.2189 -0.0171
vn 0.9753 -0.2200 -0.0168
vn 0.4141 0.9085 -0.0557
vn 0.6021 0.7819 -0.1615
vn 0.6804 0.7261 -0.0995
vn 0.4140 0.9086 -0.0558
vn 0.1691 0.9809 -0.0967
vn 0.2062 0.9771 -0.0522
vn 0.7702 0.5515 -0.3203
vn 0.7174 0.6742 -0.1752
vn 0.0536 0.9965 -0.0634
vn -0.0202 0.9998 0.0037
vn -0.0240 0.9992 -0.0334
vn -0.0351 0.9994 0.0004
vn -0.0240 0.9992 -0.0333
vn -0.0203 0.9998 0.0037
vn -0.0350 0.9994 0.0004
vn -0.0515 0.9987 0.0004
vn -0.0436 0.9984 -0.0349
vn -0.0514 0.9987 0.0004
vn -0.0656 0.9978 -0.0000
vn -0.0586 0.9978 -0.0315
vn -0.0813 0.9967 -0.0008
vn -0.0730 0.9969 -0.0301
vn -0.1003 0.9950 -0.0018
vn -0.0912 0.9953 -0.0313
vn -0.1259 0.9920 -0.0059
vn -0.1061 0.9935 -0.0416
vn -0.1384 0.9896 -0.0383
vn -0.1360 0.9907 -0.0089
vn -0.1384 0.9896 -0.0384
vn -0.1260 0.9920 -0.0059
vn -0.1341 0.9909 -0.0081
vn -0.9623 -0.2544 0.0965
vn -0.9672 -0.2356 0.0949
vn -0.9630 -0.2519 0.0959
vn -0.9630 -0.2518 0.0959
vn -0.9695 -0.2262 0.0940
vn -0.9748 -0.2029 0.0926
vn 0.1424 -0.9775 -0.1553
vn 0.1791 -0.9770 -0.1153
vn 0.1805 -0.9696 -0.1653
vn 0.2161 -0.9691 -0.1188
vn 0.1792 -0.9770 -0.1153
vn 0.2161 -0.9691 -0.1187
vn 0.1655 -0.9854 -0.0401
vn 0.1344 -0.9908 -0.0162
vn 0.1310 -0.9913 0.0097
vn 0.1205 -0.9927 0.0096
vn 0.1309 -0.9913 0.0097
vn 0.1344 -0.9908 -0.0161
vn 0.0696 -0.9801 -0.1857
vn 0.0209 -0.9923 -0.1225
vn 0.0590 -0.9813 -0.1834
vn 0.0324 -0.9921 -0.1214
vn 0.0324 -0.9921 -0.1213
vn -0.0315 -0.9985 -0.0454
vn -0.0350 -0.9989 -0.0307
vn -0.0270 -0.9995 -0.0158
vn 0.0056 -0.9998 -0.0169
vn 0.9752 -0.1680 -0.1442
vn 0.9828 -0.1069 -0.1503
vn 0.9695 -0.2020 -0.1388
vn 0.9594 -0.2489 -0.1326
vn 0.9546 -0.2693 -0.1275
vn 0.9581 -0.2542 -0.1318
vn 0.9658 -0.2197 -0.1375
vn 0.9501 -0.2867 -0.1233
vn 0.9404 -0.3197 -0.1159
vn 0.9404 -0.3198 -0.1159
vn 0.9500 -0.2867 -0.1233
vn 0.9305 -0.3507 -0.1058
vn -0.9126 -0.3930 0.1124
vn -0.9370 -0.3349 0.0999
vn -0.9268 -0.3608 0.1042
vn -0.9477 -0.3052 0.0934
vn -0.9370 -0.3348 0.0999
vn -0.9550 -0.2822 0.0910
vn -0.9539 -0.2797 0.1086
vn -0.9655 -0.2395 0.1027
vn -0.9605 -0.2580 0.1046
vn -0.9706 -0.2192 0.0996
vn -0.9743 -0.2022 0.0987
vn 0.2577 -0.9203 -0.2945
vn 0.1245 -0.9716 -0.2012
vn 0.2126 -0.9341 -0.2867
vn 0.1171 -0.9737 -0.1952
vn 0.2125 -0.9342 -0.2867
vn 0.1244 -0.9716 -0.2012
vn 0.1171 -0.9738 -0.1952
vn 0.1244 -0.9716 -0.2011
vn 0.0077 -0.9962 -0.0867
vn -0.0081 -0.9981 -0.0612
vn -0.0081 -0.9981 -0.0611
vn -0.0134 -0.9993 -0.0344
vn 0.0188 -0.9993 -0.0338
vn 0.0800 -0.9822 -0.1701
vn 0.0472 -0.9924 -0.1138
vn 0.0735 -0.9829 -0.1687
vn 0.0452 -0.9926 -0.1131
vn 0.0472 -0.9924 -0.1137
vn 0.0155 -0.9989 -0.0443
vn 0.0299 -0.9991 -0.0311
vn 0.0358 -0.9992 -0.0176
vn 0.0664 -0.9976 -0.0188
vn 0.9708 -0.1902 -0.1464
vn 0.9783 -0.1417 -0.1514
vn 0.9635 -0.2287 -0.1394
vn 0.9708 -0.1903 -0.1464
vn 0.9532 -0.2716 -0.1330
vn 0.9634 -0.2288 -0.1394
vn 0.9443 -0.3045 -0.1248
vn -0.9561 -0.2694 0.1153
vn -0.9664 -0.2324 0.1101
vn -0.9619 -0.2494 0.1118
vn -0.9710 -0.2137 0.1074
vn -0.9664 -0.2323 0.1101
vn -0.9744 -0.1982 0.1065
vn 0.9634 -0.2317 -0.1346
vn 0.9625 -0.2359 -0.1339
vn 0.9533 -0.2764 -0.1215
vn 0.9481 -0.2965 -0.1151
vn 0.9533 -0.2764 -0.1214
vn 0.9266 -0.3641 -0.0943
vn 0.1291 -0.9762 -0.1741
vn 0.0429 -0.9928 -0.1120
vn 0.0968 -0.9811 -0.1677
vn 0.0436 -0.9931 -0.1090
vn 0.0436 -0.9931 -0.1089
vn -0.0269 -0.9988 -0.0416
vn -0.0106 -0.9995 -0.0291
vn -0.0270 -0.9988 -0.0416
vn 0.0428 -0.9928 -0.1120
vn -0.0270 -0.9988 -0.0415
vn 0.0068 -0.9998 -0.0162
vn 0.0718 -0.9972 -0.0189
vn -0.0105 -0.9995 -0.0291
vn 0.9680 -0.2059 -0.1435
vn 0.9762 -0.1584 -0.1484
vn 0.9587 -0.2502 -0.1350
vn 0.9680 -0.2060 -0.1435
vn 0.9468 -0.2953 -0.1279
vn 0.9342 -0.3370 -0.1172
vn -0.9085 -0.4033 0.1091
vn -0.9349 -0.3417 0.0955
vn -0.9261 -0.3638 0.0996
vn -0.9465 -0.3104 0.0885
vn -0.9465 -0.3103 0.0885
vn -0.9509 -0.2969 0.0873
vn -0.9456 -0.3076 0.1061
vn -0.9304 -0.3476 0.1161
vn -0.9536 -0.2828 0.1035
vn -0.9171 -0.3795 0.1223
vn -0.8947 -0.4257 0.1355
vn -0.9304 -0.3477 0.1161
vn -0.9510 -0.2883 0.1117
vn -0.9641 -0.2436 0.1059
vn -0.9585 -0.2640 0.1078
vn -0.9698 -0.2210 0.1029
vn -0.9740 -0.2024 0.1020
vn 0.4602 -0.6501 -0.6046
vn 0.3701 -0.7030 -0.6073
vn 0.5863 -0.6260 -0.5141
vn 0.4677 -0.7100 -0.5265
vn 0.5179 -0.6608 -0.5433
vn 0.2750 -0.7328 -0.6224
vn 0.3569 -0.7346 -0.5770
vn 0.2931 -0.7346 -0.6119
vn 0.2512 -0.7182 -0.6489
vn 0.4240 -0.7305 -0.5353
vn 0.4007 -0.7394 -0.5411
vn 0.2148 -0.7214 -0.6583
vn 0.4006 -0.7394 -0.5411
vn 0.2036 -0.7159 -0.6678
vn 0.2250 -0.7218 -0.6545
vn 0.2148 -0.7214 -0.6584
vn 0.2039 -0.7103 -0.6737
vn 0.1938 -0.7081 -0.6790
vn 0.2039 -0.7103 -0.6738
vn 0.1933 -0.7051 -0.6823
vn 0.1848 -0.7013 -0.6885
vn 0.1938 -0.7081 -0.6791
vn 0.1866 -0.6951 -0.6943
vn 0.1847 -0.7013 -0.6886
vn 0.1770 -0.6861 -0.7056
vn 0.1890 -0.6729 -0.7152
vn 0.1930 -0.6609 -0.7252
vn 0.2039 -0.6538 -0.7287
vn 0.2075 -0.6634 -0.7189
vn 0.2055 -0.6764 -0.7073
vn 0.2075 -0.6634 -0.7190
vn 0.2023 -0.6801 -0.7046
vn 0.2081 -0.6703 -0.7123
vn 0.2023 -0.6801 -0.7047
vn 0.2211 -0.6606 -0.7175
vn 0.2518 -0.6563 -0.7112
vn 0.2212 -0.6606 -0.7174
vn 0.2658 -0.6556 -0.7068
vn 0.2939 -0.6492 -0.7016
vn 0.3076 -0.6458 -0.6988
vn 0.3350 -0.6387 -0.6927
vn 0.3077 -0.6458 -0.6988
vn 0.3476 -0.6385 -0.6867
vn 0.3739 -0.6345 -0.6765
vn 0.3865 -0.6343 -0.6695
vn 0.3738 -0.6345 -0.6765
vn 0.4152 -0.6257 -0.6604
vn 0.4268 -0.6319 -0.6469
vn 0.4153 -0.6256 -0.6604
vn 0.4210 -0.6432 -0.6396
vn 0.4060 -0.6718 -0.6196
vn 0.4210 -0.6433 -0.6395
vn 0.4209 -0.6433 -0.6395
vn 0.3696 -0.6932 -0.6188
vn 0.4059 -0.6718 -0.6196
vn 0.3603 -0.7356 -0.5736
vn 0.2636 -0.7637 -0.5894
vn 0.3603 -0.7357 -0.5736
vn 0.1690 -0.8227 -0.5428
vn 0.3603 -0.7357 -0.5735
vn 0.2636 -0.7637 -0.5893
vn 0.2635 -0.7637 -0.5894
vn -0.0300 -0.8041 -0.5938
vn -0.1657 -0.8050 -0.5697
vn 0.0144 -0.9242 -0.3817
vn -0.0300 -0.8041 -0.5937
vn -0.0301 -0.8041 -0.5938
vn -0.3528 -0.6728 -0.6502
vn -0.1657 -0.8049 -0.5698
vn -0.4669 -0.5915 -0.6574
vn -0.3528 -0.6728 -0.6503
vn -0.5702 -0.4288 -0.7007
vn -0.6178 -0.3696 -0.6941
vn -0.4669 -0.5914 -0.6574
vn -0.6431 -0.3077 -0.7012
vn -0.6178 -0.3695 -0.6941
vn -0.6531 -0.3023 -0.6944
vn -0.6608 -0.2438 -0.7099
vn -0.6736 -0.1937 -0.7132
vn -0.6531 -0.3023 -0.6943
vn -0.6608 -0.2437 -0.7099
vn -0.6807 -0.1399 -0.7191
vn -0.6736 -0.1936 -0.7133
vn -0.6924 -0.1498 -0.7058
vn 0.0789 -0.9843 -0.1577
vn 0.0812 -0.9901 -0.1144
vn 0.1056 -0.9810 -0.1628
vn 0.1127 -0.9867 -0.1174
vn 0.0398 -0.9979 -0.0503
vn 0.0096 -0.9994 -0.0345
vn 0.0397 -0.9979 -0.0503
vn 0.0043 -0.9998 -0.0194
vn 0.0024 -0.9998 -0.0193
vn 0.0042 -0.9998 -0.0194
vn 0.0853 -0.9841 -0.1556
vn 0.1718 -0.9784 -0.1150
vn 0.1453 -0.9745 -0.1710
vn 0.2025 -0.9716 -0.1223
vn 0.1972 -0.9796 -0.0386
vn 0.1721 -0.9849 -0.0188
vn 0.1601 -0.9871 0.0012
vn 0.1239 -0.9923 0.0009
vn 0.9697 -0.1973 -0.1442
vn 0.9768 -0.1547 -0.1480
vn 0.9614 -0.2386 -0.1372
vn 0.9697 -0.1974 -0.1442
vn 0.9510 -0.2799 -0.1314
vn 0.9396 -0.3197 -0.1224
vn 0.9698 -0.2102 -0.1236
vn 0.9764 -0.1726 -0.1296
vn 0.9624 -0.2460 -0.1150
vn 0.9533 -0.2823 -0.1074
vn 0.9624 -0.2461 -0.1150
vn 0.9435 -0.3167 -0.0973
vn -0.9483 -0.2975 0.1102
vn -0.9637 -0.2455 0.1054
vn -0.9547 -0.2777 0.1072
vn -0.9637 -0.2454 0.1054
vn -0.9703 -0.2191 0.1029
vn -0.9784 -0.1801 0.1013
vn 0.1854 -0.9601 -0.2094
vn 0.2619 -0.9494 -0.1732
vn 0.2630 -0.9380 -0.2259
vn 0.3204 -0.9298 -0.1813
vn 0.2631 -0.9380 -0.2259
vn 0.2397 -0.9661 -0.0962
vn 0.1998 -0.9772 -0.0715
vn 0.1901 -0.9806 -0.0475
vn 0.1816 -0.9822 -0.0471
vn 0.9878 0.0671 -0.1408
vn 0.9829 0.1167 -0.1421
vn 0.9891 0.0462 -0.1396
vn 0.9904 0.0109 -0.1380
vn 0.9906 0.0044 -0.1370
vn 0.1422 -0.9778 -0.1540
vn 0.1715 -0.9788 -0.1122
vn 0.1788 -0.9702 -0.1634
vn 0.2096 -0.9710 -0.1154
vn 0.1789 -0.9702 -0.1634
vn 0.2096 -0.9710 -0.1153
vn 0.1715 -0.9788 -0.1121
vn 0.1506 -0.9880 -0.0351
vn 0.1207 -0.9926 -0.0106
vn 0.1505 -0.9880 -0.0351
vn 0.1190 -0.9928 0.0158
vn 0.1141 -0.9933 0.0158
vn -0.9703 -0.2239 0.0912
vn -0.9772 -0.1935 0.0875
vn -0.9712 -0.2207 0.0902
vn -0.9803 -0.1782 0.0856
vn -0.9870 -0.1387 0.0818
vn 0.9749 -0.1747 -0.1381
vn 0.9767 -0.1628 -0.1400
vn 0.9681 -0.2162 -0.1266
vn 0.9627 -0.2427 -0.1198
vn 0.9681 -0.2163 -0.1266
vn 0.9490 -0.2981 -0.1029
vn -0.9343 -0.3372 0.1155
vn -0.9519 -0.2880 0.1047
vn -0.9448 -0.3092 0.1084
vn -0.9448 -0.3091 0.1084
vn -0.9596 -0.2631 0.0992
vn -0.9645 -0.2454 0.0973
vn 0.3354 -0.9069 -0.2551
vn 0.3774 -0.9016 -0.2114
vn 0.3651 -0.8932 -0.2624
vn 0.4071 -0.8875 -0.2158
vn 0.4076 -0.8873 -0.2159
vn 0.3803 -0.9128 -0.1491
vn 0.4104 -0.9008 -0.1422
vn 0.4364 -0.8897 -0.1342
vn 0.5068 -0.8506 -0.1399
vn 0.4365 -0.8896 -0.1342
vn 0.4104 -0.9007 -0.1422
vn 0.9508 0.2611 -0.1667
vn 0.9220 0.3507 -0.1642
vn 0.9545 0.2458 -0.1686
vn 0.9546 0.2457 -0.1686
vn 0.9665 0.1921 -0.1701
vn 0.9665 0.1922 -0.1701
vn 0.9613 0.2150 -0.1724
vn -0.6683 -0.7405 0.0710
vn -0.7269 -0.6827 0.0746
vn -0.6905 -0.7198 0.0709
vn -0.7269 -0.6826 0.0746
vn -0.7545 -0.6519 0.0762
vn -0.7270 -0.6826 0.0746
vn -0.7938 -0.6027 0.0813
vn 0.0836 -0.9859 -0.1451
vn 0.1552 -0.9816 -0.1110
vn 0.1442 -0.9764 -0.1607
vn 0.2023 -0.9722 -0.1175
vn 0.1443 -0.9764 -0.1607
vn 0.1553 -0.9816 -0.1110
vn 0.1547 -0.9873 -0.0356
vn 0.1256 -0.9920 -0.0108
vn 0.1553 -0.9816 -0.1109
vn 0.1547 -0.9873 -0.0355
vn 0.1223 -0.9924 0.0153
vn 0.1124 -0.9935 0.0152
vn 0.5295 -0.7758 -0.3432
vn 0.5727 -0.7625 -0.3009
vn 0.5337 -0.7722 -0.3447
vn 0.5473 -0.7818 -0.2988
vn 0.5338 -0.7722 -0.3447
vn 0.5728 -0.7625 -0.3009
vn 0.6352 -0.7341 -0.2398
vn 0.6861 -0.6916 -0.2257
vn 0.6353 -0.7341 -0.2398
vn 0.6862 -0.6916 -0.2256
vn 0.6980 -0.6851 -0.2083
vn 0.7119 -0.6702 -0.2097
vn 0.7970 0.5826 -0.1594
vn 0.7961 0.5838 -0.1592
vn 0.8181 0.5518 -0.1619
vn 0.7969 0.5827 -0.1594
vn 0.8287 0.5355 -0.1631
vn 0.8286 0.5355 -0.1631
vn 0.8570 0.4878 -0.1661
vn 0.9756 -0.1731 -0.1351
vn 0.9775 -0.1604 -0.1370
vn 0.9681 -0.2186 -0.1228
vn 0.9620 -0.2474 -0.1155
vn 0.9620 -0.2475 -0.1155
vn 0.9463 -0.3082 -0.0973
vn -0.9316 -0.3481 0.1046
vn -0.9443 -0.3131 0.1014
vn -0.9309 -0.3498 0.1050
vn -0.9309 -0.3500 0.1051
vn -0.9502 -0.2954 0.0997
vn -0.9443 -0.3130 0.1013
vn -0.9667 -0.2381 0.0935
vn -0.4803 -0.8758 0.0468
vn -0.5536 -0.8307 0.0587
vn -0.5088 -0.8594 0.0502
vn -0.5887 -0.8058 0.0645
vn -0.5887 -0.8058 0.0646
vn -0.6382 -0.7662 0.0752
vn 0.5460 -0.7515 -0.3703
vn 0.5622 -0.7660 -0.3118
vn 0.5093 -0.7846 -0.3535
vn 0.4893 -0.8205 -0.2956
vn 0.5092 -0.7847 -0.3535
vn 0.4893 -0.8205 -0.2955
vn 0.6505 -0.7136 -0.2600
vn 0.7272 -0.6373 -0.2549
vn 0.6506 -0.7135 -0.2601
vn 0.5622 -0.7659 -0.3118
vn 0.6506 -0.7135 -0.2600
vn 0.7365 -0.6310 -0.2439
vn 0.7516 -0.6122 -0.2455
vn 0.7006 0.6969 -0.1533
vn 0.6944 0.7033 -0.1519
vn 0.7189 0.6774 -0.1558
vn 0.7308 0.6641 -0.1577
vn 0.7541 0.6369 -0.1605
vn 0.0836 -0.9859 -0.1452
vn 0.1753 -0.9776 -0.1163
vn 0.1500 -0.9753 -0.1622
vn 0.2105 -0.9696 -0.1244
vn 0.1501 -0.9753 -0.1622
vn 0.1754 -0.9776 -0.1163
vn 0.1989 -0.9791 -0.0416
vn 0.1680 -0.9857 -0.0132
vn 0.1540 -0.9880 0.0156
vn 0.1115 -0.9936 0.0153
vn 0.1539 -0.9880 0.0155
vn -0.9061 -0.4148 0.0833
vn -0.8810 -0.4648 0.0881
vn -0.9197 -0.3836 0.0835
vn -0.8590 -0.5040 0.0902
vn -0.9061 -0.4148 0.0834
vn -0.8226 -0.5603 0.0968
vn -0.8589 -0.5041 0.0902
vn 0.0821 -0.9873 -0.1362
vn 0.1822 -0.9765 -0.1151
vn 0.1565 -0.9753 -0.1558
vn 0.2248 -0.9665 -0.1240
vn 0.1566 -0.9753 -0.1558
vn 0.2037 -0.9780 -0.0458
vn 0.1715 -0.9850 -0.0180
vn 0.1593 -0.9872 0.0106
vn 0.1222 -0.9925 0.0101
vn 0.1592 -0.9872 0.0106
vn 0.9775 -0.1603 -0.1370
vn 0.9464 -0.3081 -0.0973
vn 0.1402 -0.9884 0.0576
vn 0.3780 -0.9184 0.1166
vn 0.2441 -0.9662 0.0826
vn 0.4678 -0.8714 0.1478
vn 0.2442 -0.9662 0.0826
vn 0.4957 -0.8558 0.1478
vn 0.4916 -0.8586 0.1457
vn 0.4956 -0.8559 0.1478
vn 0.1724 -0.9844 0.0357
vn 0.3970 -0.9175 0.0241
vn 0.2187 -0.9751 0.0376
vn 0.5182 -0.8552 0.0108
vn 0.3970 -0.9175 0.0242
vn 0.9524 -0.2671 0.1467
vn 0.9265 -0.3315 0.1780
vn 0.9614 -0.2102 0.1773
vn 0.7466 -0.6651 -0.0163
vn 0.8445 -0.5347 -0.0309
vn 0.9652 -0.1439 0.2185
vn 0.9614 -0.2102 0.1774
vn 0.9265 -0.3316 0.1781
vn 0.9615 -0.2101 0.1774
vn 0.9652 -0.1438 0.2185
vn 0.9746 0.0139 0.2235
vn 0.7467 -0.6650 -0.0163
vn 0.9493 -0.3108 -0.0469
vn 0.8445 -0.5346 -0.0309
vn 0.9716 -0.2313 -0.0505
vn 0.9675 0.0202 0.2520
vn 0.9746 0.0138 0.2235
vn 0.9645 0.0977 0.2453
vn 0.9901 -0.1291 -0.0552
vn 0.9931 -0.1029 -0.0557
vn 0.9618 0.1388 0.2361
vn 0.9436 0.2500 0.2173
vn 0.9963 -0.0637 -0.0578
vn 0.9976 -0.0417 -0.0561
vn 0.9041 0.3915 0.1712
vn 0.9435 0.2500 0.2173
vn 0.9041 0.3916 0.1712
vn 0.8423 0.5217 0.1356
vn 0.9979 0.0297 -0.0568
vn 0.9951 0.0808 -0.0572
vn 0.8061 0.5824 0.1050
vn 0.8423 0.5218 0.1355
vn 0.7044 0.7081 0.0498
vn 0.5934 0.8049 -0.0096
vn 0.9979 0.0298 -0.0568
vn 0.9657 0.2515 -0.0642
vn 0.9255 0.3727 -0.0680
vn 0.4804 0.8745 -0.0660
vn 0.5933 0.8049 -0.0096
vn 0.6390 0.7690 0.0200
vn 0.9657 0.2516 -0.0642
vn 0.7783 0.6241 -0.0694
vn 0.8684 0.4910 -0.0693
vn 0.9254 0.3727 -0.0680
vn 0.4805 0.8745 -0.0660
vn 0.3904 0.9186 -0.0606
vn 0.5184 0.8527 -0.0642
vn 0.0936 -0.9934 0.0667
vn 0.0847 -0.9933 0.0781
vn 0.0935 -0.9934 0.0667
vn 0.0704 -0.9942 0.0811
vn 0.7174 0.6932 -0.0693
vn 0.3679 0.9281 -0.0580
vn 0.0662 -0.9944 0.0819
vn 0.0605 -0.9949 0.0805
vn 0.0661 -0.9944 0.0819
vn 0.0563 -0.9956 0.0748
vn 0.0605 -0.9949 0.0804
vn 0.3678 0.9281 -0.0580
vn 0.1302 0.9903 -0.0490
vn 0.3904 0.9187 -0.0606
vn 0.0531 -0.9961 0.0707
vn 0.0584 0.9974 -0.0427
vn 0.0478 -0.9968 0.0635
vn 0.0436 -0.9972 0.0604
vn 0.0477 -0.9968 0.0635
vn 0.0379 -0.9977 0.0561
vn 0.1301 0.9903 -0.0490
vn -0.0143 0.9992 -0.0360
vn 0.0583 0.9974 -0.0427
vn -0.0236 0.9993 -0.0305
vn 0.0325 -0.9980 0.0550
vn 0.0379 -0.9977 0.0562
vn 0.0279 -0.9982 0.0534
vn 0.0378 -0.9977 0.0561
vn -0.0231 0.9993 -0.0287
vn -0.0236 0.9993 -0.0306
vn -0.0263 0.9993 -0.0256
vn 0.0264 -0.9982 0.0530
vn 0.0233 -0.9984 0.0519
vn 0.0264 -0.9982 0.0529
vn -0.0238 0.9994 -0.0247
vn -0.0250 0.9994 -0.0229
vn -0.0239 0.9994 -0.0246
vn 0.0265 -0.9982 0.0529
vn -0.0292 -0.9982 0.0522
vn -0.0712 -0.9960 0.0537
vn -0.0237 0.9995 -0.0223
vn -0.0248 0.9995 -0.0215
vn -0.0250 0.9994 -0.0230
vn -0.2715 -0.9604 0.0623
vn -0.3816 -0.9216 0.0704
vn -0.0246 0.9995 -0.0213
vn -0.0241 0.9995 -0.0215
vn -0.0247 0.9995 -0.0215
vn -0.5122 -0.8556 0.0748
vn -0.3817 -0.9216 0.0704
vn -0.4586 -0.8853 0.0772
vn -0.5121 -0.8557 0.0748
vn -0.0392 0.9990 -0.0215
vn -0.0572 0.9981 -0.0208
vn -0.0242 0.9995 -0.0215
vn -0.9734 -0.2167 0.0747
vn -0.9789 -0.1912 0.0722
vn -0.9944 0.0881 0.0591
vn -0.9978 -0.0159 0.0651
vn -0.1040 0.9944 -0.0189
vn -0.1368 0.9904 -0.0171
vn -0.9944 0.0882 0.0591
vn -0.9032 0.4279 0.0335
vn -0.9770 0.2076 0.0497
vn -0.8782 0.4774 0.0303
vn -0.9228 0.3836 0.0371
vn -0.9032 0.4280 0.0335
vn -0.1041 0.9944 -0.0189
vn -0.2035 0.9790 -0.0148
vn -0.1369 0.9904 -0.0171
vn -0.2510 0.9679 -0.0118
vn -0.9031 0.4280 0.0335
vn -0.8510 0.5242 0.0308
vn -0.8397 0.5420 0.0330
vn -0.8511 0.5242 0.0308
vn -0.3486 0.9373 -0.0078
vn -0.4033 0.9151 -0.0058
vn -0.3485 0.9373 -0.0078
vn -0.8138 0.5802 0.0314
vn -0.7888 0.6143 0.0226
vn -0.3486 0.9372 -0.0078
vn -0.5013 0.8653 -0.0036
vn -0.4033 0.9150 -0.0058
vn -0.5458 0.8379 -0.0029
vn -0.7510 0.6602 0.0127
vn -0.7887 0.6143 0.0226
vn -0.7591 0.6510 0.0050
vn -0.6331 0.7741 -0.0000
vn -0.5459 0.8379 -0.0029
vn -0.6813 0.7320 0.0018
vn -0.7509 0.6603 0.0127
vn -0.6331 0.7740 -0.0000
vn -0.7454 0.6666 0.0046
vn -0.8204 0.5718 0.0074
vn -0.8297 0.5581 0.0079
vn -0.7591 0.6509 0.0050
vn -0.8501 0.5265 0.0093
vn -0.8596 0.5109 0.0093
vn -0.8501 0.5266 0.0093
vn -0.9021 0.4313 0.0105
vn -0.9317 0.3631 0.0118
vn -0.8596 0.5108 0.0093
vn -0.9022 0.4313 0.0105
vn -0.9561 0.2926 0.0136
vn -0.9575 0.2881 0.0143
vn -0.9726 -0.2313 0.0225
vn -0.9714 -0.2365 0.0231
vn -0.9701 -0.2417 0.0236
vn -0.4275 -0.9037 0.0231
vn -0.3277 -0.9445 0.0219
vn -0.4272 -0.9039 0.0231
vn -0.2211 -0.9750 0.0209
vn -0.4270 -0.9039 0.0231
vn -0.0776 -0.9968 0.0188
vn -0.2210 -0.9750 0.0209
vn -0.0384 -0.9991 0.0187
vn -0.2210 -0.9751 0.0209
vn 0.0078 -0.9998 0.0181
vn 0.0183 -0.9997 0.0188
vn 0.0322 -0.9993 0.0187
vn 0.0184 -0.9997 0.0186
vn 0.0371 -0.9991 0.0193
vn 0.0183 -0.9997 0.0186
vn 0.0477 -0.9987 0.0193
vn 0.0540 -0.9983 0.0197
vn 0.0370 -0.9991 0.0193
vn 0.0628 -0.9978 0.0198
vn 0.0659 -0.9976 0.0216
vn 0.0733 -0.9970 0.0229
vn 0.0780 -0.9966 0.0246
vn 0.0659 -0.9976 0.0217
vn 0.0888 -0.9957 0.0246
vn 0.0781 -0.9966 0.0245
vn 0.0952 -0.9951 0.0276
vn 0.0889 -0.9957 0.0246
vn 0.1111 -0.9934 0.0297
vn 0.1208 -0.9920 0.0355
vn 0.1112 -0.9934 0.0297
vn 0.1209 -0.9920 0.0355
vn 0.4705 -0.4898 -0.7340
vn 0.5093 -0.4460 -0.7360
vn 0.4910 -0.4621 -0.7385
vn 0.5188 -0.4450 -0.7300
vn 0.5320 -0.4293 -0.7298
vn 0.5504 -0.4083 -0.7283
vn 0.5320 -0.4294 -0.7298
vn 0.5596 -0.3963 -0.7279
vn 0.5617 -0.3975 -0.7256
vn 0.5504 -0.4082 -0.7283
vn 0.5603 -0.4015 -0.7245
vn 0.5682 -0.3953 -0.7217
vn 0.5730 -0.3934 -0.7190
vn 0.5756 -0.3936 -0.7168
vn 0.5731 -0.3933 -0.7189
vn 0.5731 -0.3934 -0.7189
vn 0.5687 -0.4262 -0.7035
vn 0.5919 -0.4103 -0.6938
vn 0.5755 -0.3936 -0.7168
vn 0.5687 -0.4263 -0.7035
vn 0.5687 -0.4263 -0.7034
vn 0.6196 -0.3654 -0.6947
vn 0.6470 -0.3033 -0.6996
vn 0.5919 -0.4102 -0.6938
vn 0.6486 -0.2621 -0.7145
vn 0.6470 -0.3032 -0.6996
vn -0.9234 -0.3744 0.0852
vn -0.9109 -0.4024 0.0910
vn -0.9444 -0.3194 0.0780
vn -0.8914 -0.4427 0.0972
vn -0.9109 -0.4025 0.0910
vn -0.9233 -0.3744 0.0852
vn -0.8834 -0.4572 0.1023
vn -0.8914 -0.4428 0.0972
vn -0.9277 -0.3574 0.1078
vn -0.9445 -0.3125 0.1011
vn -0.9325 -0.3456 0.1049
vn -0.9521 -0.2898 0.0976
vn -0.9521 -0.2897 0.0976
vn -0.9650 -0.2451 0.0931
vn 0.2986 -0.9355 -0.1891
vn 0.2294 -0.9653 -0.1249
vn 0.2797 -0.9425 -0.1831
vn 0.2400 -0.9635 -0.1183
vn 0.2400 -0.9635 -0.1182
vn 0.1624 -0.9859 -0.0399
vn 0.1288 -0.9915 -0.0167
vn 0.1623 -0.9859 -0.0399
vn 0.1247 -0.9921 0.0113
vn 0.1181 -0.9929 0.0107
vn 0.1288 -0.9915 -0.0166
vn 0.9595 -0.2434 -0.1416
vn 0.9632 -0.2264 -0.1447
vn 0.9463 -0.2989 -0.1234
vn 0.9595 -0.2435 -0.1416
vn 0.9356 -0.3347 -0.1124
vn 0.9463 -0.2990 -0.1234
vn 0.9095 -0.4067 -0.0857
vn -0.9599 -0.2657 0.0891
vn -0.9512 -0.2938 0.0940
vn -0.9713 -0.2226 0.0843
vn -0.9392 -0.3288 0.0987
vn -0.9313 -0.3492 0.1036
vn -0.9392 -0.3289 0.0987
vn -0.9311 -0.3550 0.0843
vn -0.9140 -0.3950 0.0926
vn -0.9519 -0.2965 0.0778
vn -0.8912 -0.4425 0.0996
vn -0.8746 -0.4725 0.1085
vn -0.8912 -0.4426 0.0996
vn -0.9476 -0.3047 0.0958
vn -0.9420 -0.3212 0.0974
vn -0.9623 -0.2562 0.0910
vn -0.9302 -0.3531 0.1004
vn -0.9476 -0.3048 0.0958
vn -0.9298 -0.3539 0.1006
vn -0.9420 -0.3213 0.0974
vn -0.9301 -0.3532 0.1004
vn 0.2336 -0.9597 -0.1560
vn 0.2336 -0.9665 -0.1068
vn 0.2503 -0.9547 -0.1606
vn 0.2436 -0.9637 -0.1089
vn 0.2504 -0.9547 -0.1607
vn 0.2436 -0.9638 -0.1089
vn 0.2336 -0.9665 -0.1067
vn 0.2135 -0.9766 -0.0275
vn 0.1797 -0.9837 -0.0042
vn 0.1629 -0.9864 0.0202
vn 0.1175 -0.9929 0.0178
vn 0.9434 -0.3092 -0.1202
vn 0.9566 -0.2611 -0.1293
vn 0.9327 -0.3430 -0.1110
vn 0.9181 -0.3831 -0.1016
vn 0.9327 -0.3431 -0.1110
vn 0.9078 -0.4092 -0.0922
vn 0.9658 -0.2332 -0.1131
vn 0.9716 -0.2034 -0.1205
vn 0.9479 -0.3046 -0.0930
vn 0.9793 -0.1520 -0.1338
vn 0.9716 -0.2034 -0.1206
vn 0.9793 -0.1519 -0.1338
vn 0.9804 -0.1434 -0.1350
vn -0.9502 -0.3011 0.0802
vn -0.9414 -0.3264 0.0846
vn -0.9671 -0.2439 0.0728
vn -0.9259 -0.3668 0.0903
vn -0.9218 -0.3762 0.0933
vn -0.9414 -0.3265 0.0846
vn 0.1754 -0.9776 -0.1164
vn 0.1989 -0.9791 -0.0420
vn 0.1690 -0.9855 -0.0139
vn 0.1989 -0.9791 -0.0419
vn 0.1554 -0.9877 0.0145
vn 0.1143 -0.9933 0.0143
vn 0.1553 -0.9878 0.0145
vn 0.1689 -0.9855 -0.0139
vn 0.1746 -0.9696 -0.1714
vn 0.2018 -0.9715 -0.1247
vn 0.2143 -0.9597 -0.1820
vn 0.2354 -0.9634 -0.1283
vn 0.1714 -0.9844 -0.0390
vn 0.1383 -0.9903 -0.0123
vn 0.1380 -0.9904 -0.0123
vn 0.1268 -0.9918 0.0168
vn 0.1170 -0.9930 0.0163
vn 0.1382 -0.9903 -0.0123
vn -0.1539 0.9855 -0.0709
vn -0.3401 0.9389 -0.0531
vn -0.4499 0.8846 -0.1230
vn -0.5436 0.8304 -0.1227
vn -0.4499 0.8845 -0.1230
vn -0.4880 0.8640 -0.1235
vn -0.5679 0.8182 -0.0893
vn -0.4881 0.8640 -0.1235
vn -0.9683 0.2447 0.0512
vn -0.9786 0.2043 0.0262
vn -0.9525 0.3032 0.0290
vn -0.9679 0.2507 0.0179
vn -0.9786 0.2043 0.0261
vn -0.9955 0.0930 0.0187
vn -0.9786 0.2042 0.0262
vn -0.9989 0.0398 0.0229
vn -0.9955 0.0929 0.0187
vn -0.9997 0.0143 0.0220
vn -0.9907 -0.1310 0.0379
vn -0.9832 -0.1821 0.0151
vn -0.9906 -0.1311 0.0379
vn -0.9633 -0.2678 0.0153
vn -0.9831 -0.1822 0.0151
vn -0.9100 -0.4094 -0.0660
vn -0.9832 -0.1822 0.0151
vn -0.9634 -0.2678 0.0153
vn -0.5186 -0.8548 0.0169
vn -0.5084 -0.8596 -0.0504
vn -0.6601 -0.7499 -0.0433
vn -0.7787 -0.6190 -0.1020
vn -0.8100 -0.5851 -0.0394
vn -0.3446 -0.9385 -0.0215
vn -0.1422 -0.9858 -0.0889
vn -0.2259 -0.9701 -0.0883
vn -0.0875 -0.9908 -0.1032
vn -0.2259 -0.9701 -0.0884
vn -0.1422 -0.9858 -0.0890
vn -0.1421 -0.9858 -0.0889
vn 0.0405 -0.9949 -0.0918
vn -0.0874 -0.9908 -0.1032
vn 0.0599 -0.9950 -0.0797
vn 0.0796 -0.9948 -0.0629
vn 0.0715 -0.9965 -0.0439
vn 0.0599 -0.9950 -0.0796
vn 0.0589 -0.9976 -0.0364
vn 0.0535 -0.9983 -0.0248
vn 0.0589 -0.9976 -0.0363
vn 0.0465 -0.9987 -0.0204
vn 0.0535 -0.9983 -0.0249
vn 0.0447 -0.9989 -0.0147
vn 0.0464 -0.9987 -0.0204
vn 0.0418 -0.9990 -0.0132
vn 0.0406 -0.9991 -0.0128
vn 0.0453 -0.9989 -0.0140
vn 0.0472 -0.9987 -0.0199
vn 0.0406 -0.9991 -0.0129
vn 0.0452 -0.9989 -0.0140
vn 0.0835 -0.9962 -0.0259
vn 0.0962 -0.9947 -0.0351
vn 0.1587 -0.9863 -0.0450
vn 0.1651 -0.9847 -0.0553
vn 0.2437 -0.9673 -0.0711
vn 0.1652 -0.9847 -0.0553
vn 0.2590 -0.9624 -0.0816
vn 0.1652 -0.9847 -0.0554
vn 0.2436 -0.9673 -0.0711
vn 0.3698 -0.9227 -0.1086
vn 0.3505 -0.9306 -0.1059
vn 0.3505 -0.9305 -0.1059
vn 0.3699 -0.9227 -0.1086
vn 0.4707 -0.8718 -0.1359
vn 0.5152 -0.8441 -0.1487
vn 0.5702 -0.8052 -0.1631
vn 0.5949 -0.7853 -0.1712
vn 0.6352 -0.7501 -0.1842
vn 0.6567 -0.7291 -0.1926
vn 0.5950 -0.7853 -0.1712
vn 0.6830 -0.7017 -0.2028
vn 0.6931 -0.6897 -0.2097
vn 0.6567 -0.7291 -0.1927
vn 0.6931 -0.6896 -0.2098
vn 0.7025 -0.6781 -0.2161
vn 0.7092 -0.6674 -0.2271
vn 0.7211 -0.6503 -0.2393
vn 0.7238 -0.6457 -0.2434
vn 0.7211 -0.6502 -0.2392
vn 0.7093 -0.6674 -0.2271
vn 0.7902 -0.5454 -0.2793
vn 0.8043 -0.5261 -0.2762
vn 0.7902 -0.5454 -0.2794
vn 0.7903 -0.5454 -0.2794
vn 0.8044 -0.5260 -0.2762
vn 0.8412 -0.4529 -0.2953
vn 0.8778 -0.3995 -0.2644
vn 0.5374 0.7843 -0.3099
vn 0.3492 0.9069 -0.2359
vn 0.9381 -0.2155 -0.2714
vn 0.0901 0.9858 -0.1420
vn 0.3492 0.9069 -0.2358
vn 0.0615 0.9879 -0.1421
vn 0.0900 0.9858 -0.1420
vn 0.0092 0.9937 -0.1121
vn 0.0043 0.9899 -0.1420
vn 0.0092 0.9936 -0.1122
vn 0.7207 0.6676 -0.1866
vn 0.7174 0.6743 -0.1751
vn 0.0536 0.9965 -0.0635
vn -0.0231 0.9972 -0.0706
vn -0.0436 0.9984 -0.0350
vn -0.0232 0.9972 -0.0706
vn -0.0378 0.9971 -0.0663
vn -0.0519 0.9969 -0.0591
vn -0.0634 0.9962 -0.0593
vn -0.0518 0.9969 -0.0591
vn -0.0780 0.9949 -0.0642
vn -0.0911 0.9953 -0.0314
vn -0.0977 0.9927 -0.0700
vn -0.1383 0.9896 -0.0384
vn -0.0977 0.9927 -0.0701
vn 0.9576 -0.2633 -0.1172
vn 0.9681 -0.2172 -0.1251
vn 0.9480 -0.2996 -0.1073
vn 0.9576 -0.2634 -0.1172
vn 0.9353 -0.3401 -0.0981
vn 0.9480 -0.2997 -0.1073
vn 0.9246 -0.3708 -0.0871
vn -0.3691 -0.9288 0.0339
vn -0.4390 -0.8972 0.0471
vn -0.3896 -0.9202 0.0367
vn -0.3897 -0.9202 0.0367
vn -0.4730 -0.8794 0.0536
vn -0.4731 -0.8794 0.0536
vn -0.5337 -0.8430 0.0675
vn 0.0742 -0.7398 -0.6687
vn 0.0766 -0.7454 -0.6622
vn 0.0789 -0.7308 -0.6780
vn 0.0790 -0.7361 -0.6723
vn 0.0859 -0.7236 -0.6848
vn 0.1006 -0.7067 -0.7004
vn 0.1275 -0.7078 -0.6948
vn 0.0860 -0.7236 -0.6848
vn 0.1006 -0.7066 -0.7004
vn 0.1559 -0.6935 -0.7034
vn 0.1765 -0.7054 -0.6865
vn 0.1860 -0.7006 -0.6889
vn 0.1901 -0.6972 -0.6912
vn 0.1905 -0.6924 -0.6959
vn 0.1883 -0.6897 -0.6992
vn 0.1893 -0.6895 -0.6991
vn 0.1925 -0.6879 -0.6999
vn 0.1892 -0.6895 -0.6991
vn 0.1925 -0.6878 -0.6999
vn 0.1977 -0.6852 -0.7010
vn 0.1984 -0.6865 -0.6996
vn 0.1978 -0.6852 -0.7010
vn 0.1984 -0.6865 -0.6995
vn 0.2081 -0.6878 -0.6955
vn 0.2013 -0.6885 -0.6967
vn 0.1985 -0.6865 -0.6995
vn 0.2089 -0.6934 -0.6896
vn 0.2121 -0.7007 -0.6812
vn 0.2093 -0.7063 -0.6762
vn 0.2120 -0.7007 -0.6812
vn 0.2101 -0.7029 -0.6795
vn 0.2176 -0.6943 -0.6860
vn 0.2233 -0.6873 -0.6912
vn 0.2516 -0.6840 -0.6847
vn 0.2233 -0.6875 -0.6910
vn 0.2667 -0.6797 -0.6833
vn 0.2234 -0.6875 -0.6909
vn 0.2962 -0.6707 -0.6800
vn 0.2667 -0.6796 -0.6833
vn 0.3115 -0.6602 -0.6834
vn 0.3424 -0.6485 -0.6798
vn 0.3116 -0.6602 -0.6834
vn 0.3602 -0.6326 -0.6856
vn 0.3424 -0.6485 -0.6799
vn 0.3914 -0.6162 -0.6835
vn 0.3603 -0.6326 -0.6856
vn 0.4069 -0.6036 -0.6856
vn 0.4356 -0.5942 -0.6761
vn 0.4512 -0.5834 -0.6753
vn 0.4357 -0.5942 -0.6761
vn 0.4676 -0.5734 -0.6728
vn 0.4669 -0.5641 -0.6810
vn 0.4766 -0.5650 -0.6735
vn 0.4806 -0.5540 -0.6797
vn 0.4790 -0.5383 -0.6934
vn 0.4807 -0.5541 -0.6797
vn 0.4653 -0.5148 -0.7201
vn 0.4789 -0.5383 -0.6934
vn 0.4496 -0.4956 -0.7431
vn 0.4653 -0.5147 -0.7201
vn 0.4427 -0.4879 -0.7523
vn 0.4329 -0.4775 -0.7646
vn 0.4309 -0.4738 -0.7680
vn 0.4271 -0.4585 -0.7793
vn 0.4168 -0.4532 -0.7880
vn 0.4271 -0.4585 -0.7794
vn 0.4082 -0.4002 -0.8205
vn 0.3750 -0.4183 -0.8273
vn 0.3518 -0.4208 -0.8361
vn 0.3252 -0.4768 -0.8166
vn 0.3750 -0.4184 -0.8273
vn 0.3518 -0.4209 -0.8361
vn 0.3263 -0.4613 -0.8251
vn 0.3252 -0.4768 -0.8167
vn 0.4341 -0.5224 -0.7339
vn 0.4099 -0.5544 -0.7243
vn 0.3664 -0.5801 -0.7275
vn 0.3430 -0.6165 -0.7087
vn 0.3060 -0.6379 -0.7067
vn 0.2876 -0.6651 -0.6891
vn 0.2594 -0.6771 -0.6887
vn 0.2875 -0.6651 -0.6891
vn 0.2454 -0.6964 -0.6744
vn 0.2593 -0.6771 -0.6887
vn 0.2203 -0.7067 -0.6723
vn 0.2056 -0.7283 -0.6537
vn 0.2203 -0.7068 -0.6723
vn 0.1749 -0.7411 -0.6482
vn 0.1564 -0.7515 -0.6409
vn 0.1013 -0.7535 -0.6496
vn 0.0568 -0.7426 -0.6674
vn 0.1565 -0.7515 -0.6409
vn 0.1012 -0.7535 -0.6496
vn 0.0136 -0.7316 -0.6816
vn 0.0063 -0.7112 -0.7029
vn 0.0568 -0.7425 -0.6674
vn 0.0039 -0.7022 -0.7120
vn 0.0064 -0.7113 -0.7029
vn 0.0004 -0.6981 -0.7160
vn 0.0063 -0.7113 -0.7029
vn -0.0165 -0.6924 -0.7214
vn -0.0283 -0.6816 -0.7312
vn -0.0166 -0.6924 -0.7214
vn -0.0694 -0.6401 -0.7651
vn -0.1501 -0.6036 -0.7830
vn -0.0693 -0.6401 -0.7651
vn -0.2404 -0.5516 -0.7987
vn -0.2886 -0.5316 -0.7963
vn -0.1502 -0.6036 -0.7830
vn -0.2924 -0.4881 -0.8224
vn -0.3118 -0.4486 -0.8376
vn -0.2924 -0.4880 -0.8224
vn -0.3444 -0.3852 -0.8562
vn -0.3118 -0.4485 -0.8376
vn -0.3668 -0.3633 -0.8564
vn -0.3444 -0.3851 -0.8562
vn -0.3691 -0.3379 -0.8658
vn -0.4455 -0.8582 0.2548
vn -0.1651 -0.9862 -0.0099
vn -0.2986 -0.9355 -0.1891
vn -0.2797 -0.9425 -0.1831
vn -0.2294 -0.9653 -0.1249
vn -0.2400 -0.9635 -0.1183
vn -0.2400 -0.9635 -0.1182
vn -0.1624 -0.9859 -0.0399
vn -0.1288 -0.9915 -0.0167
vn -0.1247 -0.9921 0.0113
vn -0.1181 -0.9929 0.0107
vn -0.1288 -0.9915 -0.0166
vn -0.2336 -0.9597 -0.1560
vn -0.2503 -0.9547 -0.1606
vn -0.2336 -0.9665 -0.1068
vn -0.2436 -0.9637 -0.1089
vn -0.2504 -0.9547 -0.1607
vn -0.2436 -0.9638 -0.1089
vn -0.2135 -0.9766 -0.0275
vn -0.2336 -0.9665 -0.1067
vn -0.1797 -0.9837 -0.0042
vn -0.1629 -0.9864 0.0202
vn -0.1175 -0.9929 0.0178
vn -0.1746 -0.9696 -0.1714
vn -0.2143 -0.9597 -0.1820
vn -0.2018 -0.9715 -0.1247
vn -0.2354 -0.9634 -0.1283
vn -0.1714 -0.9844 -0.0390
vn -0.1383 -0.9903 -0.0123
vn -0.1268 -0.9918 0.0168
vn -0.1382 -0.9903 -0.0123
vn -0.1170 -0.9930 0.0163
vn -0.1897 -0.9688 -0.1595
vn -0.1969 -0.9670 -0.1615
vn -0.1976 -0.9728 -0.1210
vn -0.2025 -0.9717 -0.1219
vn -0.1976 -0.9728 -0.1209
vn -0.1976 -0.9790 -0.0497
vn -0.1708 -0.9851 -0.0195
vn -0.1981 -0.9727 -0.1209
vn -0.1582 -0.9873 0.0109
vn -0.1201 -0.9927 0.0106
vn 0.9171 -0.3795 0.1223
vn 0.9304 -0.3476 0.1161
vn 0.8946 -0.4257 0.1355
vn 0.9456 -0.3076 0.1061
vn 0.9304 -0.3477 0.1161
vn 0.9536 -0.2828 0.1035
vn 0.9259 -0.3668 0.0903
vn 0.9414 -0.3265 0.0846
vn 0.9218 -0.3762 0.0933
vn 0.9502 -0.3011 0.0802
vn 0.9414 -0.3264 0.0846
vn 0.9671 -0.2439 0.0728
vn 0.8912 -0.4426 0.0996
vn 0.9140 -0.3950 0.0926
vn 0.8746 -0.4725 0.1085
vn 0.9311 -0.3550 0.0843
vn 0.8912 -0.4425 0.0996
vn 0.9519 -0.2965 0.0778
vn -0.1424 -0.9775 -0.1553
vn -0.1805 -0.9696 -0.1653
vn -0.1791 -0.9770 -0.1153
vn -0.2161 -0.9691 -0.1188
vn -0.1792 -0.9770 -0.1153
vn -0.2161 -0.9691 -0.1187
vn -0.1655 -0.9854 -0.0401
vn -0.1344 -0.9908 -0.0162
vn -0.1310 -0.9913 0.0097
vn -0.1205 -0.9927 0.0096
vn -0.1344 -0.9908 -0.0161
vn -0.1309 -0.9913 0.0097
vn 0.9268 -0.3608 0.1042
vn 0.9370 -0.3349 0.0999
vn 0.9126 -0.3930 0.1124
vn 0.9477 -0.3052 0.0934
vn 0.9370 -0.3348 0.0999
vn 0.9550 -0.2822 0.0910
vn 0.9870 -0.1387 0.0818
vn 0.9772 -0.1935 0.0875
vn 0.9803 -0.1782 0.0856
vn 0.9712 -0.2206 0.0902
vn 0.9712 -0.2207 0.0902
vn 0.9703 -0.2239 0.0912
vn -0.0821 -0.9873 -0.1362
vn -0.1565 -0.9753 -0.1558
vn -0.1822 -0.9765 -0.1151
vn -0.2248 -0.9665 -0.1240
vn -0.1566 -0.9753 -0.1558
vn -0.2037 -0.9780 -0.0458
vn -0.1715 -0.9850 -0.0180
vn -0.1593 -0.9872 0.0106
vn -0.1222 -0.9925 0.0101
vn -0.1592 -0.9872 0.0106
vn 0.9261 -0.3638 0.0996
vn 0.9349 -0.3417 0.0955
vn 0.9085 -0.4033 0.1091
vn 0.9465 -0.3104 0.0885
vn 0.9509 -0.2969 0.0873
vn 0.9465 -0.3103 0.0885
vn -0.0803 -0.9849 -0.1535
vn -0.1488 -0.9740 -0.1710
vn -0.1750 -0.9764 -0.1263
vn -0.2116 -0.9681 -0.1346
vn -0.1489 -0.9740 -0.1710
vn -0.2115 -0.9681 -0.1345
vn -0.1993 -0.9784 -0.0544
vn -0.1921 -0.9810 -0.0273
vn -0.1902 -0.9817 -0.0000
vn -0.1843 -0.9829 -0.0000
vn -0.0853 -0.9841 -0.1556
vn -0.1453 -0.9745 -0.1710
vn -0.1718 -0.9784 -0.1150
vn -0.2025 -0.9716 -0.1223
vn -0.1972 -0.9796 -0.0386
vn -0.1721 -0.9849 -0.0188
vn -0.1718 -0.9784 -0.1149
vn -0.1601 -0.9871 0.0012
vn -0.1239 -0.9923 0.0009
vn 0.9392 -0.3289 0.0987
vn 0.9512 -0.2938 0.0940
vn 0.9313 -0.3492 0.1036
vn 0.9599 -0.2657 0.0891
vn 0.9392 -0.3288 0.0987
vn 0.9713 -0.2225 0.0843
vn -0.1422 -0.9778 -0.1540
vn -0.1788 -0.9702 -0.1634
vn -0.1715 -0.9788 -0.1122
vn -0.2096 -0.9710 -0.1154
vn -0.1789 -0.9702 -0.1634
vn -0.2096 -0.9710 -0.1153
vn -0.1506 -0.9880 -0.0351
vn -0.1715 -0.9788 -0.1121
vn -0.1207 -0.9926 -0.0106
vn -0.1714 -0.9788 -0.1121
vn -0.1505 -0.9880 -0.0351
vn -0.1190 -0.9928 0.0158
vn -0.1141 -0.9933 0.0158
vn 0.9448 -0.3092 0.1084
vn 0.9519 -0.2880 0.1047
vn 0.9343 -0.3372 0.1155
vn 0.9596 -0.2631 0.0992
vn 0.9448 -0.3091 0.1084
vn 0.9645 -0.2454 0.0973
vn 0.9266 -0.3625 0.0995
vn 0.9399 -0.3276 0.0960
vn 0.9212 -0.3753 0.1024
vn 0.9484 -0.3033 0.0927
vn 0.9626 -0.2562 0.0885
vn -0.0926 -0.9847 -0.1475
vn -0.1487 -0.9755 -0.1619
vn -0.1575 -0.9812 -0.1115
vn -0.2023 -0.9722 -0.1175
vn -0.1488 -0.9755 -0.1619
vn -0.1547 -0.9873 -0.0356
vn -0.1256 -0.9920 -0.0108
vn -0.1547 -0.9873 -0.0355
vn -0.1223 -0.9924 0.0153
vn -0.1124 -0.9935 0.0152
vn 0.9309 -0.3499 0.1050
vn 0.9443 -0.3131 0.1014
vn 0.9316 -0.3481 0.1046
vn 0.9502 -0.2954 0.0997
vn 0.9667 -0.2380 0.0935
vn 0.9502 -0.2953 0.0997
vn -0.2131 -0.9400 -0.2664
vn -0.1930 -0.9453 -0.2628
vn -0.1137 -0.9767 -0.1822
vn -0.1195 -0.9765 -0.1793
vn -0.1137 -0.9767 -0.1823
vn -0.1195 -0.9765 -0.1792
vn -0.0064 -0.9971 -0.0761
vn 0.0131 -0.9985 -0.0535
vn -0.0063 -0.9971 -0.0761
vn 0.0201 -0.9994 -0.0298
vn -0.0066 -0.9995 -0.0298
vn 0.0200 -0.9994 -0.0298
vn -0.0836 -0.9859 -0.1452
vn -0.1500 -0.9753 -0.1622
vn -0.1753 -0.9776 -0.1163
vn -0.2105 -0.9696 -0.1244
vn -0.1754 -0.9776 -0.1163
vn -0.1501 -0.9753 -0.1622
vn -0.1989 -0.9791 -0.0416
vn -0.1680 -0.9857 -0.0132
vn -0.1540 -0.9880 0.0155
vn -0.1115 -0.9936 0.0153
vn -0.1539 -0.9880 0.0156
vn 0.9325 -0.3456 0.1049
vn 0.9445 -0.3125 0.1011
vn 0.9277 -0.3574 0.1078
vn 0.9521 -0.2898 0.0976
vn 0.9650 -0.2452 0.0931
vn -0.0742 -0.7398 -0.6687
vn -0.0789 -0.7308 -0.6780
vn -0.0766 -0.7454 -0.6622
vn -0.0790 -0.7361 -0.6723
vn -0.0859 -0.7236 -0.6848
vn -0.1006 -0.7067 -0.7004
vn -0.1264 -0.7065 -0.6963
vn -0.0860 -0.7236 -0.6848
vn -0.1006 -0.7066 -0.7004
vn -0.1529 -0.6917 -0.7058
vn -0.1723 -0.7046 -0.6883
vn -0.1528 -0.6917 -0.7058
vn -0.1830 -0.7010 -0.6893
vn -0.1890 -0.6981 -0.6906
vn -0.1905 -0.6924 -0.6959
vn -0.1883 -0.6897 -0.6992
vn -0.1893 -0.6895 -0.6991
vn -0.1925 -0.6879 -0.6999
vn -0.1892 -0.6895 -0.6991
vn -0.1977 -0.6852 -0.7010
vn -0.1925 -0.6878 -0.6999
vn -0.1984 -0.6865 -0.6996
vn -0.1978 -0.6852 -0.7010
vn -0.2081 -0.6878 -0.6955
vn -0.1984 -0.6865 -0.6995
vn -0.2013 -0.6885 -0.6967
vn -0.1985 -0.6865 -0.6995
vn -0.2089 -0.6934 -0.6896
vn -0.2121 -0.7007 -0.6812
vn -0.2120 -0.7007 -0.6812
vn -0.2093 -0.7063 -0.6762
vn -0.2101 -0.7029 -0.6795
vn -0.2176 -0.6943 -0.6860
vn -0.2233 -0.6875 -0.6910
vn -0.2516 -0.6840 -0.6847
vn -0.2667 -0.6797 -0.6833
vn -0.2234 -0.6875 -0.6909
vn -0.2667 -0.6796 -0.6833
vn -0.2962 -0.6707 -0.6800
vn -0.3115 -0.6602 -0.6834
vn -0.3116 -0.6602 -0.6834
vn -0.3424 -0.6485 -0.6799
vn -0.3602 -0.6326 -0.6856
vn -0.3424 -0.6485 -0.6798
vn -0.3603 -0.6326 -0.6856
vn -0.3914 -0.6162 -0.6835
vn -0.4069 -0.6036 -0.6856
vn -0.4356 -0.5942 -0.6761
vn -0.4512 -0.5834 -0.6753
vn -0.4357 -0.5942 -0.6761
vn -0.4676 -0.5734 -0.6728
vn -0.4669 -0.5641 -0.6810
vn -0.4766 -0.5650 -0.6735
vn -0.4806 -0.5540 -0.6797
vn -0.4807 -0.5541 -0.6797
vn -0.4790 -0.5383 -0.6934
vn -0.4653 -0.5148 -0.7201
vn -0.4789 -0.5383 -0.6934
vn -0.4807 -0.5540 -0.6797
vn -0.4653 -0.5147 -0.7201
vn -0.4496 -0.4956 -0.7431
vn -0.4427 -0.4879 -0.7523
vn -0.4329 -0.4775 -0.7646
vn -0.4309 -0.4738 -0.7680
vn -0.4271 -0.4585 -0.7793
vn -0.4168 -0.4532 -0.7880
vn -0.4271 -0.4585 -0.7794
vn -0.4082 -0.4002 -0.8205
vn -0.3750 -0.4183 -0.8273
vn -0.3518 -0.4208 -0.8361
vn -0.3252 -0.4768 -0.8166
vn -0.3518 -0.4209 -0.8361
vn -0.3750 -0.4184 -0.8273
vn -0.3252 -0.4768 -0.8167
vn -0.3263 -0.4613 -0.8251
vn -0.2577 -0.9203 -0.2945
vn -0.2126 -0.9341 -0.2867
vn -0.1245 -0.9716 -0.2012
vn -0.1171 -0.9737 -0.1952
vn -0.1244 -0.9716 -0.2012
vn -0.2125 -0.9342 -0.2867
vn -0.1171 -0.9738 -0.1952
vn -0.0077 -0.9962 -0.0867
vn -0.1244 -0.9716 -0.2011
vn 0.0081 -0.9981 -0.0612
vn 0.0134 -0.9993 -0.0344
vn 0.0081 -0.9981 -0.0611
vn -0.0188 -0.9993 -0.0338
vn -0.1754 -0.9776 -0.1164
vn -0.1989 -0.9791 -0.0419
vn -0.1687 -0.9856 -0.0138
vn -0.1550 -0.9878 0.0146
vn -0.1135 -0.9934 0.0144
vn -0.1549 -0.9878 0.0146
vn 0.9295 -0.3547 0.1008
vn 0.9416 -0.3222 0.0976
vn 0.9287 -0.3568 0.1013
vn 0.9476 -0.3048 0.0958
vn 0.9296 -0.3546 0.1008
vn 0.9623 -0.2561 0.0910
vn 0.9476 -0.3047 0.0958
vn -0.7642 -0.4994 -0.4082
vn -0.6968 -0.6209 -0.3592
vn -0.6618 -0.5828 -0.4716
vn -0.5236 -0.6925 -0.4964
vn -0.5864 -0.6260 -0.5141
vn -0.5395 -0.7113 -0.4505
vn -0.4241 -0.7305 -0.5353
vn -0.6967 -0.6209 -0.3592
vn -0.5000 -0.7257 -0.4726
vn -0.6534 -0.6863 -0.3194
vn -0.6467 -0.6891 -0.3268
vn -0.6317 -0.7105 -0.3099
vn -0.6375 -0.7122 -0.2941
vn -0.6318 -0.7105 -0.3099
vn -0.6317 -0.7106 -0.3099
vn -0.5846 -0.7534 -0.3010
vn -0.6374 -0.7122 -0.2941
vn -0.5974 -0.7519 -0.2789
vn -0.6288 -0.7338 -0.2572
vn -0.6375 -0.7121 -0.2941
vn -0.5973 -0.7519 -0.2789
vn -0.6287 -0.7339 -0.2572
vn -0.5401 -0.8035 -0.2503
vn -0.5753 -0.7856 -0.2278
vn -0.5401 -0.8035 -0.2502
vn -0.5752 -0.7857 -0.2277
vn -0.4881 -0.8461 -0.2143
vn -0.5116 -0.8378 -0.1906
vn -0.4882 -0.8460 -0.2143
vn -0.5752 -0.7856 -0.2277
vn -0.3989 -0.8998 -0.1766
vn -0.3996 -0.9033 -0.1564
vn -0.3990 -0.8998 -0.1765
vn -0.3989 -0.8998 -0.1765
vn -0.3995 -0.9033 -0.1564
vn -0.2793 -0.9499 -0.1406
vn -0.2662 -0.9561 -0.1222
vn -0.2792 -0.9499 -0.1405
vn -0.2661 -0.9562 -0.1222
vn -0.1612 -0.9810 -0.1075
vn -0.1402 -0.9866 -0.0832
vn -0.1612 -0.9811 -0.1075
vn -0.0782 -0.9949 -0.0643
vn -0.0695 -0.9963 -0.0505
vn -0.1402 -0.9866 -0.0831
vn -0.0694 -0.9963 -0.0505
vn -0.0548 -0.9972 -0.0514
vn -0.0563 -0.9969 -0.0544
vn -0.0547 -0.9972 -0.0514
vn -0.0614 -0.9965 -0.0562
vn -0.0642 -0.9961 -0.0606
vn -0.0563 -0.9969 -0.0543
vn -0.0711 -0.9955 -0.0632
vn -0.0749 -0.9948 -0.0693
vn -0.0710 -0.9955 -0.0632
vn -0.0642 -0.9961 -0.0607
vn -0.0843 -0.9938 -0.0727
vn -0.0889 -0.9927 -0.0813
vn -0.0292 -0.9956 -0.0887
vn 0.0362 -0.9947 -0.0959
vn -0.0291 -0.9956 -0.0887
vn 0.1301 -0.9867 -0.0976
vn 0.1779 -0.9790 -0.0994
vn 0.2666 -0.9432 -0.1981
vn 0.5147 -0.8528 -0.0884
vn 0.3613 -0.9276 -0.0950
vn 0.7545 -0.6538 -0.0571
vn 0.8604 -0.5085 -0.0335
vn 0.8605 -0.5084 -0.0335
vn 0.9699 -0.2432 0.0133
vn 0.9909 -0.1283 0.0399
vn 0.8604 -0.5084 -0.0335
vn 0.9699 -0.2431 0.0133
vn 0.9909 -0.1282 0.0399
vn 0.9977 0.0202 0.0653
vn 0.9964 0.0487 0.0689
vn 0.9909 -0.1282 0.0400
vn 0.9977 0.0203 0.0653
vn 0.9943 0.0805 0.0693
vn 0.9942 0.0836 0.0672
vn 0.9942 0.0835 0.0672
vn 0.9892 0.1312 0.0651
vn 0.9814 0.1817 0.0626
vn 0.9813 0.1818 0.0626
vn 0.9725 0.2243 0.0629
vn 0.9734 0.2202 0.0637
vn 0.9725 0.2242 0.0629
vn 0.6208 0.7830 -0.0374
vn 0.5418 0.8375 -0.0715
vn 0.6203 0.7835 -0.0376
vn 0.6206 0.7832 -0.0374
vn 0.5435 0.8304 -0.1227
vn 0.6198 0.7838 -0.0378
vn 0.9828 0.1748 -0.0602
vn 0.9833 0.1722 -0.0585
vn 0.9913 0.1181 -0.0583
vn 0.9963 0.0632 -0.0579
vn 0.9913 0.1182 -0.0583
vn 0.9982 0.0142 -0.0589
vn 0.9983 0.0198 -0.0548
vn 0.9983 0.0199 -0.0548
vn 0.9987 -0.0059 -0.0504
vn 0.9985 -0.0365 -0.0407
vn 0.9987 -0.0059 -0.0503
vn 0.9820 -0.1853 -0.0355
vn 0.9529 -0.3018 -0.0301
vn 0.9821 -0.1852 -0.0355
vn 0.9529 -0.3019 -0.0301
vn 0.8513 -0.5239 -0.0272
vn 0.7773 -0.6287 -0.0253
vn 0.8513 -0.5240 -0.0272
vn 0.7772 -0.6287 -0.0253
vn 0.5766 -0.8168 -0.0190
vn 0.4458 -0.8950 -0.0148
vn 0.5765 -0.8169 -0.0190
vn 0.4457 -0.8950 -0.0148
vn 0.2573 -0.9663 -0.0085
vn 0.2059 -0.9786 -0.0067
vn 0.2572 -0.9663 -0.0085
vn 0.2058 -0.9786 -0.0067
vn 0.0893 -0.9960 -0.0029
vn 0.0237 -0.9997 -0.0010
vn -0.0416 -0.9991 0.0010
vn -0.0419 -0.9991 0.0006
vn -0.0416 -0.9991 0.0009
vn 0.0236 -0.9997 -0.0010
vn -0.0414 -0.9991 0.0006
vn -0.0408 -0.9992 0.0003
vn -0.0398 -0.9992 -0.0000
vn -0.0407 -0.9992 0.0002
vn -0.0417 -0.9991 0.0003
vn -0.0399 -0.9992 -0.0000
vn -0.0380 -0.9993 -0.0000
vn -0.0371 -0.9993 -0.0001
vn -0.0372 -0.9993 -0.0001
vn -0.0360 -0.9994 -0.0004
vn -0.0360 -0.9994 -0.0005
vn -0.0363 -0.9993 -0.0004
vn -0.0370 -0.9993 -0.0002
vn -0.0356 -0.9994 -0.0004
vn -0.0412 -0.9992 -0.0007
vn -0.0467 -0.9989 -0.0009
vn -0.0357 -0.9994 -0.0007
vn -0.0880 -0.9961 -0.0017
vn -0.1232 -0.9924 -0.0029
vn -0.0468 -0.9989 -0.0009
vn -0.1952 -0.9808 -0.0051
vn -0.2324 -0.9726 -0.0058
vn -0.1232 -0.9924 -0.0028
vn -0.3435 -0.9391 -0.0082
vn -0.3432 -0.9392 -0.0065
vn -0.4561 -0.8899 -0.0117
vn -0.4947 -0.8690 -0.0124
vn -0.3436 -0.9391 -0.0082
vn -0.4561 -0.8898 -0.0117
vn -0.5617 -0.8272 -0.0123
vn -0.5919 -0.8059 -0.0130
vn -0.4947 -0.8689 -0.0124
vn -0.6512 -0.7588 -0.0162
vn -0.6787 -0.7342 -0.0166
vn -0.6512 -0.7588 -0.0163
vn -0.6512 -0.7587 -0.0163
vn -0.7300 -0.6833 -0.0156
vn -0.7535 -0.6573 -0.0138
vn -0.7919 -0.6105 -0.0144
vn -0.7536 -0.6572 -0.0138
vn -0.8057 -0.5921 -0.0144
vn -0.8252 -0.5646 -0.0146
vn -0.8058 -0.5921 -0.0144
vn -0.8312 -0.5558 -0.0143
vn -0.8253 -0.5646 -0.0146
vn -0.8552 -0.5181 -0.0146
vn -0.8723 -0.4887 -0.0148
vn -0.8552 -0.5180 -0.0146
vn -0.9239 -0.3822 -0.0157
vn -0.8724 -0.4886 -0.0148
vn -0.9532 -0.3018 -0.0164
vn -0.9240 -0.3822 -0.0157
vn -0.9754 -0.2200 -0.0168
vn -0.9533 -0.3017 -0.0164
vn -0.9756 -0.2189 -0.0171
vn -0.9753 -0.2200 -0.0168
vn -0.6804 0.7261 -0.0995
vn -0.6021 0.7819 -0.1615
vn -0.4141 0.9085 -0.0557
vn -0.4140 0.9086 -0.0558
vn -0.2062 0.9771 -0.0522
vn -0.1691 0.9809 -0.0967
vn -0.7702 0.5515 -0.3203
vn -0.7175 0.6742 -0.1752
vn -0.0536 0.9965 -0.0634
vn 0.0240 0.9992 -0.0334
vn 0.0202 0.9998 0.0037
vn 0.0351 0.9994 0.0004
vn 0.0203 0.9998 0.0037
vn 0.0240 0.9992 -0.0333
vn 0.0350 0.9994 0.0004
vn 0.0515 0.9987 0.0004
vn 0.0436 0.9984 -0.0349
vn 0.0514 0.9987 0.0004
vn 0.0656 0.9978 -0.0000
vn 0.0586 0.9978 -0.0315
vn 0.0813 0.9967 -0.0008
vn 0.0730 0.9969 -0.0301
vn 0.1003 0.9950 -0.0018
vn 0.0912 0.9953 -0.0313
vn 0.1259 0.9920 -0.0059
vn 0.1061 0.9935 -0.0416
vn 0.1384 0.9896 -0.0383
vn 0.1360 0.9907 -0.0089
vn 0.1260 0.9920 -0.0059
vn 0.1384 0.9896 -0.0384
vn 0.1341 0.9909 -0.0081
vn -0.0791 -0.9861 -0.1461
vn -0.1358 -0.9775 -0.1614
vn -0.1480 -0.9828 -0.1102
vn -0.1901 -0.9748 -0.1167
vn -0.1506 -0.9880 -0.0347
vn -0.1286 -0.9916 -0.0112
vn -0.1269 -0.9918 0.0136
vn -0.1286 -0.9916 -0.0111
vn -0.1215 -0.9925 0.0136
vn -0.1268 -0.9918 0.0136
vn 0.9346 -0.3397 0.1052
vn 0.9467 -0.3056 0.1019
vn 0.9345 -0.3400 0.1053
vn 0.9523 -0.2882 0.1002
vn 0.9672 -0.2358 0.0948
vn 0.9467 -0.3055 0.1019
vn 0.9756 -0.2003 0.0901
vn 0.9507 -0.2933 0.1003
vn 0.9595 -0.2646 0.0965
vn 0.9350 -0.3388 0.1051
vn 0.9507 -0.2934 0.1003
vn 0.9306 -0.3499 0.1076
vn -0.0852 -0.9843 -0.1548
vn -0.1445 -0.9748 -0.1699
vn -0.1695 -0.9783 -0.1193
vn -0.1981 -0.9720 -0.1267
vn -0.1446 -0.9748 -0.1699
vn -0.1981 -0.9720 -0.1266
vn -0.1948 -0.9800 -0.0411
vn -0.1713 -0.9851 -0.0138
vn -0.1589 -0.9872 0.0135
vn -0.1713 -0.9851 -0.0137
vn -0.1236 -0.9677 -0.2196
vn -0.1538 -0.9620 -0.2256
vn -0.1142 -0.9811 -0.1560
vn -0.1490 -0.9760 -0.1585
vn -0.1490 -0.9761 -0.1585
vn -0.0529 -0.9964 -0.0662
vn -0.0193 -0.9987 -0.0473
vn -0.1141 -0.9811 -0.1560
vn -0.0116 -0.9995 -0.0279
vn -0.0124 -0.9995 -0.0279
vn -0.0193 -0.9987 -0.0472
vn -0.0121 -0.9995 -0.0279
vn -0.1986 -0.9241 -0.3265
vn -0.2277 -0.9156 -0.3313
vn -0.1791 -0.9541 -0.2400
vn -0.2055 -0.9485 -0.2411
vn -0.2055 -0.9485 -0.2410
vn -0.1045 -0.9868 -0.1240
vn -0.0869 -0.9910 -0.1021
vn -0.1044 -0.9868 -0.1240
vn -0.0779 -0.9938 -0.0788
vn -0.0870 -0.9910 -0.1021
vn -0.0994 -0.9920 -0.0775
vn -0.0870 -0.9910 -0.1020
vn -0.0780 -0.9938 -0.0788
vn 0.9613 -0.2574 0.0983
vn 0.9670 -0.2358 0.0961
vn 0.9576 -0.2697 0.1013
vn 0.9713 -0.2187 0.0934
vn 0.9771 -0.1922 0.0914
vn 0.9671 -0.2358 0.0961
vn 0.9828 -0.1661 0.0813
vn 0.9722 -0.2175 0.0865
vn 0.9763 -0.1995 0.0839
vn 0.9763 -0.1996 0.0839
vn 0.9659 -0.2430 0.0890
vn 0.9631 -0.2531 0.0915
vn 0.9896 -0.1099 0.0933
vn 0.9873 -0.1265 0.0962
vn 0.9882 -0.1203 0.0947
vn 0.9861 -0.1348 0.0976
vn 0.9853 -0.1389 0.0992
vn -0.1180 -0.9706 -0.2097
vn -0.1145 -0.9712 -0.2090
vn -0.0587 -0.9883 -0.1407
vn -0.0746 -0.9874 -0.1399
vn -0.0746 -0.9874 -0.1398
vn 0.0178 -0.9984 -0.0535
vn 0.0291 -0.9989 -0.0364
vn 0.0179 -0.9984 -0.0536
vn 0.0179 -0.9984 -0.0535
vn 0.0264 -0.9995 -0.0187
vn 0.0286 -0.9989 -0.0364
vn -0.0054 -0.9998 -0.0193
vn 0.9654 -0.2428 0.0950
vn 0.9707 -0.2220 0.0925
vn 0.9595 -0.2634 0.0995
vn 0.9755 -0.2011 0.0889
vn 0.9707 -0.2220 0.0924
vn 0.9798 -0.1799 0.0874
vn 0.9755 -0.2010 0.0889
vn -0.3609 -0.8523 -0.3786
vn -0.3131 -0.8740 -0.3715
vn -0.2493 -0.9197 -0.3033
vn -0.2315 -0.9262 -0.2977
vn -0.1598 -0.9691 -0.1877
vn -0.2492 -0.9197 -0.3032
vn -0.1329 -0.9807 -0.1434
vn -0.1599 -0.9691 -0.1877
vn -0.1146 -0.9886 -0.0977
vn -0.1166 -0.9884 -0.0976
vn -0.1329 -0.9807 -0.1433
vn -0.1147 -0.9886 -0.0977
vn 0.9848 -0.1582 0.0722
vn 0.9825 -0.1717 0.0727
vn 0.9828 -0.1696 0.0733
vn 0.9812 -0.1784 0.0730
vn 0.9813 -0.1784 0.0730
vn 0.9818 -0.1758 0.0716
vn -0.1362 -0.9699 -0.2017
vn -0.0993 -0.9759 -0.1943
vn -0.0595 -0.9892 -0.1340
vn -0.0433 -0.9906 -0.1300
vn -0.0145 -0.9983 -0.0563
vn -0.0595 -0.9892 -0.1339
vn -0.0280 -0.9988 -0.0400
vn -0.0145 -0.9983 -0.0562
vn -0.0347 -0.9991 -0.0235
vn -0.0648 -0.9976 -0.0241
vn 0.9630 -0.2519 0.0959
vn 0.9672 -0.2356 0.0949
vn 0.9623 -0.2544 0.0965
vn 0.9695 -0.2262 0.0940
vn 0.9630 -0.2518 0.0959
vn 0.9748 -0.2029 0.0926
vn -0.0696 -0.9801 -0.1857
vn -0.0590 -0.9813 -0.1834
vn -0.0209 -0.9923 -0.1225
vn -0.0324 -0.9921 -0.1214
vn -0.0324 -0.9921 -0.1213
vn 0.0315 -0.9985 -0.0454
vn 0.0350 -0.9989 -0.0307
vn 0.0270 -0.9995 -0.0158
vn -0.0056 -0.9998 -0.0169
vn 0.9605 -0.2580 0.1046
vn 0.9655 -0.2395 0.1027
vn 0.9539 -0.2797 0.1086
vn 0.9706 -0.2192 0.0996
vn 0.9743 -0.2022 0.0987
vn -0.0800 -0.9822 -0.1701
vn -0.0735 -0.9829 -0.1687
vn -0.0472 -0.9924 -0.1138
vn -0.0452 -0.9926 -0.1131
vn -0.0472 -0.9924 -0.1137
vn -0.0155 -0.9989 -0.0443
vn -0.0299 -0.9991 -0.0311
vn -0.0156 -0.9989 -0.0443
vn -0.0358 -0.9992 -0.0176
vn -0.0664 -0.9976 -0.0188
vn 0.9619 -0.2494 0.1118
vn 0.9664 -0.2324 0.1101
vn 0.9561 -0.2694 0.1153
vn 0.9710 -0.2137 0.1074
vn 0.9664 -0.2323 0.1100
vn 0.9744 -0.1982 0.1065
vn 0.9664 -0.2323 0.1101
vn -0.1291 -0.9762 -0.1741
vn -0.0968 -0.9811 -0.1677
vn -0.0429 -0.9928 -0.1120
vn -0.0436 -0.9931 -0.1090
vn -0.0436 -0.9931 -0.1089
vn 0.0270 -0.9988 -0.0416
vn 0.0106 -0.9995 -0.0291
vn -0.0428 -0.9928 -0.1120
vn 0.0270 -0.9988 -0.0415
vn -0.0068 -0.9998 -0.0162
vn -0.0718 -0.9972 -0.0189
vn 0.0105 -0.9995 -0.0291
vn 0.9585 -0.2641 0.1078
vn 0.9641 -0.2436 0.1059
vn 0.9510 -0.2883 0.1117
vn 0.9698 -0.2211 0.1029
vn 0.9585 -0.2640 0.1078
vn 0.9740 -0.2024 0.1020
vn 0.9698 -0.2210 0.1029
vn -0.0789 -0.9843 -0.1577
vn -0.1056 -0.9810 -0.1628
vn -0.0812 -0.9901 -0.1144
vn -0.1127 -0.9867 -0.1174
vn -0.0398 -0.9979 -0.0503
vn -0.0096 -0.9994 -0.0345
vn -0.0397 -0.9979 -0.0503
vn -0.0043 -0.9998 -0.0194
vn -0.0024 -0.9998 -0.0193
vn -0.0042 -0.9998 -0.0194
vn 0.9547 -0.2777 0.1073
vn 0.9637 -0.2455 0.1054
vn 0.9483 -0.2975 0.1102
vn 0.9703 -0.2191 0.1029
vn 0.9547 -0.2777 0.1072
vn 0.9784 -0.1802 0.1013
vn 0.9637 -0.2454 0.1054
vn -0.1854 -0.9601 -0.2094
vn -0.2630 -0.9380 -0.2259
vn -0.2619 -0.9494 -0.1732
vn -0.3204 -0.9298 -0.1813
vn -0.2631 -0.9380 -0.2259
vn -0.2397 -0.9661 -0.0962
vn -0.1998 -0.9772 -0.0715
vn -0.1901 -0.9806 -0.0475
vn -0.1816 -0.9822 -0.0471
vn 0.8589 -0.5041 0.0902
vn 0.8810 -0.4648 0.0881
vn 0.8226 -0.5603 0.0968
vn 0.9061 -0.4148 0.0833
vn 0.9197 -0.3836 0.0835
vn 0.9061 -0.4148 0.0834
vn -0.3354 -0.9069 -0.2551
vn -0.3650 -0.8932 -0.2624
vn -0.3774 -0.9016 -0.2114
vn -0.4076 -0.8873 -0.2159
vn -0.3651 -0.8932 -0.2624
vn -0.3803 -0.9128 -0.1491
vn -0.4104 -0.9008 -0.1422
vn -0.4364 -0.8897 -0.1342
vn -0.5068 -0.8506 -0.1399
vn -0.4365 -0.8896 -0.1342
vn 0.6905 -0.7198 0.0709
vn 0.7269 -0.6827 0.0746
vn 0.6683 -0.7405 0.0710
vn 0.7545 -0.6519 0.0762
vn 0.7269 -0.6826 0.0746
vn 0.7938 -0.6027 0.0813
vn -0.5295 -0.7758 -0.3432
vn -0.5337 -0.7722 -0.3447
vn -0.5727 -0.7625 -0.3009
vn -0.5473 -0.7818 -0.2988
vn -0.5338 -0.7722 -0.3447
vn -0.6352 -0.7341 -0.2398
vn -0.5728 -0.7625 -0.3009
vn -0.6861 -0.6916 -0.2257
vn -0.6980 -0.6851 -0.2083
vn -0.6862 -0.6916 -0.2256
vn -0.7119 -0.6702 -0.2097
vn 0.5088 -0.8594 0.0502
vn 0.5535 -0.8308 0.0587
vn 0.4803 -0.8758 0.0468
vn 0.5887 -0.8058 0.0645
vn 0.5536 -0.8307 0.0587
vn 0.6382 -0.7662 0.0752
vn 0.5887 -0.8058 0.0646
vn -0.5460 -0.7515 -0.3703
vn -0.5093 -0.7846 -0.3535
vn -0.5622 -0.7660 -0.3118
vn -0.4893 -0.8205 -0.2956
vn -0.5092 -0.7847 -0.3535
vn -0.4893 -0.8205 -0.2955
vn -0.6506 -0.7136 -0.2600
vn -0.7272 -0.6373 -0.2549
vn -0.5622 -0.7659 -0.3118
vn -0.6506 -0.7135 -0.2600
vn -0.6506 -0.7135 -0.2601
vn -0.7365 -0.6310 -0.2438
vn -0.7516 -0.6122 -0.2455
vn -0.7365 -0.6310 -0.2439
vn 0.3896 -0.9202 0.0367
vn 0.4390 -0.8972 0.0471
vn 0.3691 -0.9288 0.0339
vn 0.4730 -0.8794 0.0536
vn 0.3897 -0.9202 0.0367
vn 0.5337 -0.8430 0.0675
vn 0.4731 -0.8794 0.0536
vn -0.2187 -0.9751 0.0376
vn -0.1724 -0.9844 0.0357
vn -0.1209 -0.9920 0.0355
vn -0.1112 -0.9934 0.0297
vn -0.1208 -0.9920 0.0355
vn -0.1111 -0.9934 0.0297
vn -0.0952 -0.9951 0.0276
vn -0.0889 -0.9957 0.0246
vn -0.0888 -0.9957 0.0246
vn -0.0780 -0.9966 0.0246
vn -0.0733 -0.9970 0.0229
vn -0.0781 -0.9966 0.0245
vn -0.0659 -0.9976 0.0217
vn -0.0628 -0.9978 0.0198
vn -0.0659 -0.9976 0.0216
vn -0.0540 -0.9983 0.0197
vn -0.0477 -0.9987 0.0193
vn -0.0370 -0.9991 0.0193
vn -0.0322 -0.9993 0.0187
vn -0.0371 -0.9991 0.0193
vn -0.0183 -0.9997 0.0186
vn -0.0078 -0.9998 0.0181
vn -0.0184 -0.9997 0.0186
vn 0.0384 -0.9991 0.0183
vn 0.0776 -0.9968 0.0188
vn 0.0384 -0.9991 0.0187
vn 0.2210 -0.9751 0.0209
vn 0.3277 -0.9445 0.0219
vn 0.2210 -0.9750 0.0209
vn 0.2211 -0.9750 0.0209
vn 0.3277 -0.9445 0.0220
vn 0.4270 -0.9039 0.0231
vn 0.4275 -0.9037 0.0231
vn 0.4272 -0.9039 0.0231
vn 0.9701 -0.2417 0.0236
vn 0.9714 -0.2365 0.0231
vn 0.9726 -0.2313 0.0225
vn 0.9575 0.2881 0.0143
vn 0.9561 0.2926 0.0136
vn 0.9317 0.3631 0.0118
vn 0.9022 0.4313 0.0105
vn -0.2441 -0.9662 0.0826
vn -0.1402 -0.9884 0.0576
vn -0.0936 -0.9934 0.0667
vn -0.0847 -0.9933 0.0781
vn -0.0935 -0.9934 0.0667
vn -0.0704 -0.9942 0.0811
vn -0.0662 -0.9944 0.0819
vn -0.0661 -0.9944 0.0819
vn -0.0605 -0.9949 0.0805
vn -0.0563 -0.9956 0.0748
vn -0.0605 -0.9949 0.0804
vn -0.0531 -0.9961 0.0707
vn -0.0478 -0.9968 0.0635
vn -0.0477 -0.9968 0.0635
vn -0.0436 -0.9972 0.0604
vn -0.0379 -0.9977 0.0561
vn -0.0379 -0.9977 0.0562
vn -0.0325 -0.9980 0.0550
vn -0.0279 -0.9982 0.0534
vn -0.0378 -0.9977 0.0561
vn -0.0264 -0.9982 0.0530
vn -0.0233 -0.9984 0.0519
vn -0.0264 -0.9982 0.0529
vn -0.0265 -0.9982 0.0529
vn 0.0292 -0.9982 0.0522
vn 0.0712 -0.9960 0.0537
vn 0.2715 -0.9604 0.0623
vn 0.3816 -0.9216 0.0704
vn 0.2715 -0.9604 0.0624
vn 0.3817 -0.9216 0.0704
vn 0.5122 -0.8556 0.0748
vn 0.4586 -0.8853 0.0772
vn 0.5121 -0.8557 0.0748
vn 0.9734 -0.2167 0.0747
vn 0.9789 -0.1912 0.0722
vn 0.9944 0.0881 0.0591
vn 0.9978 -0.0159 0.0651
vn 0.9944 0.0882 0.0591
vn 0.9770 0.2076 0.0497
vn 0.9032 0.4279 0.0335
vn 0.8782 0.4774 0.0303
vn 0.9032 0.4280 0.0335
vn 0.9228 0.3836 0.0371
vn 0.9031 0.4280 0.0335
vn 0.8510 0.5242 0.0308
vn 0.8398 0.5420 0.0330
vn 0.8511 0.5242 0.0308
vn 0.8397 0.5420 0.0330
vn 0.8138 0.5802 0.0314
vn 0.7888 0.6143 0.0226
vn 0.8138 0.5802 0.0315
vn 0.9021 0.4313 0.0105
vn 0.8596 0.5108 0.0093
vn 0.8501 0.5265 0.0093
vn 0.8596 0.5109 0.0093
vn 0.7887 0.6143 0.0226
vn 0.7510 0.6602 0.0127
vn 0.7591 0.6510 0.0050
vn 0.8501 0.5266 0.0093
vn 0.8297 0.5581 0.0079
vn 0.8204 0.5718 0.0074
vn 0.7591 0.6509 0.0050
vn 0.7509 0.6603 0.0127
vn 0.6813 0.7320 0.0018
vn 0.7454 0.6666 0.0046
vn 0.6331 0.7740 -0.0000
vn 0.6331 0.7741 -0.0000
vn 0.5459 0.8379 -0.0029
vn 0.5013 0.8653 -0.0036
vn 0.5458 0.8379 -0.0029
vn 0.4033 0.9151 -0.0058
vn 0.3486 0.9372 -0.0078
vn 0.4033 0.9150 -0.0058
vn 0.3485 0.9373 -0.0078
vn 0.2510 0.9679 -0.0118
vn 0.2035 0.9790 -0.0148
vn 0.3486 0.9373 -0.0078
vn 0.1369 0.9904 -0.0171
vn 0.1041 0.9944 -0.0189
vn 0.1368 0.9904 -0.0171
vn 0.1040 0.9944 -0.0189
vn 0.0572 0.9981 -0.0208
vn 0.0392 0.9990 -0.0215
vn 0.0242 0.9995 -0.0215
vn 0.0246 0.9995 -0.0213
vn 0.0241 0.9995 -0.0215
vn 0.0247 0.9995 -0.0215
vn 0.0237 0.9995 -0.0223
vn 0.0248 0.9995 -0.0215
vn 0.0250 0.9994 -0.0230
vn 0.0238 0.9994 -0.0247
vn 0.0250 0.9994 -0.0229
vn -0.3970 -0.9175 0.0241
vn -0.5182 -0.8552 0.0109
vn -0.3970 -0.9175 0.0242
vn -0.7466 -0.6651 -0.0163
vn -0.8445 -0.5347 -0.0309
vn -0.5182 -0.8552 0.0108
vn -0.7467 -0.6650 -0.0164
vn -0.8445 -0.5346 -0.0309
vn -0.9493 -0.3108 -0.0469
vn -0.9716 -0.2313 -0.0505
vn -0.9493 -0.3108 -0.0468
vn -0.9901 -0.1291 -0.0552
vn -0.9931 -0.1029 -0.0557
vn 0.0239 0.9994 -0.0246
vn 0.0263 0.9993 -0.0256
vn 0.0231 0.9993 -0.0287
vn -0.9963 -0.0637 -0.0578
vn -0.9976 -0.0417 -0.0561
vn -0.9979 0.0297 -0.0568
vn 0.0236 0.9993 -0.0306
vn 0.0143 0.9992 -0.0360
vn -0.9951 0.0808 -0.0572
vn 0.0236 0.9993 -0.0305
vn -0.0583 0.9974 -0.0427
vn -0.1301 0.9903 -0.0489
vn -0.9979 0.0298 -0.0568
vn -0.9658 0.2511 -0.0642
vn -0.0584 0.9974 -0.0427
vn -0.1302 0.9903 -0.0489
vn -0.3904 0.9187 -0.0605
vn -0.3671 0.9284 -0.0580
vn -0.3904 0.9186 -0.0605
vn -0.1302 0.9903 -0.0490
vn -0.9256 0.3723 -0.0678
vn -0.9658 0.2510 -0.0642
vn -0.3905 0.9186 -0.0605
vn -0.3672 0.9283 -0.0580
vn -0.7177 0.6929 -0.0691
vn -0.7783 0.6241 -0.0693
vn -0.7115 0.6993 -0.0694
vn -0.5946 0.8011 -0.0686
vn -0.6537 0.7537 -0.0676
vn -0.5933 0.8049 -0.0096
vn -0.4810 0.8743 -0.0659
vn -0.6390 0.7690 0.0200
vn -0.8423 0.5218 0.1355
vn -0.5934 0.8049 -0.0096
vn -0.7044 0.7081 0.0498
vn -0.8061 0.5824 0.1050
vn -0.9041 0.3916 0.1712
vn -0.9435 0.2500 0.2173
vn -0.8423 0.5217 0.1356
vn -0.9041 0.3915 0.1712
vn -0.9618 0.1388 0.2361
vn -0.9436 0.2500 0.2173
vn -0.9645 0.0977 0.2453
vn -0.9675 0.0202 0.2520
vn -0.9746 0.0139 0.2235
vn -0.9652 -0.1439 0.2185
vn -0.9746 0.0138 0.2235
vn -0.9615 -0.2101 0.1774
vn -0.9652 -0.1438 0.2185
vn -0.9265 -0.3316 0.1781
vn -0.9614 -0.2102 0.1774
vn -0.9524 -0.2671 0.1467
vn -0.9615 -0.2101 0.1773
vn -0.9265 -0.3315 0.1780
vn -0.4916 -0.8586 0.1457
vn -0.4956 -0.8559 0.1478
vn -0.4678 -0.8714 0.1478
vn -0.3780 -0.9184 0.1166
vn -0.4957 -0.8558 0.1478
vn -0.2442 -0.9662 0.0826
vn -0.3780 -0.9184 0.1165
vn -0.4910 -0.4621 -0.7385
vn -0.4705 -0.4898 -0.7340
vn -0.4341 -0.5224 -0.7339
vn -0.4099 -0.5544 -0.7243
vn -0.3664 -0.5801 -0.7275
vn -0.3430 -0.6165 -0.7087
vn -0.3060 -0.6379 -0.7067
vn -0.2876 -0.6651 -0.6891
vn -0.3061 -0.6379 -0.7067
vn -0.2875 -0.6651 -0.6891
vn -0.2594 -0.6771 -0.6887
vn -0.2454 -0.6964 -0.6744
vn -0.2593 -0.6771 -0.6887
vn -0.2453 -0.6964 -0.6744
vn -0.2203 -0.7067 -0.6723
vn -0.2056 -0.7283 -0.6537
vn -0.2203 -0.7068 -0.6723
vn -0.1749 -0.7411 -0.6482
vn -0.1564 -0.7515 -0.6409
vn -0.1013 -0.7535 -0.6496
vn -0.0568 -0.7426 -0.6674
vn -0.1565 -0.7515 -0.6409
vn -0.1012 -0.7535 -0.6496
vn -0.0136 -0.7316 -0.6816
vn -0.0063 -0.7112 -0.7029
vn -0.0568 -0.7425 -0.6674
vn -0.0064 -0.7113 -0.7029
vn -0.0039 -0.7022 -0.7120
vn -0.0004 -0.6981 -0.7160
vn 0.0165 -0.6924 -0.7214
vn 0.0283 -0.6816 -0.7312
vn 0.0166 -0.6924 -0.7214
vn 0.0694 -0.6401 -0.7651
vn 0.1501 -0.6036 -0.7830
vn 0.0693 -0.6401 -0.7651
vn 0.2404 -0.5516 -0.7987
vn 0.2886 -0.5316 -0.7963
vn 0.1502 -0.6036 -0.7830
vn 0.2924 -0.4881 -0.8224
vn 0.3118 -0.4486 -0.8376
vn 0.2924 -0.4880 -0.8224
vn 0.3118 -0.4485 -0.8376
vn 0.3444 -0.3852 -0.8562
vn 0.3668 -0.3633 -0.8564
vn 0.3444 -0.3851 -0.8562
vn 0.3691 -0.3379 -0.8658
vn 0.1539 0.9855 -0.0709
vn 0.4499 0.8846 -0.1230
vn 0.3401 0.9389 -0.0532
vn 0.5436 0.8304 -0.1227
vn 0.4499 0.8845 -0.1230
vn 0.4880 0.8640 -0.1235
vn 0.5679 0.8182 -0.0893
vn 0.4881 0.8640 -0.1235
vn 0.9683 0.2447 0.0512
vn 0.9525 0.3032 0.0290
vn 0.9786 0.2043 0.0262
vn 0.9679 0.2507 0.0179
vn 0.9785 0.2043 0.0262
vn 0.9955 0.0930 0.0187
vn 0.9786 0.2042 0.0262
vn 0.9955 0.0929 0.0187
vn 0.9989 0.0398 0.0229
vn 0.9997 0.0143 0.0220
vn 0.9907 -0.1310 0.0379
vn 0.9832 -0.1821 0.0151
vn 0.9906 -0.1311 0.0379
vn 0.9831 -0.1822 0.0151
vn 0.9633 -0.2678 0.0153
vn 0.9100 -0.4094 -0.0660
vn 0.9634 -0.2678 0.0153
vn 0.9832 -0.1822 0.0151
vn 0.5186 -0.8548 0.0169
vn 0.6601 -0.7499 -0.0433
vn 0.5084 -0.8596 -0.0504
vn 0.7787 -0.6190 -0.1020
vn 0.8100 -0.5851 -0.0394
vn 0.3446 -0.9385 -0.0215
vn 0.2259 -0.9701 -0.0883
vn 0.1422 -0.9858 -0.0889
vn 0.0875 -0.9908 -0.1032
vn 0.2259 -0.9701 -0.0884
vn 0.1421 -0.9858 -0.0889
vn 0.0874 -0.9908 -0.1032
vn -0.0405 -0.9949 -0.0918
vn -0.0599 -0.9950 -0.0797
vn -0.0796 -0.9948 -0.0629
vn -0.0715 -0.9965 -0.0439
vn -0.0599 -0.9950 -0.0796
vn -0.0589 -0.9976 -0.0364
vn -0.0535 -0.9983 -0.0248
vn -0.0589 -0.9976 -0.0363
vn -0.0535 -0.9983 -0.0249
vn -0.0465 -0.9987 -0.0204
vn -0.0447 -0.9989 -0.0147
vn -0.0464 -0.9987 -0.0204
vn -0.0418 -0.9990 -0.0132
vn -0.0406 -0.9991 -0.0128
vn -0.0453 -0.9989 -0.0140
vn -0.0472 -0.9987 -0.0199
vn -0.0452 -0.9989 -0.0140
vn -0.0406 -0.9991 -0.0129
vn -0.0835 -0.9962 -0.0259
vn -0.0962 -0.9947 -0.0351
vn -0.1587 -0.9863 -0.0450
vn -0.1652 -0.9847 -0.0553
vn -0.2437 -0.9673 -0.0711
vn -0.2590 -0.9624 -0.0816
vn -0.2436 -0.9673 -0.0711
vn -0.1652 -0.9847 -0.0554
vn -0.3698 -0.9227 -0.1086
vn -0.3505 -0.9306 -0.1059
vn -0.3505 -0.9305 -0.1059
vn -0.4707 -0.8718 -0.1359
vn -0.3699 -0.9227 -0.1086
vn -0.5152 -0.8441 -0.1487
vn -0.5702 -0.8052 -0.1631
vn -0.5949 -0.7853 -0.1712
vn -0.6352 -0.7501 -0.1842
vn -0.6567 -0.7291 -0.1926
vn -0.5950 -0.7853 -0.1712
vn -0.6830 -0.7017 -0.2028
vn -0.6567 -0.7291 -0.1927
vn -0.6929 -0.6900 -0.2094
vn -0.7024 -0.6783 -0.2157
vn -0.6929 -0.6899 -0.2095
vn -0.7094 -0.6673 -0.2269
vn -0.7214 -0.6498 -0.2393
vn -0.7240 -0.6453 -0.2436
vn -0.7902 -0.5454 -0.2793
vn -0.7241 -0.6453 -0.2436
vn -0.8043 -0.5261 -0.2762
vn -0.7903 -0.5454 -0.2794
vn -0.8412 -0.4529 -0.2953
vn -0.8043 -0.5260 -0.2763
vn -0.8778 -0.3995 -0.2644
vn -0.5374 0.7843 -0.3099
vn -0.3492 0.9069 -0.2358
vn -0.9381 -0.2155 -0.2714
vn -0.0615 0.9879 -0.1421
vn -0.0901 0.9858 -0.1420
vn -0.0900 0.9858 -0.1420
vn -0.0092 0.9937 -0.1121
vn -0.0043 0.9899 -0.1420
vn -0.0092 0.9936 -0.1122
vn -0.7174 0.6743 -0.1751
vn -0.7207 0.6676 -0.1866
vn -0.0536 0.9965 -0.0635
vn 0.0231 0.9972 -0.0706
vn 0.0232 0.9972 -0.0706
vn 0.0436 0.9984 -0.0350
vn 0.0378 0.9971 -0.0663
vn 0.0519 0.9969 -0.0591
vn 0.0634 0.9962 -0.0593
vn 0.0518 0.9969 -0.0591
vn 0.0780 0.9949 -0.0642
vn 0.0911 0.9953 -0.0314
vn 0.0977 0.9927 -0.0700
vn 0.1383 0.9896 -0.0384
vn 0.0977 0.9927 -0.0701
vn 0.9444 -0.3194 0.0780
vn 0.9109 -0.4024 0.0910
vn 0.9234 -0.3744 0.0852
vn 0.9233 -0.3744 0.0852
vn 0.9109 -0.4025 0.0910
vn 0.8914 -0.4427 0.0972
vn 0.8835 -0.4572 0.1023
vn -0.4602 -0.6501 -0.6046
vn -0.5863 -0.6260 -0.5141
vn -0.3701 -0.7030 -0.6073
vn -0.4677 -0.7100 -0.5265
vn -0.5179 -0.6608 -0.5433
vn -0.2750 -0.7328 -0.6224
vn -0.3569 -0.7346 -0.5770
vn -0.2931 -0.7346 -0.6119
vn -0.4240 -0.7305 -0.5353
vn -0.2512 -0.7182 -0.6489
vn -0.4007 -0.7394 -0.5411
vn -0.2148 -0.7214 -0.6583
vn -0.2036 -0.7159 -0.6678
vn -0.2148 -0.7214 -0.6584
vn -0.2250 -0.7218 -0.6545
vn -0.2039 -0.7103 -0.6737
vn -0.1938 -0.7081 -0.6790
vn -0.2039 -0.7103 -0.6738
vn -0.1933 -0.7051 -0.6823
vn -0.1848 -0.7013 -0.6885
vn -0.1938 -0.7081 -0.6791
vn -0.1847 -0.7013 -0.6886
vn -0.1866 -0.6951 -0.6943
vn -0.1770 -0.6861 -0.7056
vn -0.1890 -0.6729 -0.7152
vn -0.1930 -0.6609 -0.7252
vn -0.2039 -0.6538 -0.7287
vn -0.2075 -0.6634 -0.7189
vn -0.2075 -0.6634 -0.7190
vn -0.2055 -0.6764 -0.7073
vn -0.2023 -0.6801 -0.7046
vn -0.2023 -0.6801 -0.7047
vn -0.2081 -0.6703 -0.7123
vn -0.2211 -0.6606 -0.7175
vn -0.2212 -0.6606 -0.7174
vn -0.2518 -0.6563 -0.7112
vn -0.2658 -0.6556 -0.7068
vn -0.2939 -0.6492 -0.7016
vn -0.3076 -0.6458 -0.6988
vn -0.3077 -0.6458 -0.6988
vn -0.3350 -0.6387 -0.6927
vn -0.3476 -0.6385 -0.6867
vn -0.3739 -0.6345 -0.6765
vn -0.3865 -0.6343 -0.6695
vn -0.3738 -0.6345 -0.6765
vn -0.4152 -0.6257 -0.6604
vn -0.4268 -0.6319 -0.6469
vn -0.4153 -0.6256 -0.6604
vn -0.4210 -0.6432 -0.6396
vn -0.4060 -0.6718 -0.6196
vn -0.4210 -0.6433 -0.6395
vn -0.4209 -0.6433 -0.6395
vn -0.4059 -0.6718 -0.6196
vn -0.3696 -0.6932 -0.6188
vn -0.3603 -0.7356 -0.5736
vn -0.3603 -0.7357 -0.5736
vn -0.2636 -0.7637 -0.5894
vn -0.1690 -0.8227 -0.5428
vn -0.2636 -0.7637 -0.5893
vn -0.3603 -0.7357 -0.5735
vn -0.2635 -0.7637 -0.5894
vn -0.1690 -0.8226 -0.5428
vn 0.0300 -0.8041 -0.5938
vn 0.1657 -0.8049 -0.5698
vn 0.0300 -0.8041 -0.5937
vn -0.0144 -0.9242 -0.3817
vn 0.0301 -0.8041 -0.5938
vn 0.3528 -0.6728 -0.6502
vn 0.4669 -0.5915 -0.6574
vn 0.3529 -0.6728 -0.6502
vn 0.5702 -0.4288 -0.7007
vn 0.6178 -0.3696 -0.6941
vn 0.4669 -0.5914 -0.6574
vn 0.6178 -0.3695 -0.6941
vn 0.6431 -0.3077 -0.7012
vn 0.6531 -0.3023 -0.6944
vn 0.6608 -0.2438 -0.7099
vn 0.6736 -0.1937 -0.7132
vn 0.6531 -0.3023 -0.6943
vn 0.6608 -0.2437 -0.7099
vn 0.6736 -0.1936 -0.7133
vn 0.6807 -0.1399 -0.7191
vn 0.6924 -0.1498 -0.7058
vn -0.9266 -0.3641 -0.0943
vn -0.9533 -0.2764 -0.1214
vn -0.9481 -0.2965 -0.1151
vn -0.9533 -0.2764 -0.1215
vn -0.9634 -0.2317 -0.1346
vn -0.9625 -0.2359 -0.1339
vn -0.9435 -0.3166 -0.0973
vn -0.9624 -0.2460 -0.1150
vn -0.9533 -0.2823 -0.1074
vn -0.9698 -0.2102 -0.1236
vn -0.9764 -0.1725 -0.1296
vn -0.9613 0.2151 -0.1724
vn -0.9546 0.2457 -0.1686
vn -0.9665 0.1921 -0.1701
vn -0.9508 0.2611 -0.1667
vn -0.9545 0.2458 -0.1686
vn -0.9220 0.3507 -0.1642
vn -0.9546 -0.2693 -0.1275
vn -0.9695 -0.2020 -0.1388
vn -0.9594 -0.2489 -0.1326
vn -0.9695 -0.2021 -0.1388
vn -0.9752 -0.1680 -0.1442
vn -0.9828 -0.1069 -0.1503
vn -0.9490 -0.2981 -0.1029
vn -0.9681 -0.2163 -0.1266
vn -0.9627 -0.2428 -0.1198
vn -0.9681 -0.2162 -0.1266
vn -0.9749 -0.1747 -0.1382
vn -0.9767 -0.1628 -0.1400
vn -0.9749 -0.1746 -0.1382
vn -0.9463 -0.3082 -0.0973
vn -0.9684 -0.2170 -0.1230
vn -0.9620 -0.2475 -0.1155
vn -0.9620 -0.2474 -0.1155
vn -0.9760 -0.1706 -0.1355
vn -0.9684 -0.2169 -0.1230
vn -0.9782 -0.1554 -0.1378
vn -0.9464 -0.3081 -0.0973
vn -0.9681 -0.2186 -0.1228
vn -0.9620 -0.2475 -0.1154
vn -0.9756 -0.1731 -0.1351
vn -0.9775 -0.1603 -0.1370
vn -0.9693 -0.2118 -0.1249
vn -0.9756 -0.1620 -0.1482
vn -0.9755 -0.1668 -0.1436
vn -0.9756 -0.1619 -0.1482
vn -0.9776 -0.1368 -0.1597
vn -0.9757 -0.1522 -0.1574
vn -0.9443 -0.3045 -0.1248
vn -0.9634 -0.2288 -0.1394
vn -0.9532 -0.2716 -0.1330
vn -0.9708 -0.1902 -0.1464
vn -0.9635 -0.2287 -0.1394
vn -0.9783 -0.1418 -0.1514
vn -0.8570 0.4879 -0.1661
vn -0.8181 0.5518 -0.1619
vn -0.8287 0.5355 -0.1631
vn -0.8286 0.5355 -0.1631
vn -0.7969 0.5827 -0.1594
vn -0.7961 0.5838 -0.1592
vn -0.7970 0.5826 -0.1594
vn -0.9577 -0.2568 -0.1297
vn -0.9666 -0.2194 -0.1327
vn -0.9557 -0.2653 -0.1273
vn -0.9705 -0.2006 -0.1341
vn -0.9817 -0.1260 -0.1426
vn -0.9705 -0.2005 -0.1341
vn -0.9479 -0.3046 -0.0930
vn -0.9716 -0.2035 -0.1205
vn -0.9658 -0.2333 -0.1131
vn -0.9658 -0.2332 -0.1131
vn -0.9716 -0.2034 -0.1206
vn -0.9793 -0.1519 -0.1338
vn -0.9804 -0.1434 -0.1350
vn -0.9793 -0.1520 -0.1338
vn -0.9477 -0.3051 -0.0936
vn -0.9704 -0.2118 -0.1165
vn -0.9605 -0.2565 -0.1075
vn -0.9781 -0.1643 -0.1275
vn -0.9704 -0.2117 -0.1165
vn -0.9836 -0.1210 -0.1336
vn -0.9704 -0.2111 -0.1170
vn -0.9611 -0.2542 -0.1081
vn -0.9782 -0.1633 -0.1282
vn -0.9705 -0.2111 -0.1170
vn -0.9832 -0.1237 -0.1339
vn -0.9782 -0.1632 -0.1282
vn -0.9342 -0.3370 -0.1172
vn -0.9587 -0.2502 -0.1350
vn -0.9468 -0.2953 -0.1279
vn -0.9587 -0.2502 -0.1351
vn -0.9680 -0.2060 -0.1435
vn -0.9762 -0.1584 -0.1484
vn -0.9680 -0.2059 -0.1435
vn -0.7541 0.6369 -0.1605
vn -0.7189 0.6774 -0.1558
vn -0.7308 0.6641 -0.1577
vn -0.7006 0.6969 -0.1533
vn -0.6944 0.7034 -0.1519
vn -0.7005 0.6970 -0.1533
vn -0.9480 -0.3034 -0.0957
vn -0.9693 -0.2142 -0.1208
vn -0.9659 -0.2316 -0.1153
vn -0.9659 -0.2316 -0.1154
vn -0.9767 -0.1688 -0.1329
vn -0.9693 -0.2141 -0.1208
vn -0.9750 -0.1791 -0.1315
vn -0.9766 -0.1688 -0.1329
vn -0.9588 -0.2513 -0.1323
vn -0.9695 -0.2022 -0.1388
vn -0.9587 -0.2518 -0.1322
vn -0.9739 -0.1773 -0.1419
vn -0.9834 -0.1011 -0.1509
vn -0.9497 -0.2855 -0.1286
vn -0.9640 -0.2246 -0.1421
vn -0.9533 -0.2707 -0.1340
vn -0.9533 -0.2706 -0.1340
vn -0.9641 -0.2245 -0.1421
vn -0.9697 -0.1937 -0.1486
vn -0.9789 -0.1308 -0.1572
vn -0.9698 -0.1936 -0.1486
vn -0.9305 -0.3507 -0.1058
vn -0.9501 -0.2867 -0.1233
vn -0.9404 -0.3198 -0.1159
vn -0.9404 -0.3197 -0.1159
vn -0.9581 -0.2542 -0.1318
vn -0.9658 -0.2197 -0.1375
vn -0.9396 -0.3197 -0.1224
vn -0.9614 -0.2386 -0.1372
vn -0.9510 -0.2799 -0.1314
vn -0.9697 -0.1974 -0.1442
vn -0.9768 -0.1547 -0.1480
vn -0.9572 -0.2638 -0.1194
vn -0.9725 -0.1921 -0.1313
vn -0.9626 -0.2402 -0.1251
vn -0.9782 -0.1558 -0.1370
vn -0.9726 -0.1921 -0.1313
vn -0.9852 -0.0945 -0.1429
vn -0.9568 -0.2588 -0.1327
vn -0.9667 -0.2129 -0.1418
vn -0.9601 -0.2439 -0.1370
vn -0.9709 -0.1898 -0.1462
vn -0.9770 -0.1504 -0.1509
vn -0.9078 -0.4092 -0.0922
vn -0.9327 -0.3431 -0.1110
vn -0.9181 -0.3831 -0.1016
vn -0.9181 -0.3830 -0.1016
vn -0.9433 -0.3093 -0.1202
vn -0.9327 -0.3430 -0.1110
vn -0.9566 -0.2611 -0.1293
vn -0.9434 -0.3092 -0.1202
vn -0.5093 -0.4460 -0.7360
vn -0.5188 -0.4450 -0.7300
vn -0.5320 -0.4293 -0.7298
vn -0.5504 -0.4083 -0.7283
vn -0.5320 -0.4294 -0.7298
vn -0.5596 -0.3963 -0.7279
vn -0.5617 -0.3975 -0.7256
vn -0.5504 -0.4082 -0.7283
vn -0.5603 -0.4015 -0.7245
vn -0.5682 -0.3953 -0.7217
vn -0.5730 -0.3934 -0.7190
vn -0.5756 -0.3936 -0.7168
vn -0.5731 -0.3933 -0.7189
vn -0.5731 -0.3934 -0.7189
vn -0.5687 -0.4262 -0.7035
vn -0.5919 -0.4103 -0.6938
vn -0.5687 -0.4263 -0.7035
vn -0.5755 -0.3936 -0.7168
vn -0.5687 -0.4263 -0.7034
vn -0.6196 -0.3654 -0.6947
vn -0.6470 -0.3033 -0.6996
vn -0.6470 -0.3032 -0.6996
vn -0.6486 -0.2621 -0.7145
vn -0.9669 -0.2232 -0.1232
vn -0.9737 -0.1740 -0.1473
vn -0.9730 -0.1819 -0.1418
vn -0.9737 -0.1739 -0.1473
vn -0.9759 -0.1491 -0.1591
vn -0.9747 -0.1581 -0.1581
vn -0.9906 0.0044 -0.1370
vn -0.9891 0.0462 -0.1396
vn -0.9904 0.0109 -0.1380
vn -0.9878 0.0671 -0.1408
vn -0.9829 0.1167 -0.1421
vn -0.9246 -0.3708 -0.0871
vn -0.9480 -0.2997 -0.1073
vn -0.9353 -0.3401 -0.0981
vn -0.9353 -0.3400 -0.0981
vn -0.9576 -0.2634 -0.1172
vn -0.9480 -0.2996 -0.1073
vn -0.9681 -0.2172 -0.1251
vn -0.9576 -0.2633 -0.1172
vn -0.9300 -0.3488 -0.1163
vn -0.9515 -0.2748 -0.1384
vn -0.9433 -0.3052 -0.1308
vn -0.9515 -0.2747 -0.1384
vn -0.9600 -0.2371 -0.1491
vn -0.9650 -0.2131 -0.1532
vn -0.9095 -0.4067 -0.0857
vn -0.9463 -0.2990 -0.1234
vn -0.9356 -0.3347 -0.1124
vn -0.9463 -0.2989 -0.1234
vn -0.9595 -0.2435 -0.1416
vn -0.9632 -0.2264 -0.1448
vn 0.4455 -0.8582 0.2548
vn 0.1651 -0.9862 -0.0099
vt 0.824100 1.808700
vt 0.823100 1.792100
vt 0.822200 1.806900
vt 0.478800 1.899300
vt 0.462100 1.928500
vt 0.463900 1.926700
vt 1.834600 0.121500
vt 1.816200 0.120500
vt 1.829200 0.122400
vt 1.823800 0.122700
vt 1.815200 0.122500
vt 1.880000 0.131800
vt 1.854300 0.130800
vt 1.871400 0.133000
vt 1.864100 0.133400
vt 1.853000 0.133100
vt 1.866400 0.128800
vt 1.842600 0.127800
vt 1.858900 0.130000
vt 1.851700 0.130400
vt 1.841300 0.130100
vt 2.035700 0.081900
vt 1.983600 0.083300
vt 2.020100 0.084800
vt 2.002500 0.086400
vt 1.980100 0.086900
vt 1.867000 0.069400
vt 1.847300 0.070600
vt 1.860800 0.071900
vt 1.854000 0.073400
vt 1.844700 0.074200
vt -0.839000 0.070700
vt -0.834700 0.071800
vt -0.832200 0.067900
vt -0.841900 0.075800
vt -0.835600 0.076900
vt -0.842900 0.090000
vt -0.835800 0.090600
vt -0.841800 0.107000
vt -0.835100 0.104300
vt -0.840600 0.113400
vt -0.834400 0.109900
vt -0.838500 0.117800
vt -0.832500 0.114600
vt -0.834000 0.120700
vt -0.828900 0.117400
vt -0.827900 0.122200
vt -0.823200 0.119100
vt 1.852900 0.125600
vt 1.830700 0.124500
vt 1.845700 0.126600
vt 1.839200 0.126800
vt 1.829700 0.126500
vt 1.948000 0.074000
vt 1.912000 0.074400
vt 1.935700 0.076600
vt 1.924700 0.077500
vt 1.909500 0.077900
vt 1.980000 0.076000
vt 1.937600 0.076500
vt 1.965800 0.078700
vt 1.953200 0.079600
vt 1.934900 0.079900
vt 2.029600 0.079800
vt 1.977500 0.080400
vt 2.011600 0.082500
vt 1.995500 0.083500
vt 1.974500 0.083900
vt 1.892200 0.134500
vt 1.865000 0.133500
vt 1.883100 0.135800
vt 1.875400 0.136200
vt 1.863200 0.135900
vt 1.910700 0.071700
vt 1.882100 0.072400
vt 1.900900 0.074500
vt 1.892200 0.075500
vt 1.879500 0.075900
vt 1.929900 0.072900
vt 1.897500 0.073600
vt 1.918900 0.075700
vt 1.909000 0.076700
vt 1.895200 0.077100
vt 1.961900 0.148800
vt 1.930500 0.147900
vt 1.951700 0.150300
vt 1.943100 0.150800
vt 1.928200 0.150500
vt 0.449500 -2.009200
vt 0.462400 -1.960400
vt 0.453800 -1.998800
vt 1.960400 0.121300
vt 1.984500 0.122400
vt 1.998800 0.121100
vt 1.956800 0.124300
vt 2.017800 0.078800
vt 1.970000 0.079200
vt 2.001100 0.081500
vt 1.986300 0.082400
vt 1.966600 0.082600
vt 1.957600 0.148000
vt 1.926300 0.146900
vt 1.947400 0.149500
vt 1.938800 0.149900
vt 1.923900 0.149500
vt 1.952700 0.147000
vt 1.921400 0.145800
vt 1.942600 0.148400
vt 1.933900 0.148800
vt 1.919000 0.148400
vt 1.945900 0.145800
vt 1.914500 0.144600
vt 1.935700 0.147200
vt 1.927100 0.147600
vt 1.912100 0.147200
vt 1.964500 0.075100
vt 1.925600 0.075500
vt 1.951100 0.077800
vt 1.939200 0.078700
vt 1.923100 0.079000
vt 2.027800 0.102300
vt 1.973700 0.105000
vt 2.017500 0.104400
vt 2.001700 0.106100
vt 1.970200 0.108200
vt 2.006900 0.077900
vt 1.960200 0.078100
vt 1.990900 0.080500
vt 1.976600 0.081300
vt 1.957200 0.081500
vt 1.889800 0.070500
vt 1.865800 0.071600
vt 1.880700 0.073500
vt 1.873300 0.074500
vt 1.862800 0.075200
vt 1.938600 0.144700
vt 1.907900 0.143500
vt 1.928400 0.146100
vt 1.919800 0.146500
vt 1.905500 0.146100
vt 1.930900 0.143000
vt 1.900300 0.141800
vt 1.920800 0.144400
vt 1.912200 0.144800
vt 1.897900 0.144400
vt 1.922500 0.141200
vt 1.892500 0.140000
vt 1.912500 0.142600
vt 1.904100 0.143000
vt 1.890500 0.142600
vt 1.994000 0.076800
vt 1.949900 0.077200
vt 1.979000 0.079500
vt 1.965600 0.080400
vt 1.947000 0.080700
vt 2.038400 0.088300
vt 1.982900 0.090700
vt 2.020400 0.091700
vt 2.003000 0.093400
vt 1.979400 0.094600
vt 1.913300 0.139100
vt 1.884000 0.137900
vt 1.903900 0.140500
vt 1.895900 0.140800
vt 1.882000 0.140600
vt 1.903200 0.137000
vt 1.875500 0.136000
vt 1.893900 0.138200
vt 1.886100 0.138600
vt 1.873500 0.138300
vt -0.824100 0.114100
vt -0.822200 0.113800
vt -0.822700 0.111400
vt -0.824600 0.111600
vt -0.822800 0.108600
vt -0.824700 0.108800
vt -0.823800 0.089800
vt -0.825700 0.089700
vt -0.823500 0.082100
vt -0.825400 0.081600
vt 0.825400 1.825500
vt 0.823500 1.823800
vt 0.822700 1.826300
vt 0.824300 1.828000
vt 0.821300 1.829000
vt 0.822300 1.830800
vt 0.819700 1.830900
vt 0.820200 1.832700
vt 0.817600 1.832800
vt 0.817700 1.834600
vt 0.791800 1.849500
vt -0.791800 0.078900
vt -0.791800 0.077000
vt -0.817700 0.075900
vt -0.741600 0.081000
vt -0.741600 0.079100
vt -0.685200 0.083200
vt -0.685100 0.081300
vt -0.624500 0.085400
vt -0.624400 0.083500
vt -0.573800 0.087200
vt -0.573700 0.085300
vt -0.527800 0.089600
vt -0.527600 0.087700
vt -0.516800 0.091300
vt -0.516400 0.089500
vt -0.508100 0.093800
vt -0.507400 0.092000
vt -0.500500 0.097300
vt -0.499600 0.095600
vt -0.493800 0.101500
vt -0.492600 0.100000
vt -0.488600 0.105700
vt 0.488600 1.958400
vt 0.487300 1.960200
vt 0.492600 1.963100
vt 0.484000 1.954800
vt 0.482500 1.956600
vt 0.479100 1.949700
vt 0.477500 1.951500
vt 0.472800 1.941600
vt 0.471200 1.943400
vt 0.466600 1.933500
vt 0.465000 1.935300
vt 0.464400 1.928900
vt 0.462600 1.930700
vt -1.818000 0.121000
vt -1.823900 0.122900
vt -1.816100 0.122700
vt -1.829800 0.122700
vt -1.835800 0.121800
vt 0.822400 -1.814000
vt 0.821500 -1.832900
vt 0.785800 -1.854600
vt 0.791900 -1.826700
vt 0.734600 -1.880800
vt 0.735900 -1.851100
vt 0.676700 -1.905600
vt 0.679100 -1.874100
vt 0.618600 -1.926700
vt 0.621000 -1.895000
vt 0.565600 -1.943300
vt 0.568000 -1.911600
vt 0.512100 -1.957800
vt 0.514500 -1.926100
vt 0.458000 -1.970700
vt 0.463400 -1.938400
vt 1.939900 0.141500
vt 1.938400 0.142700
vt 1.970700 0.145900
vt 0.451900 -1.940900
vt 0.461900 -1.939900
vt 0.447100 -1.973800
vt 0.440700 -1.976600
vt 1.943100 0.139700
vt 1.940900 0.141600
vt 1.976600 0.145400
vt 0.436900 -1.979900
vt 0.451700 -1.943100
vt 1.945300 0.137500
vt 1.979900 0.144100
vt 1.984000 0.141500
vt 1.949800 0.133100
vt 1.989600 0.137900
vt 1.960700 0.120900
vt 2.004300 0.126600
vt 1.969400 0.110700
vt 2.019900 0.113500
vt 0.475700 1.974900
vt 0.469700 1.969400
vt 0.451800 2.019900
vt 0.458000 2.029300
vt 0.481500 1.978900
vt 0.465400 2.036400
vt 0.487600 1.981800
vt 0.473100 2.040900
vt 0.495900 1.983900
vt 0.482500 2.043200
vt 0.494600 2.042900
vt 0.504600 1.984400
vt 0.507900 2.040600
vt 0.514700 1.984000
vt 0.524600 2.036000
vt 0.526600 1.981900
vt 0.573000 2.017800
vt 0.574100 1.968100
vt 0.623600 1.994200
vt 0.624400 1.949000
vt 0.683800 1.961000
vt 0.684400 1.922200
vt 0.740700 1.924800
vt 0.741600 1.892300
vt 0.791100 1.887600
vt 0.792200 1.862600
vt 0.822000 1.861100
vt 0.819100 1.844500
vt 0.826300 1.856900
vt 0.824600 1.840500
vt 0.829800 1.852700
vt 0.828300 1.837000
vt -1.837000 0.071500
vt -1.852700 0.070800
vt -1.849000 0.073800
vt 0.831700 1.849000
vt 0.831200 1.834000
vt -1.834000 0.073200
vt -1.846000 0.078200
vt -1.831200 0.076400
vt -1.839200 0.091700
vt -1.824600 0.086800
vt -1.832400 0.105100
vt -1.813300 0.108400
vt -1.830100 0.109900
vt -1.829100 0.113800
vt -1.812700 0.110900
vt 0.831200 -1.812700
vt 0.829600 -1.829100
vt 0.826700 -1.829900
vt 0.824400 -1.813600
vt -0.457200 0.101800
vt -0.450800 0.110700
vt -0.449300 0.110600
vt -0.442200 0.124200
vt -0.440200 0.124400
vt -0.435400 0.136200
vt -0.433900 0.136400
vt -0.433900 0.141400
vt -0.430700 0.143500
vt -0.434900 0.145100
vt -0.431700 0.147800
vt -0.439900 0.147400
vt -0.436300 0.150000
vt -0.447200 0.148200
vt 0.447200 1.931600
vt 0.447300 1.928700
vt 0.436300 1.929900
vt 0.458800 1.931500
vt 0.458800 1.928500
vt 0.513000 1.921800
vt 0.512400 1.919000
vt 0.566600 1.908600
vt 0.566000 1.906100
vt 0.619600 1.893800
vt 0.619000 1.891100
vt 0.677900 1.875100
vt -0.677900 0.136000
vt -0.677400 0.139200
vt -0.619000 0.143400
vt -0.735300 0.130700
vt -0.735000 0.134000
vt -0.787500 0.124600
vt -0.787400 0.128100
vt 0.827800 1.790300
vt 0.827900 1.806700
vt 0.834000 1.803300
vt 0.832700 1.789300
vt 0.838500 1.801800
vt 0.836800 1.788400
vt 1.789400 0.111700
vt 1.788400 0.116500
vt 1.801800 0.117800
vt 1.802500 0.113400
vt 1.792000 0.103700
vt 1.805100 0.107000
vt 1.797100 0.089600
vt 1.813400 0.090000
vt 1.802900 0.075900
vt 1.822100 0.075800
vt 1.805700 0.070600
vt 1.827400 0.070700
vt 1.808700 0.066700
vt 0.839000 -1.827400
vt 0.832200 -1.834600
vt 0.833600 -1.808700
vt 0.829600 -1.812600
vt 0.831200 -1.852900
vt 1.852900 0.068700
vt 1.834600 0.067900
vt 1.830900 0.071800
vt 1.848800 0.072600
vt 0.827300 -1.857600
vt 1.826500 0.076900
vt 0.822400 -1.862500
vt 0.824800 -1.815900
vt 1.845500 0.077800
vt 0.790200 -1.889400
vt 0.792600 -1.832700
vt 1.818800 0.090600
vt 0.740400 -1.925900
vt 0.742800 -1.857000
vt 1.838400 0.091600
vt 1.811800 0.104300
vt 1.831300 0.105300
vt 0.683900 -1.961800
vt 0.686300 -1.883800
vt 1.809200 0.109900
vt 1.828300 0.110700
vt 1.808100 0.114600
vt 1.826900 0.115400
vt 0.831300 1.826900
vt 0.832500 1.808100
vt 0.828900 1.808900
vt 0.827600 1.828000
vt 0.823200 1.811700
vt 0.822000 1.831500
vt 0.623800 -1.995100
vt 0.626200 -1.910100
vt 0.573800 -2.018500
vt 0.576200 -1.931400
vt 0.525300 -2.036800
vt 0.527700 -1.949600
vt 0.508200 -2.041500
vt 0.510600 -1.952000
vt 0.494500 -2.043800
vt 0.496900 -1.949400
vt 0.481400 -2.044000
vt 0.483300 -1.942800
vt 0.471500 -2.041400
vt 0.473900 -1.936200
vt 0.463300 -2.037000
vt 0.465700 -1.928000
vt 0.455900 -2.030200
vt -2.030200 0.102800
vt -1.968400 0.101800
vt -1.928000 0.093400
vt -2.020700 0.111700
vt -1.918800 0.100900
vt -1.962200 0.110700
vt -2.005300 0.125000
vt -1.952300 0.124200
vt -1.961600 0.110600
vt -1.907400 0.109800
vt -1.990500 0.137000
vt -1.942200 0.136200
vt -1.951500 0.124400
vt -1.887800 0.123100
vt -1.941500 0.136400
vt -1.868500 0.135100
vt -1.935900 0.143500
vt -1.861700 0.140200
vt -1.932000 0.147800
vt -1.859400 0.143900
vt 0.436400 1.859400
vt 0.431700 1.932000
vt 0.440000 1.857500
vt 0.448700 1.856200
vt 0.460400 1.855100
vt 0.514600 1.849700
vt 0.568200 1.843300
vt 0.621200 1.835900
vt 0.677400 1.872300
vt 0.679300 1.825800
vt 0.735000 1.850900
vt 0.736000 1.813600
vt 0.787400 1.827800
vt 0.788700 1.800400
vt -1.984000 0.142100
vt -1.937900 0.141400
vt -1.978800 0.145800
vt -1.934700 0.145100
vt 0.434900 1.934700
vt 0.434000 1.978800
vt 0.439100 1.974400
vt 0.439900 1.932400
vt 0.446300 1.971600
vt 0.458000 1.969100
vt 0.512200 1.957000
vt 0.565800 1.942500
vt 0.618800 1.925900
vt 0.676900 1.904800
vt 0.734900 1.880000
vt 0.735300 1.853500
vt 0.786300 1.853700
vt 0.787500 1.830300
vt 0.460800 1.958100
vt 0.448800 2.008000
vt 0.452700 1.998400
vt 0.457400 1.984200
vt 0.465000 1.956200
vt 1.956200 0.125400
vt 1.984200 0.123400
vt 0.453800 1.998800
vt 0.449500 2.009200
vt 0.472300 1.972000
vt 0.460900 2.027000
vt 0.464300 2.017500
vt 0.468900 2.001300
vt 0.476200 1.969400
vt 1.969400 0.109300
vt 0.469700 2.001700
vt 0.465300 2.017500
vt 0.461700 2.027800
vt -1.981900 0.092800
vt -2.038200 0.088800
vt -2.020200 0.092300
vt -2.002800 0.093900
vt 0.488500 1.981900
vt 0.487500 2.002800
vt 0.491800 1.979000
vt 0.488700 2.003000
vt 0.493200 1.979400
vt 0.485400 2.020400
vt 0.484200 2.020200
vt 0.479700 2.038200
vt 0.480900 2.038400
vt -1.983700 0.084100
vt -2.036200 0.082100
vt -2.020700 0.085200
vt -2.003000 0.086700
vt -1.980400 0.087200
vt 0.511300 2.002500
vt 0.514400 1.980100
vt 0.512700 1.980400
vt 0.509700 2.003000
vt 0.508800 2.020100
vt 0.507300 2.020700
vt 0.504600 2.036200
vt 0.506200 2.035700
vt -1.978700 0.080600
vt -2.030400 0.079800
vt -2.012200 0.082600
vt -1.996000 0.083500
vt -1.974700 0.083900
vt 0.537600 1.995500
vt 0.540200 1.974500
vt 0.538600 1.974700
vt 0.536000 1.996000
vt 0.535500 2.011600
vt 0.534000 2.012200
vt 0.531600 2.030400
vt 0.533200 2.029600
vt -1.970800 0.079400
vt -2.018500 0.078900
vt -2.001700 0.081500
vt -1.986800 0.082300
vt -1.967400 0.082700
vt 0.564200 1.986300
vt 0.566600 1.966600
vt 0.565000 1.967400
vt 0.562600 1.986800
vt 0.562300 2.001100
vt 0.560800 2.001700
vt 0.558500 2.018500
vt 0.560200 2.017800
vt -1.961800 0.078300
vt -2.007700 0.077900
vt -1.991500 0.080500
vt -1.977100 0.081300
vt -1.957900 0.081600
vt 0.591000 1.976600
vt 0.593500 1.957200
vt 0.591800 1.957900
vt 0.589400 1.977100
vt 0.589100 1.990900
vt 0.587600 1.991500
vt 0.585300 2.007700
vt 0.587000 2.006900
vt -1.951400 0.077400
vt -1.994600 0.076800
vt -1.979400 0.079500
vt -1.965900 0.080300
vt -1.947600 0.080700
vt 0.618000 1.965600
vt 0.620400 1.947000
vt 0.618600 1.947600
vt 0.616400 1.965900
vt 0.616300 1.979000
vt 0.614800 1.979400
vt 0.612700 1.994600
vt 0.614300 1.994000
vt -1.939600 0.076600
vt -1.980600 0.076100
vt -1.966300 0.078700
vt -1.953500 0.079600
vt -1.935600 0.080000
vt 0.645300 1.953200
vt 0.647500 1.934900
vt 0.645700 1.935600
vt 0.643800 1.953500
vt 0.643800 1.965800
vt 0.642300 1.966300
vt 0.640400 1.980600
vt 0.642000 1.980000
vt -1.849100 0.070700
vt -1.854600 0.073500
vt -1.845600 0.074300
vt -1.861500 0.072000
vt -1.868300 0.069500
vt 0.813100 1.854000
vt 0.814100 1.844700
vt 0.812500 1.845600
vt 0.811700 1.854600
vt 0.812200 1.860800
vt 0.810900 1.861500
vt 0.810000 1.868300
vt 0.811600 1.867000
vt -1.927400 0.075700
vt -1.965400 0.075100
vt -1.951900 0.077800
vt -1.939900 0.078600
vt -1.923600 0.079000
vt 0.672500 1.939200
vt 0.674600 1.923100
vt 0.672800 1.923600
vt 0.671000 1.939900
vt 0.671200 1.951100
vt 0.669700 1.951900
vt 0.668000 1.965400
vt 0.669600 1.964500
vt -1.867600 0.071700
vt -1.874500 0.074500
vt -1.863700 0.075300
vt -1.881500 0.073600
vt -1.891400 0.070300
vt -1.899100 0.073800
vt -1.910000 0.076600
vt -1.895600 0.077100
vt -1.919900 0.075700
vt -1.931100 0.072900
vt -1.913800 0.074600
vt -1.948900 0.074000
vt -1.936400 0.076700
vt -1.925300 0.077500
vt -1.910300 0.077900
vt 0.784800 1.873300
vt 0.786000 1.862800
vt 0.784300 1.863700
vt 0.783100 1.874500
vt 0.783700 1.880700
vt 0.782300 1.881500
vt 0.781000 1.891400
vt 0.782700 1.889800
vt 0.700500 1.924700
vt 0.702500 1.909500
vt 0.700700 1.910300
vt 0.699000 1.925300
vt 0.699100 1.935700
vt 0.697700 1.936400
vt 0.696000 1.948900
vt 0.697600 1.948000
vt 0.486500 1.938800
vt 0.488100 1.923900
vt 0.486500 1.924200
vt 0.485000 1.938800
vt 0.485500 1.947400
vt 0.483900 1.947600
vt 0.482600 1.957900
vt 0.484300 1.957600
vt -1.927100 0.147400
vt -1.938800 0.150200
vt -1.924200 0.149700
vt -1.947600 0.149800
vt -1.957900 0.148100
vt -1.922200 0.146200
vt -1.953000 0.147100
vt -1.942700 0.148700
vt -1.933900 0.149000
vt -1.919300 0.148600
vt 0.513400 1.933900
vt 0.515000 1.919000
vt 0.513400 1.919300
vt 0.511900 1.933900
vt 0.512400 1.942600
vt 0.510800 1.942700
vt 0.509400 1.953000
vt 0.511200 1.952700
vt 0.814600 -1.794900
vt 0.821100 -1.792400
vt 0.790800 -1.803900
vt 0.736300 -1.823300
vt 0.678700 -1.843000
vt 0.620900 -1.860600
vt 0.568200 -1.874800
vt 0.514900 -1.887300
vt 0.480200 -1.898000
vt 1.899300 0.141500
vt 1.898000 0.142700
vt 0.462100 -1.928500
vt 0.478800 -1.899300
vt 1.930700 0.139100
vt 1.928500 0.141500
vt 1.942500 0.139100
vt 1.935300 0.134300
vt 1.947100 0.134300
vt 1.943400 0.124600
vt 1.954900 0.124600
vt 1.951500 0.115400
vt 1.962500 0.115400
vt 1.956600 0.109100
vt 1.967500 0.109100
vt 0.482300 1.967500
vt 1.971000 0.104300
vt 1.960200 0.104300
vt 0.487000 1.971000
vt 0.492400 1.973700
vt 0.499600 1.965500
vt 0.499300 1.976000
vt 0.507400 1.966500
vt 0.507200 1.977000
vt 0.516100 1.976800
vt 0.516400 1.966300
vt 0.527400 1.975400
vt 0.527600 1.964900
vt 0.573500 1.961900
vt 0.573700 1.951800
vt 0.624300 1.942800
vt 0.624400 1.933300
vt 0.685100 1.915900
vt 0.685100 1.907300
vt 0.741600 1.887000
vt 0.741600 1.879500
vt 0.791900 1.857800
vt 0.791800 1.851300
vt 0.817900 1.840800
vt 0.820400 1.838800
vt 0.822500 1.836800
vt 0.824500 1.834200
vt -1.828000 0.079000
vt -1.834200 0.079000
vt -1.831900 0.081600
vt -1.825500 0.081600
vt -1.826800 0.089700
vt -1.820200 0.089700
vt -1.816100 0.109400
vt -1.810900 0.108800
vt -1.814800 0.111600
vt -1.809600 0.111600
vt -1.813600 0.114100
vt -1.808700 0.114100
vt 0.824100 -1.808700
vt 0.823100 -1.792100
vt -1.806900 0.113800
vt -1.792100 0.114100
vt -1.793100 0.111600
vt -1.807900 0.111400
vt -1.795100 0.107200
vt -1.809200 0.108600
vt -1.802600 0.089700
vt -1.818500 0.089800
vt -1.806600 0.085200
vt -1.823800 0.082100
vt -1.808600 0.082500
vt -1.826300 0.080000
vt 0.823500 1.808600
vt 0.821500 1.810700
vt 0.819400 1.812300
vt 0.817000 1.813900
vt 0.791300 1.827900
vt 0.741400 1.852200
vt 0.741600 1.877700
vt 0.685300 1.876200
vt 0.685200 1.905500
vt 0.624900 1.898800
vt 0.624500 1.931500
vt 0.574400 1.914900
vt 0.573800 1.950000
vt 0.531000 1.926500
vt 0.527800 1.963100
vt 0.520300 1.927800
vt 0.516800 1.964400
vt 0.511800 1.928100
vt 0.508100 1.964700
vt 0.505000 1.927400
vt 0.500500 1.963700
vt 0.498600 1.925700
vt 0.493800 1.961300
vt 0.493700 1.923600
vt 1.958400 0.105700
vt 1.923600 0.114000
vt 1.920900 0.119600
vt 0.489600 1.920900
vt 0.483100 1.911100
vt 1.941600 0.125700
vt 1.911100 0.130300
vt 1.901300 0.139100
vt 0.479300 1.901300
vt 1.926700 0.141900
vt 1.928900 0.139800
vt -1.915400 0.145100
vt -1.946200 0.145900
vt -1.935900 0.147500
vt -1.927100 0.147900
vt -1.912500 0.147400
vt 0.540200 1.927100
vt 0.541800 1.912100
vt 0.540100 1.912500
vt 0.538700 1.927100
vt 0.539100 1.935700
vt 0.537600 1.935900
vt 0.536200 1.946200
vt 0.537900 1.945900
vt 0.756300 1.892200
vt 0.757900 1.879500
vt 0.756100 1.880500
vt 0.754800 1.893100
vt 0.755300 1.900900
vt 0.753800 1.901800
vt 0.752600 1.911700
vt 0.754100 1.910700
vt -0.824400 0.114100
vt -0.824900 0.111600
vt -0.831200 0.110900
vt -0.825000 0.109400
vt -0.831800 0.108400
vt -0.826000 0.089700
vt -0.833100 0.086800
vt -0.825600 0.081600
vt -0.832600 0.076400
vt -0.824500 0.079000
vt -0.831200 0.073200
vt -0.822500 0.077000
vt -0.828300 0.071500
vt -0.820400 0.076300
vt -0.824600 0.070700
vt -0.817900 0.075900
vt -0.819100 0.070500
vt -0.791900 0.077000
vt -0.792200 0.071300
vt -0.741600 0.073100
vt -0.684400 0.075000
vt -0.624300 0.083500
vt -0.624400 0.077100
vt -0.573500 0.085300
vt -0.527400 0.087700
vt -0.526600 0.081400
vt -0.574100 0.078900
vt -0.516100 0.089500
vt -0.499300 0.095600
vt -0.495900 0.088600
vt -0.504600 0.085500
vt -0.487600 0.093100
vt -0.492400 0.100000
vt -0.481500 0.097800
vt -0.487000 0.104300
vt -0.475700 0.103400
vt -0.482300 0.109100
vt -0.469700 0.110700
vt 0.477300 1.962500
vt 0.462600 1.960700
vt -0.477300 0.115400
vt -0.471000 0.124600
vt -0.462600 0.120900
vt 0.455200 1.949800
vt 0.471000 1.954900
vt -0.464800 0.134300
vt -0.455200 0.133100
vt 0.452600 1.945300
vt 0.464800 1.947100
vt 0.462400 1.942500
vt 0.451700 1.943100
vt 0.451900 1.940900
vt 0.461900 1.939900
vt -1.908800 0.144000
vt -1.938900 0.144800
vt -1.928600 0.146400
vt -1.919800 0.146800
vt -1.906100 0.146300
vt 0.567000 1.919800
vt 0.568600 1.905500
vt 0.566900 1.906100
vt 0.565500 1.919800
vt 0.565900 1.928400
vt 0.564400 1.928600
vt 0.563000 1.938900
vt 0.564700 1.938600
vt 0.728300 1.909000
vt 0.730100 1.895200
vt 0.728300 1.895600
vt 0.726800 1.910000
vt 0.727200 1.918900
vt 0.725700 1.919900
vt 0.724300 1.931100
vt 0.725800 1.929900
vt -1.901100 0.142200
vt -1.931300 0.143100
vt -1.920900 0.144700
vt -1.912200 0.145000
vt -1.898400 0.144600
vt 0.594000 1.912200
vt 0.595600 1.897900
vt 0.593900 1.898400
vt 0.592500 1.912200
vt 0.592900 1.920800
vt 0.591400 1.920900
vt 0.590000 1.931300
vt 0.591700 1.930900
vt -1.931400 0.148400
vt -1.962200 0.148900
vt -1.951900 0.150600
vt -1.943100 0.151100
vt -1.928500 0.150800
vt -1.893500 0.140400
vt -1.922800 0.141400
vt -1.912700 0.142900
vt -1.904100 0.143200
vt -1.890800 0.142800
vt 0.620900 1.904100
vt 0.622500 1.890500
vt 0.620800 1.890800
vt 0.619300 1.904100
vt 0.619800 1.912500
vt 0.618300 1.912700
vt 0.616900 1.922800
vt 0.618600 1.922500
vt -1.885000 0.138400
vt -1.913600 0.139200
vt -1.904000 0.140800
vt -1.895900 0.141100
vt -1.882300 0.140800
vt 0.647600 1.895900
vt 0.649100 1.882000
vt 0.647500 1.882300
vt 0.646100 1.895900
vt 0.646700 1.903900
vt 0.645200 1.904000
vt 0.644000 1.913600
vt 0.645700 1.913300
vt 0.460000 1.943100
vt 0.461600 1.928200
vt 0.460000 1.928500
vt 0.458500 1.943100
vt 0.458900 1.951700
vt 0.457400 1.951900
vt 0.456000 1.962200
vt 0.457800 1.961900
vt -1.876400 0.136500
vt -1.903500 0.137100
vt -1.894100 0.138500
vt -1.886100 0.138900
vt -1.873800 0.138500
vt 0.674800 1.886100
vt 0.676200 1.873500
vt 0.674600 1.873800
vt 0.673300 1.886100
vt 0.673800 1.893900
vt 0.672400 1.894100
vt 0.671100 1.903500
vt 0.672800 1.903200
vt -1.884100 0.072600
vt -1.893100 0.075400
vt -1.880500 0.075900
vt -1.901800 0.074500
vt -1.911700 0.071800
vt -1.866200 0.134000
vt -1.892500 0.134700
vt -1.883200 0.136100
vt -1.875400 0.136400
vt -1.863800 0.136100
vt 0.702300 1.875400
vt 0.703800 1.863200
vt 0.702200 1.863800
vt 0.700900 1.875400
vt 0.701400 1.883100
vt 0.700000 1.883200
vt 0.698700 1.892500
vt 0.700400 1.892200
vt -1.832200 0.125100
vt -1.853600 0.125900
vt -1.846400 0.126900
vt -1.839300 0.127100
vt -1.830300 0.126700
vt -1.844400 0.128200
vt -1.867000 0.129000
vt -1.859400 0.130300
vt -1.852100 0.130600
vt -1.842000 0.130300
vt -1.855900 0.131300
vt -1.880200 0.132100
vt -1.871500 0.133300
vt -1.864100 0.133700
vt -1.853600 0.133300
vt 0.730100 1.864100
vt 0.731600 1.853000
vt 0.730000 1.853600
vt 0.728600 1.864100
vt 0.729100 1.871400
vt 0.727600 1.871500
vt 0.726300 1.880200
vt 0.728000 1.880000
vt 0.757300 1.851700
vt 0.758400 1.841300
vt 0.756800 1.842000
vt 0.755900 1.852100
vt 0.756600 1.858900
vt 0.755100 1.859400
vt 0.754200 1.867000
vt 0.755900 1.866400
vt 0.784700 1.839200
vt 0.785800 1.829700
vt 0.784200 1.830300
vt 0.783300 1.839300
vt 0.784000 1.845700
vt 0.782500 1.846400
vt 0.781600 1.853600
vt 0.783300 1.852900
vt 0.812700 1.823800
vt 0.813600 1.815200
vt 0.812000 1.816100
vt 0.811200 1.823900
vt 0.812000 1.829200
vt 0.810500 1.829800
vt 0.809700 1.835800
vt 0.811400 1.834600
vt -0.824100 1.808700
vt -0.822200 1.806900
vt -0.823100 1.792100
vt -0.478800 1.899300
vt -0.463900 1.926700
vt -0.462100 1.928500
vt 0.457200 0.101800
vt 0.449300 0.110600
vt 0.450800 0.110700
vt 0.442200 0.124200
vt 0.440200 0.124400
vt 0.435400 0.136200
vt 0.433900 0.136400
vt 0.433900 0.141400
vt 0.430700 0.143500
vt 0.434900 0.145100
vt 0.431700 0.147800
vt 0.439900 0.147400
vt 0.436300 0.150000
vt 0.447200 0.148200
vt -0.436300 1.929900
vt -0.447300 1.928700
vt -0.447200 1.931600
vt -0.458800 1.931500
vt -0.458800 1.928500
vt -0.513000 1.921800
vt -0.512400 1.919000
vt -0.566600 1.908600
vt -0.566000 1.906100
vt -0.619600 1.893800
vt -0.619000 1.891100
vt -0.677900 1.875100
vt 0.619000 0.143400
vt 0.677400 0.139200
vt 0.677900 0.136000
vt 0.735300 0.130700
vt 0.735000 0.134000
vt 0.787500 0.124600
vt 0.787400 0.128100
vt 0.823200 0.119100
vt 0.827900 0.122200
vt 0.824400 0.114100
vt 0.831200 0.110900
vt 0.824900 0.111600
vt 0.825000 0.109400
vt 0.831800 0.108400
vt 0.826000 0.089700
vt 0.833100 0.086800
vt 0.825600 0.081600
vt 0.832600 0.076400
vt 0.824500 0.079000
vt 0.831200 0.073200
vt 0.822500 0.077000
vt 0.828300 0.071500
vt 0.820400 0.076300
vt 0.824600 0.070700
vt 0.817900 0.075900
vt 0.819100 0.070500
vt 0.791900 0.077000
vt 0.792200 0.071300
vt 0.741600 0.079100
vt 0.741600 0.073100
vt 0.685100 0.081300
vt 0.684400 0.075000
vt 0.624300 0.083500
vt 0.624400 0.077100
vt 0.573500 0.085300
vt -0.624400 1.949000
vt -0.574100 1.968100
vt -0.573500 1.961900
vt -0.527400 1.975400
vt 0.574100 0.078900
vt 0.526600 0.081400
vt 0.527400 0.087700
vt 0.516100 0.089500
vt -0.526600 1.981900
vt -0.514700 1.984000
vt -0.516100 1.976800
vt -0.507200 1.977000
vt -0.504600 1.984400
vt -0.499300 1.976000
vt 0.504600 0.085500
vt 0.495900 0.088600
vt 0.499300 0.095600
vt 0.487600 0.093100
vt 0.492400 0.100000
vt 0.481500 0.097800
vt 0.487000 0.104300
vt 0.475700 0.103400
vt 0.482300 0.109100
vt 0.469700 0.110700
vt -0.469700 1.969400
vt -0.477300 1.962500
vt -0.482300 1.967500
vt -0.462600 1.960800
vt -0.471000 1.954900
vt -0.455200 1.949800
vt 0.455200 0.133100
vt 0.464800 0.134300
vt 0.471000 0.124600
vt -0.464800 1.947100
vt -0.452600 1.945300
vt -0.462400 1.942500
vt -0.451700 1.943100
vt -0.451900 1.940900
vt -0.461900 1.939900
vt -0.460800 1.958100
vt -0.452700 1.998400
vt -0.448800 2.008000
vt -0.457400 1.984200
vt -0.465000 1.956200
vt -1.842600 0.127800
vt -1.851700 0.130400
vt -1.841300 0.130100
vt -1.858900 0.130000
vt -1.866400 0.128800
vt -0.785800 -1.854600
vt -0.821500 -1.832900
vt -0.822400 -1.814000
vt -0.791900 -1.826700
vt -0.734600 -1.880800
vt -0.735900 -1.851100
vt -0.676700 -1.905600
vt -0.679100 -1.874100
vt -0.618600 -1.926700
vt -0.621000 -1.895000
vt -0.565600 -1.943300
vt -0.568000 -1.911600
vt -0.512100 -1.957800
vt -0.514500 -1.926100
vt -0.458000 -1.970700
vt -0.463400 -1.938400
vt -1.939900 0.141500
vt -1.970700 0.145900
vt -1.938400 0.142700
vt -0.461900 -1.939900
vt -0.451900 -1.940900
vt -0.447100 -1.973800
vt -0.440700 -1.976600
vt -1.976600 0.145400
vt -1.940900 0.141600
vt -1.943100 0.139700
vt -0.451700 -1.943100
vt -0.436900 -1.979900
vt -1.979900 0.144100
vt -1.945300 0.137500
vt -1.984000 0.141500
vt -1.949800 0.133100
vt -1.989600 0.137900
vt -1.960800 0.120900
vt -2.004300 0.126600
vt -1.969400 0.110700
vt -2.019900 0.113500
vt -0.451800 2.019900
vt -0.475700 1.974900
vt -0.458000 2.029300
vt -0.481500 1.978900
vt -0.465400 2.036400
vt -0.487600 1.981800
vt -0.473100 2.040900
vt -0.495900 1.983900
vt -0.482500 2.043200
vt -0.494600 2.042900
vt -0.507900 2.040600
vt -0.524600 2.036000
vt -0.573000 2.017800
vt -0.623600 1.994200
vt -0.683800 1.961000
vt -0.684400 1.922200
vt -0.740700 1.924800
vt -0.741600 1.892300
vt -0.791100 1.887600
vt -0.792200 1.862600
vt -0.822000 1.861100
vt -0.819100 1.844500
vt -0.826300 1.856900
vt -0.824600 1.840500
vt -0.829800 1.852700
vt -0.828300 1.837000
vt 1.849000 0.073800
vt 1.852700 0.070800
vt 1.837000 0.071500
vt -0.831200 1.834000
vt -0.831700 1.849000
vt 1.846000 0.078200
vt 1.834000 0.073200
vt 1.831200 0.076400
vt 1.839200 0.091700
vt 1.824600 0.086800
vt 1.832400 0.105100
vt 1.813300 0.108400
vt 1.830100 0.109900
vt 1.829100 0.113800
vt 1.812700 0.110900
vt -0.826700 -1.829900
vt -0.829600 -1.829100
vt -0.831200 -1.812700
vt -0.824400 -1.813600
vt -0.756800 1.842000
vt -0.758400 1.841300
vt -0.757300 1.851700
vt -0.755900 1.852100
vt -0.756600 1.858900
vt -0.755100 1.859400
vt -0.754200 1.867000
vt -0.755900 1.866400
vt -0.540100 1.912400
vt -0.541800 1.912100
vt -0.540200 1.927100
vt -0.538700 1.927100
vt -0.539100 1.935700
vt -0.537600 1.935900
vt -0.536200 1.946200
vt -0.537900 1.945900
vt 1.844400 0.128200
vt 1.842000 0.130300
vt 1.852100 0.130600
vt 1.859400 0.130300
vt 1.867000 0.129000
vt -1.945900 0.145800
vt -1.935700 0.147200
vt -1.914500 0.144600
vt -1.927100 0.147600
vt -1.912100 0.147200
vt -1.830700 0.124500
vt -1.839200 0.126800
vt -1.829700 0.126500
vt -1.845700 0.126600
vt -1.852900 0.125600
vt -0.784200 1.830300
vt -0.785800 1.829700
vt -0.784700 1.839200
vt -0.783300 1.839300
vt -0.784000 1.845700
vt -0.782500 1.846400
vt -0.781600 1.853600
vt -0.783300 1.852900
vt 1.915400 0.145100
vt 1.912400 0.147400
vt 1.927100 0.147900
vt 1.935900 0.147500
vt 1.946200 0.145900
vt 1.832200 0.125100
vt 1.830300 0.126700
vt 1.839300 0.127100
vt 1.846400 0.126900
vt 1.853600 0.125900
vt 1.885000 0.138400
vt 1.882300 0.140800
vt 1.895900 0.141100
vt 1.904000 0.140800
vt 1.913600 0.139200
vt -1.816200 0.120500
vt -1.823800 0.122700
vt -1.815200 0.122500
vt -1.829200 0.122400
vt -1.834600 0.121500
vt -0.812000 1.816100
vt -0.813600 1.815200
vt -0.812700 1.823800
vt -0.811200 1.823900
vt -0.812000 1.829200
vt -0.810500 1.829800
vt -0.809700 1.835800
vt -0.811400 1.834600
vt 1.908800 0.144000
vt 1.928600 0.146400
vt 1.938900 0.144800
vt 1.919800 0.146800
vt 1.906100 0.146300
vt 1.818000 0.121000
vt 1.816100 0.122700
vt 1.823900 0.122900
vt 1.829800 0.122700
vt 1.835800 0.121800
vt 0.839000 0.070700
vt 0.832200 0.067900
vt 0.834700 0.071800
vt 0.841900 0.075800
vt 0.835600 0.076900
vt 0.842900 0.090000
vt 0.835800 0.090600
vt 0.841800 0.107000
vt 0.835100 0.104300
vt 0.840600 0.113400
vt 0.834400 0.109900
vt 0.838500 0.117800
vt 0.832500 0.114600
vt 0.834000 0.120700
vt 0.828900 0.117400
vt -0.787500 1.830300
vt -0.823200 1.811700
vt -0.822000 1.831500
vt -0.786300 1.853700
vt -0.735300 1.853500
vt -0.734900 1.880000
vt -0.676900 1.904800
vt -0.618800 1.925900
vt -0.565800 1.942500
vt -0.512200 1.957000
vt -0.458000 1.969100
vt -0.446300 1.971600
vt -0.439900 1.932400
vt -0.439100 1.974400
vt -0.434900 1.934700
vt -0.434000 1.978800
vt 1.937900 0.141400
vt 1.934700 0.145100
vt 1.978800 0.145800
vt 1.984000 0.142100
vt 1.942200 0.136200
vt 1.990500 0.137000
vt 1.952300 0.124200
vt 2.005300 0.125000
vt 1.962200 0.110700
vt 2.020700 0.111700
vt 1.968400 0.101800
vt 2.030200 0.102800
vt 1.928000 0.093400
vt -0.455900 -2.030200
vt -0.463300 -2.037000
vt -0.465700 -1.928000
vt 1.918800 0.100900
vt -0.473900 -1.936200
vt -0.471500 -2.041400
vt 1.961600 0.110600
vt 1.907400 0.109800
vt -0.483300 -1.942800
vt -0.481400 -2.044000
vt 1.951500 0.124400
vt 1.887800 0.123100
vt -0.496900 -1.949400
vt -0.494500 -2.043800
vt 1.941500 0.136400
vt 1.868500 0.135100
vt -0.510600 -1.952000
vt -0.508200 -2.041500
vt 1.935900 0.143500
vt 1.861700 0.140200
vt -0.527700 -1.949600
vt -0.525300 -2.036800
vt 1.932000 0.147800
vt 1.859400 0.143900
vt -0.576200 -1.931400
vt -0.573800 -2.018500
vt -0.431700 1.932000
vt -0.436400 1.859400
vt -0.440000 1.857500
vt -0.626200 -1.910100
vt -0.623800 -1.995100
vt -0.448700 1.856200
vt -0.686300 -1.883800
vt -0.683900 -1.961800
vt -0.460400 1.855100
vt -0.742800 -1.857000
vt -0.740400 -1.925900
vt -0.514600 1.849700
vt -0.792600 -1.832700
vt -0.790200 -1.889400
vt -0.568200 1.843300
vt -0.824800 -1.815900
vt -0.822400 -1.862500
vt -0.621200 1.835900
vt -0.677400 1.872300
vt -0.829600 -1.812600
vt -0.679300 1.825800
vt -0.827300 -1.857600
vt -0.735000 1.850900
vt -0.736000 1.813600
vt -0.787400 1.827800
vt -0.831200 -1.852800
vt -0.788700 1.800400
vt -0.827900 1.806700
vt -0.827800 1.790300
vt -0.832200 -1.834600
vt -0.833600 -1.808700
vt -1.830900 0.071800
vt -1.834600 0.067900
vt -1.852800 0.068700
vt -1.848800 0.072600
vt -0.839000 -1.827400
vt -1.826500 0.076900
vt -1.845500 0.077800
vt -1.827400 0.070700
vt -1.805700 0.070600
vt -1.808700 0.066700
vt -1.822100 0.075800
vt -1.818800 0.090600
vt -1.838400 0.091600
vt -1.802900 0.075900
vt -1.813400 0.090000
vt -1.811800 0.104300
vt -1.831300 0.105300
vt -1.797100 0.089600
vt -1.805100 0.107000
vt -1.809200 0.109900
vt -1.828300 0.110700
vt -1.792000 0.103700
vt -1.802500 0.113400
vt -1.808100 0.114600
vt -1.826900 0.115400
vt -1.789400 0.111700
vt -1.801800 0.117800
vt -0.828900 1.808900
vt -0.832500 1.808100
vt -0.831300 1.826900
vt -0.827600 1.828000
vt -1.788400 0.116500
vt -0.832700 1.789300
vt -0.836800 1.788400
vt -0.838500 1.801800
vt -0.834000 1.803300
vt -1.907900 0.143500
vt -1.919800 0.146500
vt -1.905500 0.146100
vt -1.928400 0.146100
vt -1.938600 0.144700
vt -0.674600 1.873800
vt -0.676200 1.873500
vt -0.674800 1.886100
vt -0.673300 1.886100
vt -0.673800 1.893900
vt -0.672400 1.894100
vt -0.671100 1.903500
vt -0.672800 1.903200
vt 1.983700 0.084100
vt 1.980400 0.087200
vt 2.003000 0.086700
vt 2.020700 0.085200
vt 2.036200 0.082100
vt -0.566900 1.906100
vt -0.568600 1.905500
vt -0.567000 1.919800
vt -0.565500 1.919800
vt -0.565900 1.928400
vt -0.564400 1.928600
vt -0.563000 1.938900
vt -0.564700 1.938600
vt -1.960400 0.121300
vt -1.984500 0.122400
vt -1.956800 0.124300
vt -1.998800 0.121100
vt -0.449500 -2.009200
vt -0.453800 -1.998800
vt -0.462400 -1.960400
vt -1.956200 0.125400
vt -1.984200 0.123400
vt -0.453800 1.998800
vt -0.449500 2.009200
vt -0.472300 1.972000
vt -0.464300 2.017500
vt -0.460900 2.027000
vt -0.468900 2.001300
vt -0.476200 1.969400
vt 1.901100 0.142200
vt 1.920900 0.144700
vt 1.931300 0.143100
vt 1.912200 0.145000
vt 1.898400 0.144600
vt -1.900300 0.141800
vt -1.912200 0.144800
vt -1.897900 0.144400
vt -1.920800 0.144400
vt -1.931000 0.143000
vt -1.973700 0.105000
vt -2.001700 0.106100
vt -1.970200 0.108200
vt -2.017500 0.104400
vt -2.027800 0.102300
vt -1.969400 0.109300
vt -0.469700 2.001700
vt -0.465300 2.017500
vt -0.461700 2.027800
vt -0.593900 1.898400
vt -0.595600 1.897900
vt -0.594000 1.912200
vt -0.592500 1.912200
vt -0.592900 1.920800
vt -0.591400 1.920900
vt -0.590000 1.931300
vt -0.591700 1.931000
vt 1.981900 0.092800
vt 2.020200 0.092300
vt 2.038200 0.088800
vt 2.002800 0.093900
vt -0.488500 1.981900
vt -0.491800 1.979000
vt -0.487500 2.002800
vt -1.982900 0.090700
vt -2.003000 0.093400
vt -1.979400 0.094600
vt -2.020400 0.091700
vt -2.038400 0.088300
vt -0.493200 1.979400
vt -0.488700 2.003000
vt -0.485400 2.020400
vt -0.484200 2.020200
vt -0.479700 2.038200
vt -0.480900 2.038400
vt 1.893500 0.140400
vt 1.912700 0.142900
vt 1.922800 0.141400
vt 1.904100 0.143200
vt 1.890800 0.142800
vt -1.892500 0.140000
vt -1.904100 0.143000
vt -1.890500 0.142600
vt -1.912500 0.142600
vt -1.922500 0.141200
vt 1.884100 0.072600
vt 1.901800 0.074500
vt 1.911700 0.071800
vt 1.893100 0.075400
vt 1.880500 0.075900
vt -0.620800 1.890800
vt -0.622500 1.890500
vt -0.620900 1.904100
vt -0.619300 1.904100
vt -0.619800 1.912500
vt -0.618300 1.912700
vt -0.616900 1.922800
vt -0.618600 1.922500
vt -1.983600 0.083300
vt -2.002500 0.086400
vt -1.980100 0.086900
vt -2.020100 0.084800
vt -2.035700 0.081900
vt -0.512700 1.980400
vt -0.514400 1.980100
vt -0.511300 2.002500
vt -0.509700 2.003000
vt -0.508800 2.020100
vt -0.507300 2.020700
vt -0.504600 2.036200
vt -0.506200 2.035700
vt 1.978700 0.080600
vt 2.012200 0.082600
vt 2.030400 0.079800
vt 1.996000 0.083500
vt 1.974700 0.083900
vt -1.884000 0.137900
vt -1.895900 0.140800
vt -1.882000 0.140600
vt -1.903900 0.140500
vt -1.913300 0.139100
vt -1.977500 0.080400
vt -1.995500 0.083500
vt -1.974500 0.083900
vt -2.011600 0.082500
vt -2.029600 0.079800
vt -0.647500 1.882300
vt -0.649100 1.882000
vt -0.647600 1.895900
vt -0.646100 1.895900
vt -0.646700 1.903900
vt -0.645200 1.904000
vt -0.644000 1.913600
vt -0.645700 1.913300
vt -0.538600 1.974700
vt -0.540200 1.974500
vt -0.537600 1.995500
vt -0.536000 1.996000
vt -0.535500 2.011600
vt -0.534000 2.012200
vt -0.531600 2.030400
vt -0.533200 2.029600
vt 0.822700 0.111400
vt 0.822200 0.113800
vt 0.824100 0.114100
vt 0.824600 0.111600
vt 0.822800 0.108600
vt 0.824700 0.108800
vt 0.823800 0.089800
vt 0.825700 0.089700
vt 0.823500 0.082100
vt 0.825400 0.081600
vt -0.822700 1.826300
vt -0.823500 1.823800
vt -0.825400 1.825500
vt -0.824300 1.828000
vt -0.821300 1.829000
vt -0.822300 1.830800
vt -0.819700 1.830900
vt -0.820200 1.832700
vt -0.817600 1.832800
vt -0.817700 1.834600
vt -0.791800 1.849500
vt 0.817700 0.075900
vt 0.791800 0.077000
vt 0.791800 0.078900
vt 0.741600 0.081000
vt 0.685200 0.083200
vt 0.624500 0.085400
vt 0.624400 0.083500
vt 0.573800 0.087200
vt 0.573700 0.085300
vt 0.527800 0.089600
vt 0.527600 0.087700
vt 0.516800 0.091300
vt 0.516400 0.089500
vt 0.508100 0.093800
vt 0.507400 0.092000
vt 0.500500 0.097300
vt 0.499600 0.095600
vt 0.493800 0.101500
vt 0.492600 0.100000
vt 0.488600 0.105700
vt -0.492600 1.963100
vt -0.487300 1.960200
vt -0.488600 1.958400
vt -0.484000 1.954800
vt -0.482500 1.956600
vt -0.479100 1.949700
vt -0.477500 1.951500
vt -0.472800 1.941600
vt -0.471200 1.943400
vt -0.466600 1.933500
vt -0.465000 1.935300
vt -0.464400 1.928900
vt -0.462600 1.930700
vt 1.970800 0.079400
vt 2.001700 0.081500
vt 2.018500 0.078900
vt 1.986800 0.082300
vt 1.967400 0.082700
vt 1.855900 0.131300
vt 1.853600 0.133300
vt 1.864100 0.133700
vt 1.871500 0.133300
vt 1.880200 0.132100
vt 1.876400 0.136500
vt 1.894100 0.138500
vt 1.903500 0.137100
vt 1.886100 0.138900
vt 1.873800 0.138500
vt -1.970000 0.079200
vt -1.986300 0.082400
vt -1.966600 0.082600
vt -2.001100 0.081500
vt -2.017800 0.078800
vt -0.565000 1.967400
vt -0.566600 1.966600
vt -0.564200 1.986300
vt -0.562600 1.986800
vt -0.562300 2.001100
vt -0.560800 2.001700
vt -0.558500 2.018500
vt -0.560200 2.017800
vt -1.875500 0.136000
vt -1.886100 0.138600
vt -1.873500 0.138300
vt -1.893900 0.138200
vt -1.903200 0.137000
vt 1.961800 0.078300
vt 1.991500 0.080500
vt 2.007700 0.077900
vt 1.977100 0.081300
vt 1.957900 0.081600
vt -1.960200 0.078100
vt -1.976600 0.081300
vt -1.957200 0.081500
vt -1.990900 0.080500
vt -2.006900 0.077900
vt -0.591800 1.957900
vt -0.593500 1.957200
vt -0.591000 1.976600
vt -0.589400 1.977100
vt -0.589100 1.990900
vt -0.587600 1.991500
vt -0.585300 2.007700
vt -0.587000 2.006900
vt -0.756100 1.880500
vt -0.757900 1.879500
vt -0.756300 1.892200
vt -0.754800 1.893100
vt -0.755300 1.900900
vt -0.753800 1.901800
vt -0.752600 1.911700
vt -0.754100 1.910700
vt 1.951400 0.077400
vt 1.979400 0.079500
vt 1.994600 0.076800
vt 1.965900 0.080300
vt 1.947600 0.080700
vt 1.866200 0.134000
vt 1.883200 0.136100
vt 1.892500 0.134700
vt 1.875400 0.136400
vt 1.863800 0.136100
vt -1.865000 0.133500
vt -1.875400 0.136200
vt -1.863200 0.135900
vt -1.883100 0.135800
vt -1.892200 0.134500
vt -1.949900 0.077200
vt -1.965600 0.080400
vt -1.947000 0.080700
vt -1.979000 0.079500
vt -1.994000 0.076800
vt -0.618600 1.947600
vt -0.620400 1.947000
vt -0.618000 1.965600
vt -0.616400 1.965900
vt -0.616300 1.979000
vt -0.614800 1.979400
vt -0.612700 1.994600
vt -0.614300 1.994000
vt -0.702200 1.863800
vt -0.703800 1.863200
vt -0.702300 1.875400
vt -0.700900 1.875400
vt -0.701400 1.883100
vt -0.700000 1.883200
vt -0.698700 1.892500
vt -0.700400 1.892200
vt 1.939600 0.076600
vt 1.966300 0.078700
vt 1.980600 0.076100
vt 1.953500 0.079600
vt 1.935600 0.080000
vt -0.821100 -1.792400
vt -0.814600 -1.794900
vt -0.790800 -1.803900
vt -0.736300 -1.823300
vt -0.678700 -1.843000
vt -0.620900 -1.860600
vt -0.568200 -1.874800
vt -0.514900 -1.887300
vt -0.480200 -1.898000
vt -1.898000 0.142700
vt -1.899300 0.141500
vt -0.478800 -1.899300
vt -0.462100 -1.928500
vt -1.928500 0.141500
vt -1.930700 0.139100
vt -1.942500 0.139100
vt -1.935300 0.134300
vt -1.947100 0.134300
vt -1.943400 0.124600
vt -1.954900 0.124600
vt -1.951500 0.115400
vt -1.962500 0.115400
vt -1.956600 0.109100
vt -1.967500 0.109100
vt -1.960200 0.104300
vt -1.971000 0.104300
vt -0.487000 1.971000
vt -0.492400 1.973700
vt -0.499600 1.965500
vt -0.507400 1.966500
vt -0.516400 1.966300
vt -0.527600 1.964900
vt -0.573700 1.951800
vt -0.624300 1.942800
vt -0.624400 1.933300
vt -0.685100 1.915900
vt -0.685100 1.907300
vt -0.741600 1.887000
vt -0.741600 1.879500
vt -0.791900 1.857800
vt -0.791800 1.851300
vt -0.817900 1.840800
vt -0.820400 1.838800
vt -0.822500 1.836800
vt -0.824500 1.834200
vt 1.831900 0.081600
vt 1.834200 0.079000
vt 1.828000 0.079000
vt 1.825500 0.081600
vt 1.826800 0.089700
vt 1.820200 0.089700
vt 1.816100 0.109400
vt 1.810900 0.108800
vt 1.814800 0.111600
vt 1.809600 0.111600
vt 1.813600 0.114100
vt 1.808700 0.114100
vt -0.824100 -1.808700
vt -0.823100 -1.792100
vt 1.793100 0.111600
vt 1.792100 0.114100
vt 1.806900 0.113800
vt 1.807900 0.111400
vt 1.795100 0.107200
vt 1.809200 0.108600
vt 1.802600 0.089700
vt 1.818500 0.089800
vt 1.806600 0.085200
vt 1.823800 0.082100
vt 1.808600 0.082500
vt 1.826300 0.080000
vt -0.821500 1.810700
vt -0.823500 1.808600
vt -0.819400 1.812300
vt -0.817000 1.813900
vt -0.791300 1.827900
vt -0.741400 1.852200
vt -0.741600 1.877700
vt -0.685300 1.876200
vt -0.685200 1.905500
vt -0.624900 1.898800
vt -0.624500 1.931500
vt -0.574400 1.914900
vt -0.573800 1.950000
vt -0.531000 1.926500
vt -0.527800 1.963100
vt -0.520300 1.927800
vt -0.516800 1.964400
vt -0.511800 1.928100
vt -0.508100 1.964700
vt -0.505000 1.927400
vt -0.500500 1.963700
vt -0.498600 1.925700
vt -0.493800 1.961300
vt -0.493700 1.923600
vt -1.920900 0.119600
vt -1.923600 0.114000
vt -1.958400 0.105700
vt -0.489600 1.920900
vt -0.483100 1.911100
vt -1.901300 0.139100
vt -1.911100 0.130300
vt -1.941600 0.125700
vt -0.479300 1.901300
vt -1.928900 0.139800
vt -1.926700 0.141900
vt -1.937600 0.076500
vt -1.953200 0.079600
vt -1.934900 0.079900
vt -1.965800 0.078700
vt -1.980000 0.076000
vt -0.645700 1.935600
vt -0.647500 1.934900
vt -0.645300 1.953200
vt -0.643800 1.953500
vt -0.643800 1.965800
vt -0.642300 1.966300
vt -0.640400 1.980600
vt -0.642000 1.980000
vt 1.927400 0.075700
vt 1.951900 0.077800
vt 1.965400 0.075100
vt 1.939900 0.078600
vt 1.923600 0.079000
vt -1.925600 0.075500
vt -1.939200 0.078700
vt -1.923100 0.079000
vt -1.951100 0.077800
vt -1.964500 0.075100
vt -0.672800 1.923600
vt -0.674600 1.923100
vt -0.672500 1.939200
vt -0.671000 1.939900
vt -0.671200 1.951100
vt -0.669700 1.951900
vt -0.668000 1.965400
vt -0.669600 1.964500
vt 1.913800 0.074600
vt 1.936400 0.076700
vt 1.948900 0.074000
vt 1.925300 0.077500
vt 1.910300 0.077900
vt -1.854300 0.130800
vt -1.864100 0.133400
vt -1.853000 0.133100
vt -1.871400 0.133000
vt -1.880000 0.131800
vt -0.730000 1.853600
vt -0.731600 1.853000
vt -0.730100 1.864100
vt -0.728600 1.864100
vt -0.729100 1.871400
vt -0.727600 1.871500
vt -0.726300 1.880200
vt -0.728000 1.880000
vt -1.912000 0.074400
vt -1.924700 0.077500
vt -1.909500 0.077900
vt -1.935700 0.076600
vt -1.948000 0.074000
vt -0.700700 1.910300
vt -0.702500 1.909500
vt -0.700500 1.924700
vt -0.699000 1.925300
vt -0.699100 1.935700
vt -0.697700 1.936400
vt -0.696000 1.948900
vt -0.697600 1.948000
vt 1.899100 0.073800
vt 1.919900 0.075700
vt 1.931100 0.072900
vt 1.910000 0.076600
vt 1.895600 0.077100
vt -1.867000 0.069400
vt -1.860800 0.071900
vt -1.847300 0.070600
vt -1.854000 0.073400
vt -1.844700 0.074200
vt 1.849100 0.070700
vt 1.845600 0.074300
vt 1.854600 0.073500
vt 1.861500 0.072000
vt 1.868300 0.069500
vt -1.882100 0.072400
vt -1.892200 0.075500
vt -1.879500 0.075900
vt -1.900900 0.074500
vt -1.910700 0.071700
vt -0.812500 1.845600
vt -0.814100 1.844700
vt -0.813100 1.854000
vt -0.811700 1.854600
vt -0.812200 1.860800
vt -0.810900 1.861500
vt -0.810000 1.868300
vt -0.811600 1.867000
vt -1.897500 0.073600
vt -1.909000 0.076700
vt -1.895200 0.077100
vt -1.918900 0.075700
vt -1.929900 0.072900
vt -1.889800 0.070500
vt -1.880700 0.073500
vt -1.865800 0.071600
vt -1.873300 0.074500
vt -1.862800 0.075200
vt 1.867600 0.071700
vt 1.863700 0.075300
vt 1.874500 0.074500
vt 1.881500 0.073600
vt 1.891400 0.070300
vt -0.728300 1.895600
vt -0.730100 1.895200
vt -0.728300 1.909000
vt -0.726800 1.910000
vt -0.727200 1.918900
vt -0.725700 1.919900
vt -0.724300 1.931100
vt -0.725800 1.929900
vt -0.784300 1.863700
vt -0.786000 1.862800
vt -0.784800 1.873300
vt -0.783100 1.874500
vt -0.783700 1.880700
vt -0.782300 1.881500
vt -0.781000 1.891400
vt -0.782700 1.889800
vt 1.931400 0.148400
vt 1.951900 0.150600
vt 1.962200 0.148900
vt 1.943100 0.151100
vt 1.928500 0.150800
vt -1.930500 0.147900
vt -1.943100 0.150800
vt -1.928200 0.150500
vt -1.951700 0.150300
vt -1.961900 0.148800
vt -0.460000 1.928500
vt -0.461600 1.928200
vt -0.460000 1.943100
vt -0.458500 1.943100
vt -0.458900 1.951700
vt -0.457400 1.951900
vt -0.456000 1.962200
vt -0.457800 1.961900
vt 1.927100 0.147400
vt 1.947600 0.149800
vt 1.957900 0.148100
vt 1.938800 0.150200
vt 1.924200 0.149700
vt -1.926300 0.146900
vt -1.938800 0.149900
vt -1.923900 0.149500
vt -1.947500 0.149500
vt -1.957600 0.148000
vt -0.486500 1.924200
vt -0.488100 1.923900
vt -0.486500 1.938800
vt -0.485000 1.938800
vt -0.485500 1.947500
vt -0.483900 1.947600
vt -0.482600 1.957900
vt -0.484300 1.957600
vt 1.922200 0.146200
vt 1.942700 0.148700
vt 1.953000 0.147100
vt 1.934000 0.149000
vt 1.919300 0.148600
vt -1.921400 0.145800
vt -1.933900 0.148800
vt -1.919000 0.148400
vt -1.942600 0.148400
vt -1.952700 0.147000
vt -0.513400 1.919300
vt -0.515000 1.919000
vt -0.513400 1.933900
vt -0.511900 1.934000
vt -0.512400 1.942600
vt -0.510800 1.942700
vt -0.509400 1.953000
vt -0.511200 1.952700
vt -0.821500 0.117200
vt -0.822000 0.120100
vt -0.786300 0.125500
vt -0.785800 0.122500
vt -0.734900 0.131400
vt -0.734600 0.128400
vt -0.676900 0.136800
vt -0.676700 0.133800
vt -0.618800 0.141200
vt -0.618600 0.138200
vt -0.565800 0.144700
vt -0.565600 0.141700
vt -0.512200 0.147200
vt -0.512100 0.144200
vt -0.458000 0.148900
vt -0.458000 0.145900
vt -0.447100 0.145900
vt -0.446300 0.148900
vt -0.440700 0.145400
vt -0.439100 0.148100
vt 0.436900 1.979900
vt 0.440700 1.976600
vt 0.436300 1.984000
vt 0.433000 1.984000
vt 0.437400 1.989600
vt 0.434500 1.990500
vt 0.443600 2.004300
vt 0.441100 2.005300
vt 0.449600 2.020700
vt -0.449600 0.111700
vt -0.451800 0.113500
vt -0.443600 0.126600
vt -0.455900 0.102800
vt -0.458000 0.105000
vt -0.465400 0.097500
vt -0.463300 0.095400
vt -0.473100 0.091600
vt -0.471500 0.089300
vt -0.482500 0.086900
vt -0.481400 0.084200
vt -0.827600 0.118500
vt -0.826700 0.115900
vt -0.831300 0.115400
vt -0.829600 0.113800
vt -0.833200 0.110700
vt -0.831100 0.109900
vt -0.833900 0.105300
vt -0.831700 0.105100
vt -0.834600 0.091600
vt -0.832600 0.091700
vt -0.834600 0.077800
vt -0.832400 0.078200
vt -0.833700 0.072600
vt -0.831700 0.073800
vt -0.831200 0.068700
vt -0.829800 0.070800
vt -0.827300 0.066600
vt -0.826300 0.069200
vt -0.822400 0.065900
vt -0.822000 0.068800
vt -0.791100 0.070100
vt -0.790200 0.067100
vt -0.740400 0.069200
vt -0.740700 0.072200
vt -0.683900 0.071400
vt -0.683800 0.074400
vt -0.623800 0.073500
vt -0.623600 0.076600
vt -0.573000 0.078200
vt -0.573800 0.075200
vt -0.525300 0.076800
vt -0.524600 0.079900
vt -0.508200 0.078100
vt -0.507900 0.081300
vt -0.494500 0.080400
vt -0.494600 0.083400
vt 0.786300 0.125500
vt 0.822000 0.120100
vt 0.821500 0.117200
vt 0.785800 0.122500
vt 0.734900 0.131400
vt 0.734600 0.128400
vt 0.676900 0.136800
vt 0.676700 0.133800
vt 0.618800 0.141200
vt 0.618600 0.138200
vt 0.565800 0.144700
vt 0.565600 0.141700
vt 0.512200 0.147200
vt 0.512100 0.144200
vt 0.458000 0.148900
vt 0.458000 0.145900
vt 0.447100 0.145900
vt 0.446300 0.148900
vt 0.440700 0.145400
vt 0.439100 0.148100
vt -0.440700 1.976600
vt -0.436900 1.979900
vt -0.436300 1.984000
vt -0.433000 1.984000
vt -0.437400 1.989600
vt -0.434500 1.990500
vt -0.443600 2.004300
vt -0.441100 2.005300
vt -0.449600 2.020700
vt 0.443600 0.126600
vt 0.451800 0.113500
vt 0.449600 0.111700
vt 0.455900 0.102800
vt 0.458000 0.105000
vt 0.465400 0.097500
vt 0.463300 0.095400
vt 0.473100 0.091600
vt 0.471500 0.089300
vt 0.482500 0.086900
vt 0.481400 0.084200
vt 0.827600 0.118500
vt 0.826700 0.115900
vt 0.831300 0.115400
vt 0.829600 0.113800
vt 0.833200 0.110700
vt 0.831100 0.109900
vt 0.833900 0.105300
vt 0.831700 0.105100
vt 0.834600 0.091600
vt 0.832600 0.091700
vt 0.834600 0.077800
vt 0.832400 0.078200
vt 0.833700 0.072600
vt 0.831700 0.073800
vt 0.831200 0.068700
vt 0.829800 0.070800
vt 0.827300 0.066600
vt 0.826300 0.069200
vt 0.822400 0.065900
vt 0.822000 0.068800
vt 0.791100 0.070100
vt 0.790200 0.067100
vt 0.740400 0.069200
vt 0.740700 0.072200
vt 0.683900 0.071400
vt 0.683800 0.074400
vt 0.623800 0.073500
vt 0.623600 0.076600
vt 0.573000 0.078200
vt 0.573800 0.075200
vt 0.525300 0.076800
vt 0.524600 0.079900
vt 0.508200 0.078100
vt 0.507900 0.081300
vt 0.494500 0.080400
vt 0.494600 0.083400
s 1
f 1/1/1 3/2/1 2/3/1
f 4/4/2 6/5/2 5/6/2
f 7/7/3 9/8/4 8/9/5
f 10/8/4 12/10/6 11/9/7
f 13/8/8 15/11/9 14/10/6
f 16/12/10 18/13/11 17/14/12
f 19/13/11 21/15/13 20/14/12
f 22/13/11 24/16/14 23/15/13
f 25/17/15 27/18/16 26/19/17
f 28/18/18 30/20/19 29/19/20
f 31/18/18 33/21/21 32/20/19
f 34/22/22 36/23/23 35/24/24
f 37/23/23 39/25/25 38/24/24
f 40/23/23 42/26/26 41/25/25
f 43/27/27 45/28/28 44/29/29
f 46/28/28 48/30/30 47/29/29
f 49/28/28 51/31/31 50/30/30
f 52/32/32 54/33/33 53/34/34
f 55/33/33 57/32/35 56/35/36
f 58/35/36 60/36/37 59/33/33
f 61/36/38 63/35/36 62/37/39
f 64/37/40 66/38/41 65/36/42
f 67/38/43 69/37/40 68/39/44
f 70/39/45 72/40/46 71/38/41
f 73/40/46 75/39/44 74/41/47
f 76/41/47 78/42/48 77/40/46
f 79/42/48 81/41/47 80/43/49
f 82/43/50 84/44/51 83/42/48
f 85/44/51 87/43/50 86/45/52
f 88/45/52 90/46/53 89/44/51
f 91/46/53 93/45/54 92/47/55
f 94/47/55 96/48/56 95/46/57
f 97/49/58 99/50/59 98/51/60
f 100/50/61 102/52/62 101/51/63
f 103/50/61 105/53/64 104/52/62
f 106/54/65 108/55/66 107/56/67
f 109/55/66 111/57/68 110/56/67
f 112/55/66 114/58/69 113/57/68
f 115/59/70 117/60/71 116/61/72
f 118/60/71 120/62/73 119/61/72
f 121/60/74 123/63/75 122/62/76
f 124/64/77 126/65/78 125/66/79
f 127/65/78 129/67/80 128/66/79
f 130/65/78 132/68/81 131/67/80
f 133/69/82 135/70/83 134/71/84
f 136/70/83 138/72/85 137/71/84
f 139/70/83 141/73/86 140/72/87
f 142/74/88 144/75/89 143/76/90
f 145/75/91 147/77/92 146/76/93
f 148/75/91 150/78/94 149/77/92
f 151/79/95 153/80/96 152/81/97
f 154/80/96 156/82/98 155/81/99
f 157/80/96 159/83/100 158/82/98
f 160/84/101 162/85/102 161/86/103
f 163/85/104 165/87/105 164/86/103
f 166/85/104 168/88/106 167/87/107
f 169/89/108 171/90/109 170/91/110
f 172/92/109 174/93/111 173/94/110
f 175/92/109 177/95/112 176/93/111
f 178/96/113 180/97/114 179/98/115
f 181/97/114 183/99/116 182/98/117
f 184/97/114 186/100/118 185/99/116
f 187/101/119 189/102/120 188/103/121
f 190/102/122 192/104/123 191/103/124
f 193/102/122 195/105/125 194/104/126
f 196/106/127 198/107/128 197/108/129
f 199/107/128 201/109/130 200/108/131
f 202/107/128 204/110/125 203/109/132
f 205/111/133 207/112/134 206/113/135
f 208/112/136 210/114/137 209/113/138
f 211/112/136 213/115/139 212/114/137
f 214/116/140 216/117/141 215/118/142
f 217/117/141 219/119/143 218/118/142
f 220/117/141 222/120/144 221/119/145
f 223/121/146 225/122/147 224/123/148
f 226/122/147 228/124/149 227/123/150
f 229/122/147 231/125/151 230/124/152
f 232/126/153 234/127/154 233/128/155
f 235/127/154 237/129/156 236/128/157
f 238/127/158 240/130/159 239/129/156
f 241/131/160 243/132/161 242/133/162
f 244/132/161 246/134/163 245/133/162
f 247/132/161 249/135/164 248/134/163
f 250/136/165 252/137/166 251/138/167
f 253/137/166 255/139/168 254/138/167
f 256/137/166 258/140/169 257/139/168
f 259/141/170 261/142/171 260/143/172
f 262/142/173 264/144/168 263/143/172
f 265/142/173 267/145/174 266/144/168
f 268/146/175 270/147/176 269/148/177
f 271/147/176 273/149/178 272/148/179
f 274/147/180 276/150/181 275/149/182
f 277/151/183 279/152/184 278/153/185
f 280/152/184 282/154/186 281/153/185
f 283/152/184 285/155/187 284/154/186
f 286/156/188 288/157/189 287/158/190
f 289/157/191 291/159/192 290/158/190
f 292/157/191 294/160/193 293/159/192
f 295/161/194 297/162/195 296/163/196
f 298/162/195 300/164/197 299/163/196
f 301/162/195 303/165/198 302/164/197
f 304/166/199 306/167/200 305/168/201
f 307/167/200 309/169/202 308/168/201
f 310/167/203 312/170/204 311/169/202
f 313/171/205 315/172/206 314/173/207
f 316/173/207 318/174/208 317/171/205
f 319/174/209 321/173/210 320/175/211
f 322/175/211 324/176/212 323/174/209
f 325/176/212 327/175/211 326/177/213
f 328/177/213 330/178/214 329/176/212
f 331/178/214 333/177/215 332/179/216
f 334/179/216 336/180/217 335/178/214
f 337/181/218 339/182/216 338/183/219
f 340/183/219 342/184/220 341/181/221
f 343/184/222 345/183/223 344/185/224
f 346/185/225 348/186/226 347/184/222
f 349/186/227 351/185/225 350/187/228
f 352/187/229 354/188/230 353/186/231
f 355/188/232 357/187/233 356/189/234
f 358/189/234 360/190/235 359/188/232
f 361/190/235 363/189/234 362/191/236
f 364/192/236 366/193/237 365/194/238
f 367/193/239 369/192/236 368/195/240
f 370/195/240 372/196/241 371/193/242
f 373/196/241 375/195/240 374/197/243
f 376/197/244 378/198/245 377/196/241
f 379/198/245 381/197/243 380/199/246
f 382/199/247 384/200/248 383/198/245
f 385/200/248 387/199/247 386/201/249
f 388/201/249 390/202/250 389/200/248
f 391/202/250 393/201/251 392/203/252
f 394/203/252 396/204/253 395/202/250
f 397/204/253 399/203/252 398/205/254
f 400/205/254 402/206/255 401/204/253
f 403/206/255 405/205/256 404/207/257
f 406/207/258 408/208/259 407/206/255
f 409/208/259 411/207/257 410/209/260
f 412/209/260 414/210/261 413/208/259
f 415/210/261 417/209/260 416/211/262
f 418/211/262 420/212/263 419/210/261
f 421/212/263 423/211/262 422/213/264
f 424/214/265 426/215/266 425/216/263
f 427/215/266 429/214/264 428/217/267
f 430/217/268 432/218/269 431/215/266
f 433/218/270 435/217/268 434/219/271
f 436/219/271 438/220/272 437/218/270
f 439/220/273 441/219/271 440/221/274
f 442/221/275 444/222/276 443/220/277
f 445/222/276 447/221/275 446/223/278
f 448/223/279 450/224/280 449/222/276
f 451/224/281 453/223/278 452/225/282
f 454/225/283 456/226/284 455/224/280
f 457/226/284 459/225/283 458/6/285
f 460/6/286 462/5/287 461/226/284
f 463/227/288 465/228/289 464/229/290
f 466/227/288 468/230/291 467/228/292
f 469/227/293 471/231/294 470/230/295
f 472/232/296 474/233/297 473/234/298
f 475/234/299 477/235/300 476/232/301
f 478/235/300 480/234/299 479/236/302
f 481/236/302 483/237/303 482/235/300
f 484/237/304 486/236/302 485/238/305
f 487/238/305 489/239/306 488/237/303
f 490/239/306 492/238/305 491/240/307
f 493/240/307 495/241/308 494/239/306
f 496/241/308 498/240/307 497/242/309
f 499/242/310 501/243/311 500/241/308
f 502/243/311 504/242/310 503/244/312
f 505/244/312 507/245/313 506/243/311
f 508/245/313 510/244/314 509/246/315
f 511/246/315 513/247/316 512/245/317
f 514/248/318 516/249/319 515/250/320
f 517/251/321 519/252/322 518/246/323
f 520/246/315 522/253/324 521/251/321
f 523/254/325 525/251/321 524/253/326
f 526/255/327 528/256/328 527/257/328
f 529/254/325 531/258/329 530/259/329
f 532/260/330 534/255/331 533/261/332
f 535/261/333 537/262/334 536/260/335
f 538/263/336 540/260/330 539/262/337
f 541/262/338 543/264/339 542/263/340
f 544/265/341 546/263/340 545/264/339
f 547/264/339 549/266/342 548/265/341
f 550/267/343 552/265/341 551/266/342
f 553/266/342 555/268/344 554/267/343
f 556/269/345 558/270/346 557/271/344
f 559/271/344 561/272/347 560/269/345
f 562/273/348 564/269/349 563/272/347
f 565/272/347 567/274/350 566/273/351
f 568/275/352 570/273/351 569/274/350
f 571/274/350 573/276/353 572/275/352
f 574/277/354 576/275/352 575/276/353
f 577/276/353 579/278/355 578/277/356
f 580/277/354 582/278/357 581/279/358
f 583/279/358 585/280/359 584/277/354
f 586/280/360 588/279/358 587/281/361
f 589/281/362 591/282/363 590/280/359
f 592/282/363 594/281/364 593/283/365
f 595/283/365 597/284/366 596/282/363
f 598/284/366 600/283/365 599/285/367
f 601/285/367 603/286/368 602/284/366
f 604/286/368 606/285/367 605/287/369
f 607/287/370 609/288/371 608/286/372
f 610/288/371 612/287/370 611/289/373
f 613/289/373 615/290/374 614/288/371
f 616/290/375 618/289/373 617/291/376
f 619/291/377 621/292/378 620/290/375
f 622/292/379 624/291/377 623/293/380
f 625/293/380 627/294/381 626/292/378
f 628/294/382 630/293/380 629/295/383
f 631/295/384 633/296/385 632/294/381
f 634/296/385 636/295/383 635/297/386
f 637/297/386 639/298/387 638/296/385
f 640/298/388 642/297/389 641/299/390
f 643/299/390 645/300/391 644/298/388
f 646/301/392 648/302/393 647/303/394
f 649/304/395 651/305/396 650/300/397
f 652/306/398 654/303/399 653/307/400
f 655/307/400 657/308/401 656/306/398
f 658/308/402 660/307/403 659/309/404
f 661/309/404 663/310/405 662/308/402
f 664/310/405 666/309/404 665/311/406
f 667/311/407 669/312/408 668/310/405
f 670/313/409 672/312/410 671/311/411
f 673/312/410 675/313/409 674/314/412
f 676/314/412 678/315/413 677/312/410
f 679/316/414 681/317/415 680/318/416
f 682/318/416 684/319/417 683/316/418
f 685/232/419 687/319/420 686/318/421
f 688/318/416 690/233/297 689/232/422
f 691/320/423 693/321/424 692/322/425
f 694/322/425 696/321/424 695/323/426
f 697/323/426 699/324/427 698/322/425
f 700/324/428 702/323/426 701/325/429
f 703/325/429 705/326/430 704/324/428
f 706/326/430 708/325/429 707/327/431
f 709/327/432 711/328/433 710/326/430
f 712/328/434 714/327/432 713/329/435
f 715/329/435 717/330/436 716/328/437
f 718/330/436 720/329/435 719/331/438
f 721/331/438 723/332/439 722/330/436
f 724/332/439 726/331/438 725/333/440
f 727/334/441 729/335/442 728/336/439
f 730/335/443 732/334/444 731/337/445
f 733/337/446 735/338/447 734/335/442
f 736/338/448 738/337/446 737/339/449
f 739/339/450 741/340/451 740/338/447
f 742/340/451 744/339/450 743/341/452
f 745/341/452 747/342/453 746/340/451
f 748/342/453 750/341/452 749/343/454
f 751/343/454 753/344/455 752/342/456
f 754/344/457 756/343/454 755/345/458
f 757/346/459 759/347/460 758/348/455
f 760/347/460 762/346/461 761/349/462
f 763/349/462 765/350/463 764/347/460
f 766/350/463 768/349/462 767/351/464
f 769/351/464 771/352/465 770/350/463
f 772/352/466 774/351/464 773/48/56
f 775/48/56 777/47/55 776/352/466
f 778/353/467 780/354/468 779/355/469
f 781/355/469 783/356/470 782/353/471
f 784/356/470 786/355/469 785/357/472
f 787/357/472 789/358/473 788/356/470
f 790/359/474 792/360/475 791/361/476
f 793/361/477 795/362/478 794/359/479
f 796/363/480 798/359/481 797/362/478
f 799/362/482 801/364/483 800/363/484
f 802/365/485 804/363/480 803/364/483
f 805/364/483 807/366/486 806/365/485
f 808/367/487 810/365/485 809/366/486
f 811/366/486 813/368/488 812/367/487
f 814/369/489 816/367/490 815/368/491
f 817/368/491 819/370/492 818/369/493
f 820/371/494 822/369/493 821/370/495
f 823/372/496 825/373/497 824/374/498
f 826/375/499 828/374/498 827/373/497
f 829/375/499 831/373/500 830/376/501
f 832/377/502 834/378/503 833/379/504
f 835/379/504 837/380/505 836/377/506
f 838/381/507 840/375/508 839/376/502
f 841/380/505 843/379/509 842/382/510
f 844/375/511 846/381/512 845/383/513
f 847/383/513 849/384/514 848/375/515
f 850/382/510 852/385/516 851/380/505
f 853/384/517 855/383/518 854/386/519
f 856/386/520 858/387/521 857/384/517
f 859/385/522 861/382/510 860/388/523
f 862/387/521 864/386/519 863/389/524
f 865/389/524 867/390/525 866/387/521
f 868/388/523 870/391/526 869/385/522
f 871/391/526 873/388/523 872/392/527
f 874/392/527 876/393/528 875/391/526
f 877/390/525 879/389/524 878/394/529
f 880/394/530 882/395/531 881/390/525
f 883/393/528 885/392/527 884/396/532
f 886/396/532 888/397/533 887/393/528
f 889/397/533 891/396/532 890/398/534
f 892/398/534 894/399/535 893/397/533
f 895/400/536 897/401/537 896/402/538
f 898/402/539 900/403/540 899/400/536
f 901/403/541 903/402/538 902/404/542
f 904/404/542 906/405/543 905/403/540
f 907/395/531 909/394/529 908/406/544
f 910/406/544 912/407/545 911/395/546
f 913/407/545 915/406/544 914/408/547
f 916/408/547 918/409/548 917/407/549
f 919/409/550 921/408/551 920/410/552
f 922/410/552 924/411/553 923/409/550
f 925/411/553 927/410/552 926/412/554
f 928/412/554 930/413/555 929/411/553
f 931/413/556 933/412/557 932/414/558
f 934/414/558 936/415/559 935/413/556
f 937/415/559 939/414/558 938/416/560
f 940/416/560 942/417/561 941/415/559
f 943/417/562 945/416/563 944/418/564
f 946/418/564 948/419/565 947/417/561
f 949/419/566 951/418/564 950/420/567
f 952/420/567 954/421/568 953/419/566
f 955/422/569 957/421/568 956/420/570
f 958/423/569 960/424/571 959/425/568
f 961/424/571 963/423/569 962/426/572
f 964/424/571 966/427/573 965/425/568
f 967/426/574 969/428/575 968/424/576
f 970/428/575 972/426/574 971/429/577
f 973/429/578 975/430/579 974/428/575
f 976/427/580 978/424/571 977/431/581
f 979/431/581 981/432/582 980/427/580
f 982/430/579 984/429/577 983/433/583
f 985/433/583 987/434/584 986/430/585
f 988/432/582 990/431/586 989/435/587
f 991/435/587 993/436/588 992/432/582
f 994/436/589 996/435/590 995/437/591
f 997/437/591 999/438/592 998/436/589
f 1000/438/593 1002/437/591 1001/439/594
f 1003/439/595 1005/440/596 1004/438/597
f 1006/440/598 1008/439/599 1007/441/600
f 1009/441/600 1011/442/601 1010/440/600
f 1012/443/602 1014/444/603 1013/336/604
f 1015/336/604 1017/445/605 1016/443/606
f 1018/445/605 1020/336/607 1019/335/608
f 1021/335/608 1023/446/609 1022/445/610
f 1024/446/609 1026/335/608 1025/338/611
f 1027/338/611 1029/447/612 1028/446/609
f 1030/447/613 1032/338/611 1031/340/614
f 1033/340/614 1035/448/615 1034/447/616
f 1036/448/615 1038/340/614 1037/342/617
f 1039/342/618 1041/449/619 1040/448/615
f 1042/449/620 1044/342/617 1043/344/621
f 1045/344/621 1047/450/622 1046/449/619
f 1048/450/622 1050/344/623 1049/451/624
f 1051/451/624 1053/452/625 1052/450/622
f 1054/452/626 1056/451/624 1055/453/627
f 1057/453/627 1059/454/628 1058/452/625
f 1060/454/628 1062/453/629 1061/455/630
f 1063/455/630 1065/456/631 1064/454/628
f 1066/456/632 1068/455/630 1067/354/468
f 1069/354/468 1071/353/467 1070/456/631
f 1072/434/633 1074/433/634 1073/457/635
f 1075/457/635 1077/458/636 1076/434/633
f 1078/458/637 1080/457/638 1079/459/637
f 1081/459/637 1083/460/639 1082/458/637
f 1084/461/640 1086/462/641 1085/463/642
f 1087/463/642 1089/464/643 1088/461/644
f 1090/464/645 1092/463/642 1091/465/646
f 1093/465/646 1095/334/647 1094/464/645
f 1096/334/647 1098/465/646 1097/466/648
f 1099/466/648 1101/337/649 1100/334/647
f 1102/337/650 1104/466/648 1103/467/651
f 1105/467/651 1107/339/652 1106/337/649
f 1108/339/652 1110/467/651 1109/468/653
f 1111/468/653 1113/341/654 1112/339/655
f 1114/341/654 1116/468/653 1115/469/656
f 1117/469/656 1119/343/657 1118/341/654
f 1120/343/657 1122/469/656 1121/470/658
f 1123/470/658 1125/345/659 1124/343/660
f 1126/345/661 1128/470/658 1127/471/662
f 1129/471/662 1131/472/663 1130/345/659
f 1132/472/663 1134/471/664 1133/473/665
f 1135/473/665 1137/474/666 1136/472/663
f 1138/474/667 1140/473/668 1139/405/543
f 1141/405/543 1143/404/542 1142/474/667
f 1144/475/669 1146/476/670 1145/477/671
f 1147/475/669 1149/477/672 1148/478/673
f 1150/475/669 1152/478/674 1151/479/675
f 1153/93/676 1155/95/677 1154/480/678
f 1156/480/679 1158/481/680 1157/93/676
f 1159/94/681 1161/93/676 1160/481/680
f 1162/478/682 1164/477/683 1163/482/684
f 1165/482/684 1167/477/685 1166/476/686
f 1168/476/686 1170/483/687 1169/482/684
f 1171/484/688 1173/485/689 1172/486/690
f 1174/484/688 1176/486/691 1175/487/692
f 1177/484/688 1179/487/692 1178/488/693
f 1180/124/694 1182/125/695 1181/489/696
f 1183/488/696 1185/487/697 1184/490/694
f 1186/491/698 1188/490/699 1187/487/700
f 1189/487/697 1191/486/701 1190/491/698
f 1192/491/702 1194/486/701 1193/485/703
f 1195/485/703 1197/492/704 1196/491/702
f 1198/493/705 1200/494/706 1199/495/707
f 1201/493/705 1203/495/707 1202/496/708
f 1204/497/709 1206/498/708 1205/499/710
f 1207/500/711 1209/501/712 1208/499/713
f 1210/499/714 1212/498/715 1211/500/716
f 1213/502/717 1215/500/716 1214/498/715
f 1216/498/715 1218/503/718 1217/502/717
f 1219/502/717 1221/503/718 1220/504/719
f 1222/504/720 1224/505/721 1223/502/717
f 1225/506/722 1227/507/723 1226/508/724
f 1228/506/722 1230/508/725 1229/509/726
f 1231/506/722 1233/509/726 1232/510/727
f 1234/511/728 1236/512/729 1235/513/730
f 1237/513/730 1239/514/731 1238/511/732
f 1240/515/733 1242/511/732 1241/514/731
f 1243/514/731 1245/516/734 1244/515/733
f 1246/515/733 1248/516/735 1247/517/736
f 1249/517/737 1251/518/738 1250/515/733
f 1252/519/739 1254/520/740 1253/521/741
f 1255/519/742 1257/521/741 1256/522/743
f 1258/519/742 1260/522/743 1259/523/744
f 1261/524/745 1263/525/746 1262/526/747
f 1264/526/748 1266/527/749 1265/524/745
f 1267/528/750 1269/524/745 1268/527/751
f 1270/527/751 1272/529/752 1271/528/750
f 1273/528/750 1275/529/752 1274/530/753
f 1276/530/753 1278/531/754 1277/528/750
f 1279/532/755 1281/533/756 1280/534/757
f 1282/532/755 1284/534/758 1283/535/759
f 1285/532/755 1287/535/760 1286/536/761
f 1288/537/762 1290/538/763 1289/539/764
f 1291/539/764 1293/540/765 1292/537/766
f 1294/541/767 1296/537/766 1295/540/768
f 1297/540/768 1299/542/769 1298/541/770
f 1300/541/770 1302/542/771 1301/543/772
f 1303/543/772 1305/544/773 1304/541/770
f 1306/545/774 1308/546/775 1307/547/776
f 1309/545/774 1311/547/776 1310/548/777
f 1312/545/774 1314/548/777 1313/549/778
f 1315/550/779 1317/551/780 1316/552/781
f 1318/552/781 1320/553/782 1319/550/779
f 1321/554/783 1323/550/779 1322/553/782
f 1324/553/782 1326/555/784 1325/554/783
f 1327/554/785 1329/555/786 1328/556/787
f 1330/556/787 1332/557/788 1331/554/785
f 1333/558/789 1335/559/790 1334/560/791
f 1336/558/789 1338/560/791 1337/561/792
f 1339/558/789 1341/561/792 1340/562/793
f 1342/563/794 1344/564/795 1343/565/796
f 1345/565/796 1347/566/797 1346/563/794
f 1348/567/798 1350/563/794 1349/566/797
f 1351/566/797 1353/568/799 1352/567/798
f 1354/567/800 1356/568/801 1355/569/802
f 1357/569/802 1359/570/803 1358/567/798
f 1360/571/804 1362/572/805 1361/573/806
f 1363/571/804 1365/573/806 1364/574/807
f 1366/571/804 1368/574/807 1367/575/808
f 1369/576/809 1371/577/810 1370/578/811
f 1372/578/811 1374/579/812 1373/576/809
f 1375/580/813 1377/576/809 1376/579/814
f 1378/579/814 1380/581/815 1379/580/813
f 1381/580/816 1383/581/815 1382/582/817
f 1384/582/817 1386/583/818 1385/580/816
f 1387/584/819 1389/585/820 1388/586/821
f 1390/584/819 1392/587/822 1391/585/820
f 1393/584/819 1395/588/823 1394/587/822
f 1396/589/824 1398/590/825 1397/591/826
f 1399/591/826 1401/592/827 1400/589/824
f 1402/593/828 1404/589/829 1403/592/830
f 1405/592/830 1407/594/831 1406/593/828
f 1408/593/828 1410/594/831 1409/595/832
f 1411/595/832 1413/596/833 1412/593/828
f 1414/597/834 1416/598/835 1415/599/836
f 1417/597/837 1419/599/838 1418/600/839
f 1420/597/840 1422/600/839 1421/601/841
f 1423/602/842 1425/603/843 1424/604/844
f 1426/604/844 1428/605/845 1427/602/842
f 1429/606/846 1431/602/842 1430/605/845
f 1432/605/845 1434/607/847 1433/606/846
f 1435/606/846 1437/607/848 1436/608/849
f 1438/608/849 1440/609/850 1439/606/846
f 1441/610/851 1443/611/852 1442/612/853
f 1444/610/851 1446/613/854 1445/611/852
f 1447/610/851 1449/614/855 1448/613/854
f 1450/615/856 1452/616/857 1451/617/858
f 1453/615/856 1455/618/859 1454/616/857
f 1456/615/856 1458/619/860 1457/618/861
f 1459/620/862 1461/621/863 1460/622/864
f 1462/620/862 1464/622/864 1463/623/865
f 1465/620/862 1467/623/865 1466/624/866
f 1468/625/867 1470/626/868 1469/627/869
f 1471/627/870 1473/628/871 1472/625/867
f 1474/629/872 1476/625/867 1475/628/871
f 1477/628/871 1479/630/873 1478/629/872
f 1480/629/872 1482/630/874 1481/631/875
f 1483/631/875 1485/632/876 1484/629/872
f 1486/633/877 1488/634/878 1487/635/879
f 1489/635/880 1491/636/881 1490/633/882
f 1492/637/883 1494/633/877 1493/636/881
f 1495/636/881 1497/638/884 1496/637/885
f 1498/637/885 1500/638/886 1499/639/887
f 1501/639/887 1503/640/888 1502/637/885
f 1504/641/889 1506/642/890 1505/643/891
f 1507/643/891 1509/644/892 1508/641/889
f 1510/645/893 1512/641/894 1511/644/892
f 1513/644/892 1515/646/895 1514/645/893
f 1516/645/893 1518/646/895 1517/647/896
f 1519/647/897 1521/648/898 1520/645/893
f 1522/649/899 1524/650/900 1523/651/901
f 1525/649/899 1527/652/902 1526/650/900
f 1528/649/899 1530/653/903 1529/652/902
f 1531/654/904 1533/655/905 1532/656/906
f 1534/654/904 1536/656/906 1535/657/907
f 1537/654/904 1539/657/907 1538/658/908
f 1540/659/909 1542/660/890 1541/661/910
f 1543/661/911 1545/662/912 1544/659/909
f 1546/663/913 1548/659/914 1547/662/912
f 1549/662/915 1551/664/916 1550/663/913
f 1552/663/913 1554/664/916 1553/665/917
f 1555/665/918 1557/666/919 1556/663/913
f 1558/232/301 1560/667/920 1559/668/921
f 1561/669/922 1563/667/923 1562/232/301
f 1564/232/924 1566/235/300 1565/669/925
f 1567/669/925 1569/235/300 1568/237/303
f 1570/237/303 1572/670/926 1571/669/925
f 1573/670/926 1575/237/303 1574/239/306
f 1576/239/306 1578/671/927 1577/670/926
f 1579/671/927 1581/239/306 1580/241/308
f 1582/241/308 1584/672/928 1583/671/927
f 1585/672/928 1587/241/308 1586/243/929
f 1588/243/929 1590/673/930 1589/672/928
f 1591/673/931 1593/243/929 1592/245/313
f 1594/245/932 1596/674/933 1595/673/930
f 1597/675/934 1599/674/935 1598/245/932
f 1600/245/313 1602/247/936 1601/675/937
f 1603/676/938 1605/677/938 1604/249/939
f 1606/247/940 1608/678/941 1607/679/942
f 1609/247/943 1611/252/318 1610/678/944
f 1612/680/945 1614/681/946 1613/248/947
f 1615/248/948 1617/682/949 1616/680/945
f 1618/683/950 1620/680/951 1619/682/952
f 1621/682/952 1623/684/953 1622/683/950
f 1624/685/954 1626/683/955 1625/684/956
f 1627/684/956 1629/686/957 1628/685/954
f 1630/687/958 1632/685/954 1631/686/959
f 1633/686/959 1635/688/960 1634/687/961
f 1636/689/962 1638/687/958 1637/688/960
f 1639/688/960 1641/690/963 1640/689/962
f 1642/215/964 1644/218/965 1643/691/963
f 1645/690/963 1647/692/966 1646/693/964
f 1648/216/967 1650/215/964 1649/694/968
f 1651/694/968 1653/695/969 1652/216/967
f 1654/696/970 1656/216/967 1655/695/969
f 1657/695/969 1659/697/971 1658/696/972
f 1660/698/973 1662/696/972 1661/697/974
f 1663/697/974 1665/699/975 1664/698/973
f 1666/698/973 1668/699/975 1667/700/976
f 1669/700/976 1671/701/977 1670/698/973
f 1672/701/977 1674/700/976 1673/702/978
f 1675/702/979 1677/703/980 1676/701/977
f 1678/703/980 1680/702/979 1679/704/981
f 1681/704/982 1683/705/983 1682/703/980
f 1684/705/983 1686/704/982 1685/706/984
f 1687/706/985 1689/707/985 1688/705/983
f 1690/707/986 1692/706/987 1691/708/988
f 1693/708/989 1695/709/990 1694/707/991
f 1696/709/992 1698/708/993 1697/710/994
f 1699/710/994 1701/711/995 1700/709/992
f 1702/711/995 1704/710/996 1703/712/997
f 1705/712/998 1707/713/998 1706/711/999
f 1708/713/1000 1710/712/1001 1709/714/1002
f 1711/714/1003 1713/190/1004 1712/713/1005
f 1714/190/1004 1716/714/1003 1715/715/1006
f 1717/715/1007 1719/188/1008 1718/190/1004
f 1720/188/1009 1722/715/1006 1721/716/1010
f 1723/716/1010 1725/186/1011 1724/188/1009
f 1726/186/1012 1728/716/1013 1727/717/1014
f 1729/717/1014 1731/184/1015 1730/186/1012
f 1732/718/1016 1734/719/1014 1733/720/1017
f 1735/720/1017 1737/721/1018 1736/718/1016
f 1738/721/1019 1740/720/1020 1739/722/1021
f 1741/722/1021 1743/723/1022 1742/721/1018
f 1744/723/1023 1746/722/1021 1745/724/1024
f 1747/724/1024 1749/725/1025 1748/723/1023
f 1750/725/1025 1752/724/1024 1751/726/1026
f 1753/726/1026 1755/727/1027 1754/725/1025
f 1756/727/1027 1758/726/1026 1757/728/1028
f 1759/728/1029 1761/729/1030 1760/727/1027
f 1762/319/1031 1764/232/419 1763/730/1032
f 1765/731/1033 1767/730/1034 1766/232/1035
f 1768/232/1035 1770/668/1036 1769/731/1036
f 1771/732/1037 1773/733/1038 1772/734/1039
f 1774/734/1039 1776/735/1040 1775/732/1041
f 1777/735/1040 1779/734/1039 1778/736/1042
f 1780/736/1042 1782/737/1043 1781/735/1044
f 1783/737/1043 1785/736/1045 1784/738/1046
f 1786/738/1046 1788/739/1047 1787/737/1043
f 1789/739/1048 1791/738/1046 1790/740/1049
f 1792/740/1050 1794/741/1051 1793/739/1048
f 1795/741/1052 1797/740/1053 1796/742/1054
f 1798/742/1055 1800/743/1056 1799/741/1052
f 1801/183/1056 1803/744/1057 1802/745/1058
f 1804/745/1058 1806/185/1059 1805/183/1056
f 1807/185/1060 1809/745/1058 1808/746/1061
f 1810/746/1061 1812/187/1062 1811/185/1060
f 1813/187/1062 1815/746/1061 1814/747/1063
f 1816/747/1063 1818/189/1064 1817/187/1062
f 1819/189/1065 1821/747/1063 1820/748/1066
f 1822/748/1066 1824/191/1067 1823/189/1065
f 1825/191/1067 1827/748/1066 1826/749/1068
f 1828/749/1068 1830/750/1069 1829/191/1067
f 1831/750/1069 1833/749/1068 1832/751/1070
f 1834/751/1070 1836/752/1071 1835/750/1069
f 1837/752/1071 1839/751/1070 1838/753/1072
f 1840/753/1072 1842/754/1073 1841/752/1071
f 1843/754/1074 1845/753/1075 1844/755/1076
f 1846/755/1076 1848/756/1077 1847/754/1073
f 1849/756/1077 1851/755/1078 1850/757/1079
f 1852/757/1080 1854/758/1081 1853/756/1077
f 1855/758/1081 1857/757/1080 1856/759/1082
f 1858/759/1082 1860/760/1083 1859/758/1084
f 1861/760/1085 1863/759/1086 1862/761/1087
f 1864/761/1088 1866/762/1089 1865/760/1085
f 1867/762/1090 1869/761/1091 1868/763/1092
f 1870/763/1092 1872/764/1093 1871/762/1094
f 1873/764/1095 1875/763/1092 1874/765/1096
f 1876/765/1097 1878/766/1098 1877/764/1093
f 1879/766/1098 1881/765/1099 1880/767/1100
f 1882/767/1100 1884/214/1101 1883/766/1102
f 1885/768/1103 1887/769/1104 1886/770/1105
f 1888/771/1106 1890/217/1107 1889/214/1103
f 1891/771/1108 1893/219/1109 1892/217/1107
f 1894/219/1110 1896/771/1111 1895/772/1112
f 1897/772/1112 1899/221/1113 1898/219/1109
f 1900/773/1114 1902/774/1112 1901/775/1115
f 1903/776/1116 1905/223/1117 1904/221/1118
f 1906/776/1115 1908/225/1119 1907/223/1120
f 1909/777/1121 1911/778/1119 1910/775/1116
f 1912/775/1116 1914/676/1122 1913/777/1123
f 1915/779/1124 1917/780/1125 1916/781/1126
f 1918/779/1124 1920/781/1127 1919/782/1128
f 1921/779/1124 1923/782/1129 1922/783/1130
f 1924/784/1131 1926/785/1132 1925/786/1133
f 1927/786/1134 1929/787/1135 1928/784/1131
f 1930/788/1136 1932/784/1131 1931/787/1137
f 1933/787/1135 1935/789/1138 1934/788/1136
f 1936/788/1139 1938/789/1138 1937/790/1140
f 1939/790/1141 1941/791/1142 1940/788/1143
f 1942/792/1144 1944/793/1145 1943/794/1146
f 1945/794/1146 1947/795/1147 1946/792/1144
f 1948/796/1148 1950/792/1149 1949/795/1147
f 1951/795/1147 1953/797/1150 1952/796/1151
f 1954/796/1148 1956/797/1152 1955/798/1153
f 1957/798/1153 1959/799/1154 1958/796/1155
f 1960/800/1156 1962/801/1157 1961/802/1158
f 1963/802/1158 1965/801/1159 1964/803/1160
f 1966/803/1161 1968/804/1162 1967/802/1163
f 1969/804/1162 1971/803/1161 1970/805/1164
f 1972/805/1164 1974/806/1165 1973/804/1162
f 1975/806/1165 1977/805/1164 1976/807/1166
f 1978/807/1166 1980/808/1167 1979/806/1168
f 1981/808/1167 1983/807/1166 1982/809/1169
f 1984/809/1169 1986/810/1170 1985/808/1167
f 1987/810/1170 1989/809/1171 1988/811/1172
f 1990/811/1173 1992/812/1174 1991/810/1170
f 1993/812/1174 1995/811/1172 1994/813/1175
f 1996/813/1175 1998/814/1176 1997/812/1174
f 1999/814/1176 2001/813/1177 2000/815/1178
f 2002/815/1179 2004/816/1180 2003/814/1176
f 2005/816/1180 2007/815/1181 2006/817/1182
f 2008/817/1182 2010/818/1183 2009/816/1180
f 2011/818/1183 2013/817/1182 2012/196/1184
f 2014/196/1184 2016/819/1185 2015/818/1183
f 2017/819/1185 2019/196/1184 2018/198/1186
f 2020/198/1187 2022/820/1188 2021/819/1185
f 2023/820/1188 2025/198/1186 2024/821/1189
f 2026/821/1189 2028/822/1190 2027/820/1188
f 2029/822/1190 2031/821/1191 2030/823/1192
f 2032/704/1192 2034/286/1193 2033/288/1190
f 2035/286/1193 2037/704/1194 2036/702/1195
f 2038/824/1196 2040/825/1197 2039/826/1193
f 2041/825/1197 2043/824/1196 2042/827/1198
f 2044/700/1198 2046/282/1199 2045/284/1197
f 2047/282/1199 2049/700/1198 2048/699/1200
f 2050/699/1200 2052/280/1201 2051/282/1199
f 2053/280/1201 2055/699/1202 2054/697/1203
f 2056/828/1203 2058/829/1204 2057/830/1201
f 2059/831/1205 2061/829/1204 2060/828/1203
f 2062/828/1206 2064/832/1207 2063/831/1208
f 2065/833/1209 2067/831/1210 2066/832/1207
f 2068/832/1211 2070/834/1212 2069/833/1213
f 2071/835/1214 2073/833/1209 2072/834/1212
f 2074/834/1212 2076/836/1215 2075/835/1216
f 2077/837/1217 2079/835/1216 2078/836/1215
f 2080/691/1215 2082/838/1218 2081/270/1217
f 2083/839/1219 2085/270/1217 2084/838/1218
f 2086/840/1218 2088/841/1220 2087/842/1219
f 2089/843/1221 2091/839/1219 2090/844/1220
f 2092/841/1220 2094/845/1222 2093/846/1221
f 2095/847/1223 2097/843/1221 2096/848/1224
f 2098/848/1224 2100/849/1225 2099/847/1226
f 2101/847/1226 2103/849/1225 2102/850/1227
f 2104/851/1228 2106/850/1227 2105/849/1225
f 2107/849/1225 2109/852/1229 2108/851/1228
f 2110/853/1230 2112/854/1231 2111/855/1232
f 2113/853/1230 2115/855/1233 2114/856/1234
f 2116/853/1230 2118/856/1234 2117/857/1235
f 2119/858/1236 2121/859/1237 2120/860/1238
f 2122/860/1239 2124/861/1240 2123/858/1236
f 2125/862/1136 2127/858/1236 2126/861/1240
f 2128/861/1240 2130/863/1138 2129/862/1136
f 2131/862/1139 2133/863/1138 2132/864/1140
f 2134/864/1141 2136/865/1142 2135/862/1143
f 2137/866/1241 2139/867/1242 2138/868/1243
f 2140/868/1244 2142/869/1245 2141/866/1246
f 2143/870/1247 2145/866/1241 2144/869/1245
f 2146/869/1248 2148/871/1249 2147/870/1247
f 2149/870/1250 2151/871/1251 2150/872/1252
f 2152/872/1252 2154/873/1253 2153/870/1247
f 2155/874/1254 2157/875/1255 2156/876/1256
f 2158/874/1254 2160/876/1257 2159/877/1258
f 2161/874/1254 2163/877/1259 2162/878/1260
f 2164/879/1261 2166/880/1262 2165/881/1263
f 2167/881/1263 2169/882/1264 2168/879/1261
f 2170/883/1265 2172/879/1261 2171/882/1264
f 2173/882/1266 2175/884/1267 2174/883/1265
f 2176/883/1265 2178/884/1267 2177/885/1268
f 2179/885/1269 2181/886/1270 2180/883/1265
f 2182/887/1271 2184/888/1272 2183/889/1273
f 2185/887/1271 2187/889/1273 2186/890/1274
f 2188/887/1271 2190/890/1274 2189/891/1275
f 2191/892/1276 2193/893/1277 2192/894/1278
f 2194/892/1276 2196/894/1278 2195/895/1279
f 2197/892/1276 2199/895/1280 2198/896/1281
f 2200/897/1282 2202/898/1283 2201/899/1284
f 2203/899/1284 2205/900/1285 2204/897/1282
f 2206/901/1286 2208/897/1282 2207/900/1285
f 2209/900/1287 2211/902/1288 2210/901/1286
f 2212/901/1289 2214/902/1290 2213/903/1291
f 2215/903/1292 2217/904/1293 2216/901/1289
f 2218/905/1294 2220/906/1295 2219/907/1296
f 2221/905/1297 2223/907/1296 2222/908/1298
f 2224/905/1297 2226/908/1299 2225/909/1300
f 2227/910/1301 2229/911/1302 2228/912/1303
f 2230/912/1303 2232/913/1304 2231/910/1301
f 2233/914/1305 2235/910/1301 2234/913/1304
f 2236/913/1304 2238/915/1306 2237/914/1307
f 2239/914/1305 2241/915/1308 2240/916/1309
f 2242/916/1309 2244/917/1310 2243/914/1305
f 2245/918/1311 2247/919/1312 2246/920/1313
f 2248/920/1313 2250/921/1314 2249/918/1311
f 2251/922/1315 2253/918/1311 2252/921/1314
f 2254/921/1314 2256/923/1316 2255/922/1315
f 2257/922/1315 2259/923/1317 2258/924/1318
f 2260/924/1319 2262/925/1320 2261/922/1315
f 2263/926/1321 2265/927/1322 2264/928/1323
f 2266/926/1321 2268/928/1324 2267/929/1325
f 2269/926/1321 2271/929/1325 2270/930/1326
f 2272/931/1327 2274/932/1328 2273/933/1329
f 2275/933/1330 2277/934/1331 2276/931/1327
f 2278/935/1332 2280/931/1327 2279/934/1331
f 2281/934/1331 2283/936/1333 2282/935/1332
f 2284/935/1332 2286/936/1333 2285/937/1334
f 2287/937/1335 2289/938/1336 2288/935/1332
f 2290/939/1337 2292/940/1338 2291/941/1339
f 2293/939/1337 2295/942/1340 2294/940/1341
f 2296/939/1337 2298/943/1342 2297/942/1340
f 2299/944/1343 2301/945/1344 2300/946/1345
f 2302/944/1343 2304/946/1345 2303/947/1346
f 2305/944/1343 2307/947/1346 2306/948/1347
f 2308/949/1348 2310/950/1349 2309/951/1350
f 2311/951/1351 2313/952/1352 2312/949/1353
f 2314/953/1354 2316/949/1353 2315/952/1352
f 2317/952/1352 2319/954/1355 2318/953/1354
f 2320/953/1356 2322/954/1357 2321/955/1358
f 2323/955/1358 2325/956/1359 2324/953/1354
f 2326/957/1360 2328/958/1361 2327/959/1362
f 2329/957/1360 2331/959/1362 2330/960/1363
f 2332/957/1360 2334/960/1364 2333/961/1365
f 2335/962/1366 2337/963/1367 2336/964/1368
f 2338/962/1366 2340/964/1368 2339/965/1369
f 2341/962/1370 2343/965/1369 2342/966/1371
f 2344/967/1372 2346/968/1373 2345/969/1374
f 2347/967/1372 2349/969/1374 2348/970/1375
f 2350/967/1372 2352/970/1376 2351/971/1377
f 2353/972/1378 2355/973/1379 2354/974/1380
f 2356/974/1380 2358/975/1381 2357/972/1378
f 2359/976/1382 2361/972/1378 2360/975/1381
f 2362/975/1381 2364/977/1383 2363/976/1382
f 2365/976/1382 2367/977/1383 2366/978/1384
f 2368/978/1384 2370/979/1385 2369/976/1382
f 2371/980/1386 2373/981/1387 2372/982/1388
f 2374/982/1388 2376/983/1389 2375/980/1386
f 2377/984/1390 2379/980/1391 2378/983/1389
f 2380/983/1389 2382/985/1392 2381/984/1390
f 2383/984/1390 2385/985/1392 2384/986/1393
f 2386/986/1393 2388/987/1394 2387/984/1395
f 2389/988/1396 2391/989/1397 2390/990/1398
f 2392/990/1398 2394/991/1399 2393/988/1396
f 2395/992/1400 2397/988/1396 2396/991/1399
f 2398/991/1399 2400/993/1401 2399/992/1400
f 2401/992/1402 2403/993/1403 2402/994/1404
f 2404/994/1405 2406/995/1406 2405/992/1402
f 2407/996/1407 2409/997/1408 2408/998/1409
f 2410/998/1409 2412/999/1410 2411/996/1411
f 2413/1000/1412 2415/996/1411 2414/999/1410
f 2416/999/1410 2418/1001/1413 2417/1000/1412
f 2419/1000/1412 2421/1001/1413 2420/1002/1414
f 2422/1002/1414 2424/1003/1415 2423/1000/1412
f 2425/1004/1416 2427/1005/1416 2426/1006/1416
f 2428/1007/1417 2430/1008/1417 2429/1009/1417
f 2431/1010/1418 2433/1011/1419 2432/1012/1420
f 2434/1013/1421 2436/1012/1420 2435/1011/1419
f 2437/1011/1422 2439/1014/1423 2438/1013/1421
f 2440/1015/1424 2442/1013/1421 2441/1014/1425
f 2443/1014/1426 2445/1016/1427 2444/1015/1424
f 2446/1017/1428 2448/1015/1424 2447/1016/1427
f 2449/1016/1427 2451/1018/1429 2450/1017/1430
f 2452/1019/1431 2454/1017/1430 2453/1018/1432
f 2455/1018/1429 2457/1020/1433 2456/1019/1431
f 2458/1021/1434 2460/1019/1431 2459/1020/1433
f 2461/1020/1435 2463/1022/1436 2462/1021/1434
f 2464/1023/1437 2466/1021/1434 2465/1022/1436
f 2467/1024/1436 2469/1025/1438 2468/1026/1439
f 2470/1027/1440 2472/1026/1437 2471/1025/1441
f 2473/1025/1438 2475/1028/1442 2474/1027/1443
f 2476/1029/1444 2478/1027/1443 2477/1028/1445
f 2479/1028/1442 2481/1030/1446 2480/1029/1447
f 2482/1031/1448 2484/1029/1447 2483/1030/1446
f 2485/1030/1446 2487/1032/1449 2486/1031/1448
f 2488/1033/1450 2490/1031/1448 2489/1032/1449
f 2491/1032/1451 2493/1034/1452 2492/1033/1453
f 2494/1035/1454 2496/1033/1450 2495/1034/1455
f 2497/1036/1452 2499/1037/1456 2498/1038/1454
f 2500/1039/1457 2502/1038/1458 2501/1037/1456
f 2503/1037/1459 2505/1040/1460 2504/1039/1457
f 2506/1041/1461 2508/1039/1457 2507/1040/1460
f 2509/1040/1460 2511/1042/1462 2510/1041/1461
f 2512/1043/1463 2514/1041/1461 2513/1042/1464
f 2515/1042/1464 2517/1044/1465 2516/1043/1463
f 2518/1045/1466 2520/1046/1467 2519/1047/1468
f 2521/1048/1469 2523/1047/1470 2522/1046/1467
f 2524/1046/1471 2526/1049/1472 2525/1048/1473
f 2527/1050/1474 2529/1048/1473 2528/1049/1472
f 2530/1049/1472 2532/1051/1475 2531/1050/1476
f 2533/1052/1477 2535/1050/1476 2534/1051/1475
f 2536/1051/1478 2538/1053/1479 2537/1052/1477
f 2539/1054/1480 2541/1052/1477 2540/1053/1481
f 2542/1053/1481 2544/1055/1482 2543/1054/1480
f 2545/1056/1483 2547/1054/1480 2546/1055/1482
f 2548/1055/1482 2550/1057/1484 2549/1056/1483
f 2551/1058/1485 2553/1056/1486 2552/1057/1484
f 2554/1057/1484 2556/1059/1487 2555/1058/1488
f 2557/1060/1489 2559/1058/1490 2558/1059/1487
f 2560/1059/1487 2562/1061/1491 2561/1060/1489
f 2563/1062/1492 2565/1060/1489 2564/1061/1491
f 2566/1061/1491 2568/1063/1493 2567/1062/1492
f 2569/1064/1494 2571/1062/1492 2570/1063/1493
f 2572/1063/1493 2574/1065/1495 2573/1064/1494
f 2575/1066/1496 2577/1064/1494 2576/1065/1495
f 2578/1065/1495 2580/1067/1497 2579/1066/1498
f 2581/1068/1499 2583/1066/1496 2582/1067/1497
f 2584/1067/1497 2586/1069/1500 2585/1068/1499
f 2587/1070/1501 2589/1068/1502 2588/1069/1500
f 2590/1071/1500 2592/1072/1503 2591/1073/1501
f 2593/1074/1504 2595/1073/1501 2594/1072/1503
f 2596/1075/1503 2598/1076/1505 2597/1077/1506
f 2599/1078/1507 2601/1077/1506 2600/1076/1505
f 2602/1079/1505 2604/1080/1508 2603/1081/1507
f 2605/1082/1509 2607/1081/1507 2606/1080/1508
f 2608/1080/1508 2610/1083/1510 2609/1082/1509
f 2611/1084/1511 2613/1082/1509 2612/1083/1510
f 2614/1085/1510 2616/1086/1512 2615/1087/1511
f 2617/1087/1511 2619/1086/1512 2618/1088/1513
f 2620/1088/1514 2622/1089/1515 2621/1087/1511
f 2623/1089/1515 2625/1088/1516 2624/1090/1517
f 2626/1090/1517 2628/1091/1518 2627/1089/1519
f 2629/1091/1518 2631/1090/1520 2630/1092/1521
f 2632/1092/1522 2634/1093/1523 2633/1091/1518
f 2635/1093/1523 2637/1092/1524 2636/1094/1525
f 2638/1095/1525 2640/1096/1526 2639/1097/1523
f 2641/1096/1526 2643/1095/1525 2642/1098/1527
f 2644/1098/1527 2646/1099/1528 2645/1096/1526
f 2647/1099/1528 2649/1098/1527 2648/1100/1529
f 2650/1101/1529 2652/1102/1530 2651/1103/1528
f 2653/1104/1531 2655/1100/1529 2654/1105/1532
f 2656/1105/1533 2658/1106/1534 2657/1104/1531
f 2659/1105/1533 2661/1107/1535 2660/1106/1534
f 2662/1106/1534 2664/1107/1535 2663/1108/1536
f 2665/1108/1536 2667/1109/1537 2666/1106/1534
f 2668/1110/1538 2670/1111/1539 2669/1112/1540
f 2671/1110/1538 2673/1113/1541 2672/1111/1542
f 2674/1110/1538 2676/1114/1543 2675/1113/1544
f 2677/1115/1545 2679/1116/1546 2678/1117/1547
f 2680/1115/1545 2682/1118/1548 2681/1116/1546
f 2683/1119/1549 2685/1118/1550 2684/1115/1551
f 2686/1120/1552 2688/1121/1553 2687/1122/1554
f 2689/1122/1554 2691/1123/1555 2690/1120/1556
f 2692/1124/1557 2694/1120/1556 2693/1123/1555
f 2695/1123/1555 2697/1125/1558 2696/1124/1557
f 2698/1126/1559 2700/1124/1557 2699/1125/1560
f 2701/1125/1558 2703/1127/1561 2702/1126/1559
f 2704/1128/1562 2706/1126/1559 2705/1127/1561
f 2707/1127/1561 2709/1129/1563 2708/1128/1562
f 2710/1130/1564 2712/1128/1562 2711/1129/1563
f 2713/1129/1563 2715/1131/1565 2714/1130/1564
f 2716/1132/1566 2718/1130/1564 2717/1131/1565
f 2719/1131/1565 2721/1133/1567 2720/1132/1566
f 2722/1134/1568 2724/1132/1569 2723/1133/1567
f 2725/1133/1567 2727/1135/1570 2726/1134/1568
f 2728/1136/1571 2730/1137/1572 2729/1138/1573
f 2731/1134/1574 2733/1139/1575 2732/1140/1576
f 2734/1140/1576 2736/1141/1577 2735/1134/1568
f 2737/1142/1578 2739/1141/1579 2738/1140/1576
f 2740/1143/1580 2742/1144/1580 2741/1145/1581
f 2743/1146/1582 2745/1147/1582 2744/1142/1583
f 2746/1148/1584 2748/1145/1581 2747/1149/1585
f 2749/1149/1586 2751/1150/1587 2750/1148/1584
f 2752/1150/1588 2754/1149/1585 2753/1151/1589
f 2755/1151/1589 2757/1152/1590 2756/1150/1588
f 2758/1152/1590 2760/1151/1589 2759/1153/1591
f 2761/1153/1592 2763/1154/1593 2762/1152/1590
f 2764/1154/1593 2766/1153/1592 2765/1155/1594
f 2767/1155/1594 2769/1156/1595 2768/1154/1593
f 2770/1157/1595 2772/1095/1596 2771/1158/1597
f 2773/1158/1598 2775/1159/1599 2774/1157/1595
f 2776/1159/1599 2778/1158/1598 2777/1160/1600
f 2779/1160/1601 2781/1161/1602 2780/1159/1599
f 2782/1161/1602 2784/1160/1601 2783/1162/1603
f 2785/1162/1603 2787/1163/1604 2786/1161/1602
f 2788/1163/1604 2790/1162/1605 2789/1164/1606
f 2791/1164/1607 2793/1165/1608 2792/1163/1604
f 2794/1166/1609 2796/1165/1610 2795/1164/1606
f 2797/1164/1606 2799/1083/1611 2798/1166/1609
f 2800/1167/1612 2802/1166/1609 2801/1083/1611
f 2803/1083/1613 2805/1080/1614 2804/1167/1615
f 2806/1168/1616 2808/1167/1615 2807/1080/1614
f 2809/1080/1614 2811/1079/1617 2810/1168/1616
f 2812/1169/1618 2814/1168/1616 2813/1079/1617
f 2815/1079/1617 2817/1072/1619 2816/1169/1618
f 2818/1170/1620 2820/1169/1618 2819/1072/1619
f 2821/1072/1621 2823/1071/1622 2822/1170/1623
f 2824/1171/1624 2826/1170/1623 2825/1071/1625
f 2827/1071/1625 2829/1172/1626 2828/1171/1624
f 2830/1173/1627 2832/1171/1624 2831/1172/1628
f 2833/1172/1628 2835/1174/1629 2834/1173/1630
f 2836/1175/1631 2838/1173/1627 2837/1174/1632
f 2839/1174/1629 2841/1176/1633 2840/1175/1631
f 2842/1177/1634 2844/1175/1631 2843/1176/1635
f 2845/1176/1633 2847/1178/1636 2846/1177/1637
f 2848/1179/1638 2850/1177/1637 2849/1178/1636
f 2851/1178/1636 2853/1180/1639 2852/1179/1638
f 2854/1181/1640 2856/1179/1641 2855/1180/1642
f 2857/1180/1642 2859/1182/1643 2858/1181/1644
f 2860/1183/1645 2862/1184/1646 2861/1185/1647
f 2863/1182/1648 2865/1186/1649 2864/1187/1650
f 2866/1188/1651 2868/1183/1652 2867/1189/1653
f 2869/1189/1654 2871/1190/1655 2870/1188/1656
f 2872/1191/1657 2874/1188/1658 2873/1190/1659
f 2875/1190/1660 2877/1192/1661 2876/1191/1657
f 2878/1193/1662 2880/1191/1657 2879/1192/1661
f 2881/1192/1661 2883/1194/1663 2882/1193/1662
f 2884/1195/1664 2886/1193/1665 2885/1194/1666
f 2887/1196/1667 2889/1195/1664 2888/1194/1668
f 2890/1194/1666 2892/1197/1669 2891/1196/1667
f 2893/1198/1670 2895/1199/1671 2894/1200/1672
f 2896/1200/1673 2898/1201/1674 2897/1198/1675
f 2899/1198/1670 2901/1201/1674 2900/1122/1676
f 2902/1122/1677 2904/1121/1553 2903/1198/1675
f 2905/1202/1678 2907/1203/1679 2906/1204/1680
f 2908/1204/1680 2910/1205/1681 2909/1202/1678
f 2911/1205/1681 2913/1204/1682 2912/1206/1683
f 2914/1206/1683 2916/1207/1684 2915/1205/1681
f 2917/1208/1685 2919/1207/1684 2918/1206/1683
f 2920/1206/1683 2922/1209/1686 2921/1208/1685
f 2923/1210/1687 2925/1211/1688 2924/1212/1689
f 2926/1212/1690 2928/1213/1691 2927/1210/1692
f 2929/1213/1693 2931/1212/1690 2930/1214/1694
f 2932/1214/1694 2934/1215/1695 2933/1213/1693
f 2935/1216/1696 2937/1215/1695 2936/1214/1694
f 2938/1214/1697 2940/1217/1698 2939/1216/1699
f 2941/1218/1700 2943/1219/1701 2942/1220/1702
f 2944/1218/1703 2946/1220/1702 2945/1221/1704
f 2947/1218/1703 2949/1221/1704 2948/1222/1705
f 2950/1223/1706 2952/1224/1707 2951/1225/1708
f 2953/1225/1708 2955/1224/1709 2954/1226/1710
f 2956/1225/1708 2958/1226/1710 2957/1227/1711
f 2959/1228/1712 2961/1229/1713 2960/1230/1714
f 2962/1228/1712 2964/1231/1715 2963/1229/1713
f 2965/1232/1716 2967/1231/1717 2966/1228/1718
f 2968/1233/1719 2970/1234/1720 2969/1235/1721
f 2971/1235/1721 2973/1236/1722 2972/1233/1719
f 2974/1236/1722 2976/1235/1721 2975/1237/1723
f 2977/1237/1723 2979/1238/1724 2978/1236/1722
f 2980/1239/1725 2982/1238/1726 2981/1237/1727
f 2983/1237/1727 2985/1240/1728 2984/1239/1725
f 2986/1241/1729 2988/1242/1730 2987/1243/1731
f 2989/1241/1729 2991/1243/1732 2990/1244/1733
f 2992/1241/1729 2994/1244/1734 2993/1245/1735
f 2995/1246/1736 2997/1247/1737 2996/1248/1738
f 2998/1246/1736 3000/1248/1739 2999/1249/1740
f 3001/1246/1736 3003/1249/1740 3002/1250/1741
f 3004/1251/1742 3006/1252/1743 3005/1253/1744
f 3007/1251/1742 3009/1253/1745 3008/1254/1746
f 3010/1251/1747 3012/1254/1746 3011/1255/1748
f 3013/1256/1749 3015/1257/1750 3014/1258/1751
f 3016/1256/1752 3018/1259/1753 3017/1257/1750
f 3019/1260/1754 3021/1259/1755 3020/1256/1752
f 3022/1261/1756 3024/1262/1757 3023/1263/1758
f 3025/1263/1759 3027/1264/1760 3026/1261/1756
f 3028/1264/1761 3030/1263/1759 3029/1265/1762
f 3031/1265/1762 3033/1266/1763 3032/1264/1760
f 3034/1267/1764 3036/1266/1765 3035/1265/1762
f 3037/1265/1762 3039/1268/1766 3038/1267/1764
f 3040/1269/1767 3042/1270/1768 3041/1271/1769
f 3043/1269/1767 3045/1272/1770 3044/1270/1771
f 3046/1269/1767 3048/1273/1772 3047/1272/1770
f 3049/1274/1773 3051/1275/1774 3050/1276/1775
f 3052/1274/1773 3054/1276/1776 3053/1277/1777
f 3055/1274/1778 3057/1277/1779 3056/1278/1780
f 3058/1279/1781 3060/1280/1782 3059/1281/1783
f 3061/1282/1784 3063/1279/1781 3062/1281/1783
f 3064/1281/1783 3066/1283/1785 3065/1282/1786
f 3067/1284/1787 3069/1282/1786 3068/1283/1788
f 3070/1283/1789 3072/1285/1790 3071/1284/1787
f 3073/1286/1791 3075/1284/1787 3074/1285/1792
f 3076/1285/1793 3078/1287/1794 3077/1286/1791
f 3079/1288/1795 3081/1286/1791 3080/1287/1794
f 3082/1287/1794 3084/1289/1796 3083/1288/1797
f 3085/1290/1798 3087/1288/1795 3086/1289/1799
f 3088/1289/1800 3090/1291/1801 3089/1290/1798
f 3091/1292/1802 3093/1290/1803 3092/1291/1801
f 3094/1291/1801 3096/1293/1804 3095/1292/1802
f 3097/1044/1465 3099/1292/1805 3098/1293/1804
f 3100/1293/1804 3102/1043/1463 3101/1044/1465
f 3103/1294/1806 3105/1295/1807 3104/1296/1808
f 3106/1296/1808 3108/1297/1809 3107/1294/1806
f 3109/1298/1810 3111/1294/1811 3110/1297/1812
f 3112/1297/1812 3114/1299/1813 3113/1298/1810
f 3115/1035/1814 3117/1298/1810 3116/1299/1815
f 3118/1299/1815 3120/1300/1816 3119/1035/1817
f 3121/1033/1818 3123/1035/1814 3122/1300/1816
f 3124/1300/1816 3126/1301/1819 3125/1033/1818
f 3127/1031/1820 3129/1033/1821 3128/1301/1822
f 3130/1301/1819 3132/1302/1823 3131/1031/1820
f 3133/1029/1824 3135/1031/1820 3134/1302/1823
f 3136/1302/1823 3138/1303/1825 3137/1029/1824
f 3139/1027/1826 3141/1029/1824 3140/1303/1825
f 3142/1303/1825 3144/1304/1827 3143/1027/1826
f 3145/1026/1828 3147/1027/1829 3146/1304/1827
f 3148/1304/1827 3150/1305/1830 3149/1026/1828
f 3151/1306/1831 3153/1026/1828 3152/1305/1830
f 3154/1305/1830 3156/1307/1832 3155/1306/1833
f 3157/1308/1834 3159/1306/1835 3158/1307/1832
f 3160/1307/1832 3162/1309/1836 3161/1308/1834
f 3163/1310/1837 3165/1311/1838 3164/1312/1837
f 3166/1312/1837 3168/1313/1839 3167/1310/1837
f 3169/1314/1840 3171/1310/1841 3170/1313/1842
f 3172/1313/1842 3174/1315/1843 3173/1314/1840
f 3175/1316/1844 3177/1314/1840 3176/1315/1845
f 3178/1315/1845 3180/1317/1846 3179/1316/1847
f 3181/1318/1848 3183/1316/1847 3182/1317/1849
f 3184/1317/1846 3186/1319/1850 3185/1318/1848
f 3187/1320/1851 3189/1318/1848 3188/1319/1850
f 3190/1319/1852 3192/1321/1853 3191/1320/1854
f 3193/1321/1853 3195/1322/1855 3194/1320/1854
f 3196/1323/1853 3198/1324/1856 3197/1325/1855
f 3199/1322/1855 3201/1326/1857 3200/1320/1854
f 3202/1327/1858 3204/1325/1855 3203/1324/1859
f 3205/1324/1859 3207/1328/1860 3206/1327/1858
f 3208/1329/1861 3210/1320/1854 3209/1326/1862
f 3211/1326/1862 3213/1330/1863 3212/1329/1861
f 3214/1331/1864 3216/1327/1865 3215/1328/1860
f 3217/1328/1860 3219/1332/1866 3218/1331/1867
f 3220/1333/1868 3222/1329/1869 3221/1330/1863
f 3223/1330/1863 3225/1334/1870 3224/1333/1868
f 3226/1335/1871 3228/1331/1864 3227/1332/1872
f 3229/1332/1873 3231/1336/1874 3230/1335/1871
f 3232/1337/1875 3234/1333/1876 3233/1334/1877
f 3235/1334/1877 3237/1338/1878 3236/1337/1875
f 3238/1339/1879 3240/1335/1871 3239/1336/1874
f 3241/1336/1874 3243/1340/1880 3242/1339/1879
f 3244/1341/1881 3246/1337/1875 3245/1338/1878
f 3247/1338/1882 3249/1342/1883 3248/1341/1884
f 3250/1343/1885 3252/1339/1886 3251/1340/1887
f 3253/1340/1887 3255/1344/1888 3254/1343/1885
f 3256/1345/1889 3258/1341/1890 3257/1342/1891
f 3259/1342/1889 3261/1346/1892 3260/1345/1889
f 3262/1347/1893 3264/1343/1885 3263/1344/1888
f 3265/1344/1888 3267/1348/1894 3266/1347/1895
f 3268/1024/1896 3270/1349/1897 3269/1350/1898
f 3271/1350/1899 3273/1351/1900 3272/1024/1896
f 3274/1352/1901 3276/1347/1895 3275/1348/1894
f 3277/1348/1902 3279/1353/1903 3278/1352/1904
f 3280/1025/1905 3282/1024/1906 3281/1351/1907
f 3283/1351/1907 3285/1354/1908 3284/1025/1905
f 3286/1355/1909 3288/1352/1904 3287/1353/1903
f 3289/1353/1903 3291/1356/1910 3290/1355/1911
f 3292/1028/1912 3294/1025/1905 3293/1354/1908
f 3295/1354/1908 3297/1357/1913 3296/1028/1912
f 3298/1358/1914 3300/1355/1911 3299/1356/1915
f 3301/1356/1910 3303/1359/1916 3302/1358/1914
f 3304/1030/1917 3306/1028/1912 3305/1357/1918
f 3307/1357/1919 3309/1360/1920 3308/1030/1917
f 3310/1361/1921 3312/1358/1914 3311/1359/1916
f 3313/1359/1916 3315/1362/1922 3314/1361/1921
f 3316/1032/1923 3318/1030/1917 3317/1360/1920
f 3319/1360/1920 3321/1363/1924 3320/1032/1925
f 3322/1364/1926 3324/1361/1921 3323/1362/1927
f 3325/1362/1922 3327/1365/1928 3326/1364/1926
f 3328/1034/1929 3330/1032/1930 3329/1363/1924
f 3331/1363/1924 3333/1366/1931 3332/1034/1929
f 3334/1367/1932 3336/1034/1933 3335/1366/1931
f 3337/1368/1934 3339/1364/1935 3338/1365/1936
f 3340/1366/1931 3342/1369/1937 3341/1367/1932
f 3343/1365/1936 3345/1370/1938 3344/1368/1934
f 3346/1371/1939 3348/1367/1932 3347/1369/1937
f 3349/1369/1937 3351/1372/1940 3350/1371/1939
f 3352/1373/1941 3354/1371/1942 3353/1372/1940
f 3355/1370/1943 3357/1374/1944 3356/1368/1945
f 3358/1372/1940 3360/1375/1946 3359/1373/1941
f 3361/1376/1947 3363/1373/1941 3362/1375/1948
f 3364/1375/1946 3366/1377/1949 3365/1376/1947
f 3367/1374/1950 3369/1378/1951 3368/1368/1945
f 3370/1378/1951 3372/1379/1952 3371/1368/1945
f 3373/1380/1953 3375/1381/1954 3374/1382/1955
f 3376/1382/1955 3378/1383/1956 3377/1380/1957
f 3379/1379/1952 3381/1378/1958 3380/1384/1959
f 3382/1385/1960 3384/1380/1957 3383/1383/1961
f 3385/1383/1961 3387/1386/1962 3386/1385/1960
f 3388/1387/1963 3390/1388/1964 3389/1389/1965
f 3391/1388/1964 3393/1387/1966 3392/1390/1967
f 3394/1391/1968 3396/1385/1960 3395/1386/1969
f 3397/1386/1969 3399/1392/1970 3398/1391/1968
f 3400/1390/1967 3402/1393/1971 3401/1388/1972
f 3403/1393/1973 3405/1390/1974 3404/1394/1975
f 3406/1395/1976 3408/1391/1968 3407/1392/1970
f 3409/1392/1970 3411/1396/1977 3410/1395/1976
f 3412/1394/1975 3414/1397/1978 3413/1393/1973
f 3415/1397/1978 3417/1394/1975 3416/1398/1979
f 3418/1399/1980 3420/1395/1976 3419/1396/1977
f 3421/1396/1977 3423/1400/1981 3422/1399/1980
f 3424/1398/1979 3426/1401/1982 3425/1397/1978
f 3427/1401/1983 3429/1398/1979 3428/1402/1984
f 3430/1403/1985 3432/1399/1980 3431/1400/1981
f 3433/1400/1986 3435/1404/1987 3434/1403/1985
f 3436/1402/1988 3438/1405/1989 3437/1401/1982
f 3439/1405/1990 3441/1402/1988 3440/1406/1991
f 3442/1407/1992 3444/1408/1993 3443/1409/1994
f 3445/1409/1994 3447/1410/1995 3446/1407/1992
f 3448/1406/1996 3450/1411/1997 3449/1405/1989
f 3451/1295/1807 3453/1407/1992 3452/1410/1995
f 3454/1410/1995 3456/1296/1808 3455/1295/1807
f 3457/1412/1998 3459/1413/1999 3458/1414/2000
f 3460/1414/2000 3462/1415/2001 3461/1412/1998
f 3463/1377/2002 3465/1412/1998 3464/1415/2001
f 3466/1415/2001 3468/1376/1947 3467/1377/1949
f 3469/1416/2003 3471/1417/2004 3470/1418/2005
f 3472/1416/2003 3474/1419/2006 3473/1417/2007
f 3475/1420/2008 3477/1419/2006 3476/1416/2003
f 3478/1421/2009 3480/1422/2010 3479/1423/2011
f 3481/1423/2011 3483/1424/2012 3482/1421/2013
f 3484/1424/2012 3486/1423/2011 3485/1425/2014
f 3487/1425/2014 3489/1426/2015 3488/1424/2012
f 3490/1427/2016 3492/1426/2015 3491/1425/2014
f 3493/1425/2017 3495/1428/2018 3494/1427/2019
f 3496/1429/2020 3498/1430/2021 3497/1431/2022
f 3499/1429/2020 3501/1431/2022 3500/1432/2023
f 3502/1429/2020 3504/1432/2023 3503/1433/2024
f 3505/1434/2025 3507/1435/2026 3506/1436/2027
f 3508/1436/2027 3510/1437/2028 3509/1434/2029
f 3511/1437/2028 3513/1436/2027 3512/1438/1694
f 3514/1438/1694 3516/1439/1695 3515/1437/2028
f 3517/1440/1696 3519/1439/1695 3518/1438/1694
f 3520/1438/1697 3522/1441/1698 3521/1440/1699
f 3523/1442/2030 3525/1443/2031 3524/1444/2032
f 3526/1442/2030 3528/1445/2033 3527/1443/2031
f 3529/1446/2034 3531/1447/2033 3530/1448/2030
f 3532/1449/2035 3534/1444/2036 3533/1443/2037
f 3535/1443/2037 3537/1450/2038 3536/1449/2035
f 3538/1450/2038 3540/1443/2037 3539/1445/2039
f 3541/1451/2040 3543/1111/2041 3542/1113/2042
f 3544/1112/2043 3546/1111/2044 3545/1451/2040
f 3547/1451/2040 3549/1452/2045 3548/1112/2046
f 3550/1453/2047 3552/1454/2048 3551/1455/2049
f 3553/1453/2047 3555/1456/2050 3554/1454/2048
f 3556/1453/2047 3558/1457/2051 3557/1456/2050
f 3559/1458/2052 3561/1459/2053 3560/1460/2054
f 3562/1458/2052 3564/1461/2055 3563/1459/2056
f 3565/1458/2052 3567/1462/2057 3566/1461/2058
f 3568/1463/2003 3570/1464/2007 3569/1465/2059
f 3571/1463/2003 3573/1466/2006 3572/1464/2007
f 3574/1467/2060 3576/1466/2006 3575/1463/2003
f 3577/1468/2061 3579/1469/2062 3578/1470/2063
f 3580/1468/2061 3582/1471/2064 3581/1469/2065
f 3583/1472/2066 3585/1471/2067 3584/1468/2061
f 3586/1473/2068 3588/1470/2069 3587/1469/2070
f 3589/1474/2070 3591/1456/2071 3590/1457/2068
f 3592/1456/2072 3594/1474/2070 3593/1475/2073
f 3595/1475/2074 3597/1454/2075 3596/1456/2071
f 3598/1455/2076 3600/1454/2075 3599/1475/2074
f 3601/1475/2074 3603/1476/2077 3602/1455/2078
f 3604/1477/2079 3606/1478/2080 3605/1479/2081
f 3607/1479/2081 3609/1480/2082 3608/1477/2079
f 3610/1480/2082 3612/1479/2081 3611/1481/2083
f 3613/1481/2084 3615/1482/2085 3614/1480/2086
f 3616/1483/2087 3618/1482/2085 3617/1481/2084
f 3619/1481/2088 3621/1484/2089 3620/1483/2090
f 3622/1485/2091 3624/1486/2092 3623/1487/2093
f 3625/1485/2091 3627/1488/2094 3626/1486/2092
f 3628/1489/2095 3630/1490/2096 3629/1491/2094
f 3631/1492/2097 3633/1493/2098 3632/1494/2099
f 3634/1492/2097 3636/1495/2100 3635/1493/2098
f 3637/1496/2101 3639/1495/2100 3638/1492/2102
f 3640/1490/2103 3642/1497/2104 3641/1498/2105
f 3643/1498/2106 3645/1491/2107 3644/1490/2108
f 3646/1491/2107 3648/1498/2106 3647/1499/2109
f 3649/1499/2109 3651/1500/2110 3650/1491/2107
f 3652/1501/2111 3654/1500/2110 3653/1499/2109
f 3655/1499/2109 3657/1502/2112 3656/1501/2111
f 3658/1503/2113 3660/1504/2114 3659/1505/2115
f 3661/1503/2113 3663/1506/2116 3662/1504/2114
f 3664/1503/2113 3666/1507/2117 3665/1506/2118
f 3667/1508/2119 3669/1509/2120 3668/1510/2121
f 3670/1508/2122 3672/1511/2123 3671/1509/2124
f 3673/1512/2125 3675/1511/2126 3674/1508/2122
f 3676/1513/2127 3678/1514/2128 3677/1515/2129
f 3679/1513/2127 3681/1516/2130 3680/1514/2128
f 3682/1513/2127 3684/1517/2131 3683/1516/2132
f 3685/1518/2133 3687/1519/2134 3686/1520/2135
f 3688/1520/2135 3690/1521/2136 3689/1518/2133
f 3691/1521/2136 3693/1520/2135 3692/1522/2137
f 3694/1522/2137 3696/1523/2138 3695/1521/2139
f 3697/1524/2140 3699/1523/2141 3698/1522/2142
f 3700/1522/2142 3702/1525/2143 3701/1524/2140
f 3703/1526/2144 3705/1527/2145 3704/1528/2146
f 3706/1526/2144 3708/1529/2147 3707/1527/2145
f 3709/1530/2148 3711/1529/2147 3710/1526/2144
f 3712/1531/2149 3714/1532/2150 3713/1533/2151
f 3715/1533/2151 3717/1534/2152 3716/1531/2149
f 3718/1534/2152 3720/1533/2151 3719/1535/2153
f 3721/1535/2153 3723/1536/2154 3722/1534/2152
f 3724/1537/2155 3726/1536/2156 3725/1535/2153
f 3727/1535/2153 3729/1538/2157 3728/1537/2158
f 3730/1539/2159 3732/1540/2160 3731/1541/2161
f 3733/1539/2162 3735/1542/2163 3734/1540/2160
f 3736/1539/2162 3738/1543/2164 3737/1542/2163
f 3739/1544/2165 3741/1545/2166 3740/1546/2167
f 3742/1544/2165 3744/1547/2168 3743/1545/2166
f 3745/1548/2169 3747/1547/2168 3746/1544/2165
f 3748/1549/2170 3750/1550/2171 3749/1551/2172
f 3751/1549/2170 3753/1552/2173 3752/1550/2171
f 3754/1553/2174 3756/1552/2173 3755/1549/2170
f 3757/1554/2175 3759/1555/2176 3758/1556/2177
f 3760/1556/2177 3762/1557/2178 3761/1554/2175
f 3763/1557/2178 3765/1556/2177 3764/1558/2179
f 3766/1558/2180 3768/1559/2181 3767/1557/2178
f 3769/1560/2182 3771/1559/2181 3770/1558/2180
f 3772/1558/2180 3774/1561/2183 3773/1560/2182
f 3775/1562/2184 3777/1563/2185 3776/1564/2186
f 3778/1564/2186 3780/1565/2187 3779/1562/2188
f 3781/1565/2189 3783/1564/2186 3782/1566/2190
f 3784/1566/2190 3786/1567/2191 3785/1565/2189
f 3787/1568/2192 3789/1567/2191 3788/1566/2190
f 3790/1566/2190 3792/1569/2193 3791/1568/2192
f 3793/1570/2194 3795/1571/2195 3794/1572/2196
f 3796/1572/2196 3798/1573/2197 3797/1570/2194
f 3799/1574/2198 3801/1570/2199 3800/1573/2200
f 3802/1573/2197 3804/1575/2201 3803/1574/2202
f 3805/1576/2203 3807/1574/2202 3806/1575/2204
f 3808/1575/2205 3810/1577/2206 3809/1576/2203
f 3811/1578/2207 3813/1576/2208 3812/1577/2206
f 3814/1577/2206 3816/1579/2209 3815/1578/2210
f 3817/1580/2211 3819/1581/2207 3818/1582/2212
f 3820/1582/2212 3822/1583/2213 3821/1580/2211
f 3823/1584/2214 3825/1580/2215 3824/1583/2216
f 3826/1583/2213 3828/1585/2217 3827/1584/2218
f 3829/1586/2219 3831/1584/2218 3830/1585/2220
f 3832/1585/2221 3834/1587/2222 3833/1586/2219
f 3835/1588/2223 3837/1586/2219 3836/1587/2222
f 3838/1587/2224 3840/1589/2225 3839/1588/2226
f 3841/1590/2227 3843/1588/2223 3842/1589/2228
f 3844/1591/2229 3846/1592/2230 3845/1593/2227
f 3847/1594/2231 3849/1593/2227 3848/1592/2232
f 3850/1592/2233 3852/1064/2234 3851/1594/2231
f 3853/1595/2235 3855/1594/2231 3854/1064/2234
f 3856/1064/2236 3858/1066/2237 3857/1595/2235
f 3859/1596/2238 3861/1595/2235 3860/1066/2237
f 3862/1066/2237 3864/1597/2239 3863/1596/2240
f 3865/1598/2241 3867/1596/2240 3866/1597/2239
f 3868/1597/2239 3870/1599/2242 3869/1598/2243
f 3871/1600/2244 3873/1598/2243 3872/1599/2242
f 3874/1599/2242 3876/1601/2245 3875/1600/2244
f 3877/1602/2246 3879/1600/2244 3878/1601/2245
f 3880/1601/2245 3882/1603/2247 3881/1602/2248
f 3883/1604/2249 3885/1602/2246 3884/1603/2247
f 3886/1603/2247 3888/1605/2250 3887/1604/2251
f 3889/1606/2252 3891/1604/2249 3890/1605/2250
f 3892/1605/2250 3894/1607/2253 3893/1606/2252
f 3895/1608/2254 3897/1606/2252 3896/1607/2253
f 3898/1607/2253 3900/1609/2255 3899/1608/2254
f 3901/1610/2256 3903/1608/2254 3902/1609/2255
f 3904/1611/2255 3906/1612/2257 3905/1613/2258
f 3907/1614/2259 3909/1613/2260 3908/1612/2257
f 3910/1612/2257 3912/1615/2261 3911/1614/2259
f 3913/1616/2262 3915/1614/2259 3914/1615/2263
f 3916/1615/2263 3918/1617/2264 3917/1616/2262
f 3919/1618/2265 3921/1616/2266 3920/1617/2264
f 3922/1617/2267 3924/1619/2268 3923/1618/2269
f 3925/1620/2270 3927/1618/2269 3926/1619/2268
f 3928/1619/2268 3930/1621/2271 3929/1620/2272
f 3931/1622/2273 3933/1620/2270 3932/1621/2271
f 3934/1621/2271 3936/1623/2274 3935/1622/2275
f 3937/1008/2276 3939/1622/2275 3938/1623/2274
f 3940/1623/2277 3942/1009/2278 3941/1008/2279
f 3943/1624/2280 3945/1625/2281 3944/1626/2282
f 3946/1624/2280 3948/1627/2283 3947/1625/2284
f 3949/1624/2280 3951/1628/2285 3950/1627/2286
f 3952/1629/2287 3954/1630/2288 3953/1631/2289
f 3955/1629/2287 3957/1631/2290 3956/1632/2291
f 3958/1629/2287 3960/1632/2291 3959/1633/2292
f 3961/1634/2293 3963/1635/2294 3962/1636/2295
f 3964/1634/2293 3966/1637/2296 3965/1635/2297
f 3967/1634/2293 3969/1638/2298 3968/1637/2296
f 3970/1639/2299 3972/1640/2300 3971/1641/2301
f 3973/1639/2299 3975/1642/2302 3974/1640/2300
f 3976/1643/2303 3978/1642/2304 3977/1639/2299
f 3979/1644/2305 3981/1645/2306 3980/1646/2307
f 3982/1646/2308 3984/1647/2309 3983/1644/2305
f 3985/1647/2310 3987/1646/2308 3986/1648/2311
f 3988/1648/2311 3990/1649/2312 3989/1647/2310
f 3991/1650/2313 3993/1649/2314 3992/1648/2311
f 3994/1648/2311 3996/1651/2315 3995/1650/2316
f 3997/1652/2317 3999/1653/2318 3998/1654/2319
f 4000/1652/2320 4002/1655/2321 4001/1653/2318
f 4003/1656/2322 4005/1655/2321 4004/1652/2320
f 4006/1657/2323 4008/1658/2324 4007/1659/2325
f 4009/1657/2323 4011/1660/2326 4010/1658/2324
f 4012/1657/2323 4014/1661/2327 4013/1660/2326
f 4015/1662/2328 4017/1663/2329 4016/1664/2330
f 4018/1662/2331 4020/1665/2332 4019/1663/2329
f 4021/1666/2333 4023/1665/2334 4022/1662/2331
f 4024/1667/2335 4026/1668/2336 4025/1669/2337
f 4027/1669/2337 4029/1670/2338 4028/1667/2335
f 4030/1670/2339 4032/1669/2337 4031/1671/2340
f 4033/1671/2340 4035/1672/2341 4034/1670/2339
f 4036/1673/2342 4038/1672/2341 4037/1671/2343
f 4039/1671/2343 4041/1674/2344 4040/1673/2342
f 4042/1675/2345 4044/1676/2346 4043/1677/2347
f 4045/1677/2347 4047/1678/2348 4046/1675/2345
f 4048/1678/2348 4050/1677/2349 4049/1679/2350
f 4051/1679/2350 4053/1680/2351 4052/1678/2348
f 4054/1681/2352 4056/1680/2353 4055/1679/2354
f 4057/1679/2354 4059/1682/2355 4058/1681/2356
f 4060/1683/2357 4062/1684/2358 4061/1685/2359
f 4063/1683/2357 4065/1686/2360 4064/1684/2358
f 4066/1683/2357 4068/1687/2361 4067/1686/2360
f 4069/1688/2362 4071/1689/2363 4070/1690/2364
f 4072/1688/2362 4074/1691/2365 4073/1689/2363
f 4075/1688/2362 4077/1692/2366 4076/1691/2365
f 4078/1693/2367 4080/1694/2368 4079/1695/2369
f 4081/1693/2367 4083/1696/2370 4082/1694/2371
f 4084/1697/2372 4086/1696/2370 4085/1693/2367
f 4087/1698/2373 4089/1699/2374 4088/1700/2375
f 4090/1698/2373 4092/1701/2376 4091/1699/2374
f 4093/1702/2377 4095/1701/2376 4094/1698/2373
f 4096/1703/2378 4098/1704/2379 4097/1705/2380
f 4099/1705/2380 4101/1706/2381 4100/1703/2378
f 4102/1706/2381 4104/1705/2380 4103/1707/2382
f 4105/1707/2382 4107/1708/2383 4106/1706/2381
f 4108/1709/2384 4110/1708/2385 4109/1707/2382
f 4111/1707/2382 4113/1710/2386 4112/1709/2384
f 4114/1711/2387 4116/1712/2388 4115/1713/2389
f 4117/1713/2390 4119/1714/2391 4118/1711/2392
f 4120/1714/2391 4122/1713/2390 4121/1715/2393
f 4123/1715/2393 4125/1716/2394 4124/1714/2391
f 4126/1717/2395 4128/1716/2396 4127/1715/2397
f 4129/1715/2393 4131/1718/2398 4130/1717/2395
f 4132/1719/2399 4134/1720/2400 4133/1721/2401
f 4135/1719/2399 4137/1722/2402 4136/1720/2400
f 4138/1719/2399 4140/1723/2403 4139/1722/2402
f 4141/1122/1554 4143/1724/2404 4142/1725/2405
f 4144/1122/1554 4146/1725/2406 4145/1726/2407
f 4147/1726/2407 4149/1123/1555 4148/1122/2408
f 4150/1125/1558 4152/1123/1555 4151/1726/2407
f 4153/1726/2409 4155/1727/2410 4154/1125/1558
f 4156/1127/1561 4158/1125/1558 4157/1727/2410
f 4159/1727/2410 4161/1728/2411 4160/1127/1561
f 4162/1129/1563 4164/1127/1561 4163/1728/2411
f 4165/1728/2411 4167/1729/2412 4166/1129/1563
f 4168/1131/2413 4170/1129/1563 4169/1729/2412
f 4171/1729/2412 4173/1730/2414 4172/1131/2413
f 4174/1133/1567 4176/1131/2413 4175/1730/2415
f 4177/1730/2414 4179/1731/2416 4178/1133/2417
f 4180/1133/2417 4182/1731/2418 4181/1732/2419
f 4183/1732/2420 4185/1135/2421 4184/1133/1567
f 4186/1138/2422 4188/1733/2423 4187/1734/2423
f 4189/1735/2424 4191/1736/2425 4190/1135/2426
f 4192/1135/2427 4194/1736/2428 4193/1139/1571
f 4195/1136/2429 4197/1737/2430 4196/1738/2431
f 4198/1738/2432 4200/1739/2433 4199/1136/2434
f 4201/1739/2435 4203/1738/2436 4202/1740/2437
f 4204/1740/2437 4206/1741/2438 4205/1739/2435
f 4207/1741/2438 4209/1740/2439 4208/1742/2440
f 4210/1742/2440 4212/1743/2441 4211/1741/2442
f 4213/1743/2443 4215/1742/2440 4214/1744/2444
f 4216/1744/2445 4218/1745/2446 4217/1743/2443
f 4219/1745/2446 4221/1744/2444 4220/1746/2447
f 4222/1746/2447 4224/1747/2448 4223/1745/2446
f 4225/1097/2448 4227/1615/2449 4226/1612/2450
f 4228/1748/2450 4230/1749/2451 4229/1747/2448
f 4231/1750/2452 4233/1612/2450 4232/1611/2453
f 4234/1611/2453 4236/1751/2454 4235/1750/2452
f 4237/1751/2454 4239/1611/2453 4238/1752/2455
f 4240/1752/2456 4242/1084/2457 4241/1751/2454
f 4243/1084/2458 4245/1752/2456 4244/1753/2459
f 4246/1753/2459 4248/1082/2460 4247/1084/2458
f 4249/1081/2461 4251/1082/2460 4250/1753/2459
f 4252/1753/2459 4254/1754/2462 4253/1081/2463
f 4255/1074/2464 4257/1081/2463 4256/1754/2462
f 4258/1754/2462 4260/1755/2465 4259/1074/2464
f 4261/1073/2466 4263/1074/2467 4262/1755/2465
f 4264/1755/2465 4266/1756/2468 4265/1073/2469
f 4267/1757/2470 4269/1073/2469 4268/1756/2468
f 4270/1756/2468 4272/1758/2471 4271/1757/2471
f 4273/1759/2472 4275/1757/2473 4274/1758/2474
f 4276/1758/2475 4278/1760/2476 4277/1759/2472
f 4279/1761/2477 4281/1759/2478 4280/1760/2476
f 4282/1760/2479 4284/1762/2480 4283/1761/2481
f 4285/1763/2482 4287/1761/2477 4286/1762/2483
f 4288/1762/2484 4290/1764/2485 4289/1763/2485
f 4291/1765/2486 4293/1763/2487 4292/1764/2488
f 4294/1764/2489 4296/1589/2490 4295/1765/2491
f 4297/1766/2492 4299/1765/2491 4298/1589/2490
f 4300/1589/2490 4302/1587/2493 4301/1766/2494
f 4303/1767/2495 4305/1766/2492 4304/1587/2496
f 4306/1587/2496 4308/1585/2497 4307/1767/2495
f 4309/1768/2498 4311/1767/2499 4310/1585/2500
f 4312/1585/2500 4314/1583/2501 4313/1768/2498
f 4315/1769/2502 4317/1770/2503 4316/1771/2504
f 4318/1771/2504 4320/1772/2505 4319/1769/2502
f 4321/1773/2506 4323/1769/2507 4322/1772/2508
f 4324/1772/2505 4326/1774/2509 4325/1773/2510
f 4327/1775/2511 4329/1773/2506 4328/1774/2509
f 4330/1774/2509 4332/1776/2512 4331/1775/2511
f 4333/1777/2513 4335/1775/2511 4334/1776/2512
f 4336/1776/2512 4338/1778/2514 4337/1777/2513
f 4339/1779/2515 4341/1777/2513 4340/1778/2516
f 4342/1778/2514 4344/1780/2517 4343/1779/2518
f 4345/1201/2519 4347/1781/2520 4346/1122/1676
f 4348/1122/2521 4350/1781/2522 4349/1782/2523
f 4351/1782/2523 4353/1724/2523 4352/1122/2521
f 4354/1783/2524 4356/1784/2525 4355/1785/2526
f 4357/1785/2527 4359/1786/2528 4358/1783/2524
f 4360/1787/2529 4362/1783/2530 4361/1786/2528
f 4363/1786/2528 4365/1788/2531 4364/1787/2532
f 4366/1789/2533 4368/1787/2534 4367/1788/2531
f 4369/1788/2531 4371/1790/2535 4370/1789/2533
f 4372/1791/2536 4374/1789/2533 4373/1790/2537
f 4375/1790/2537 4377/1792/2538 4376/1791/2536
f 4378/1793/2539 4380/1791/2540 4379/1792/2541
f 4381/1792/2541 4383/1794/2542 4382/1793/2543
f 4384/1795/2544 4386/1796/2545 4385/1580/2542
f 4387/1580/2542 4389/1584/2546 4388/1795/2547
f 4390/1797/2548 4392/1795/2547 4391/1584/2549
f 4393/1584/2549 4395/1586/2550 4394/1797/2548
f 4396/1798/2551 4398/1797/2548 4397/1586/2550
f 4399/1586/2550 4401/1588/2552 4400/1798/2551
f 4402/1799/2553 4404/1798/2551 4403/1588/2554
f 4405/1588/2554 4407/1590/2555 4406/1799/2553
f 4408/1800/2556 4410/1799/2553 4409/1590/2555
f 4411/1590/2555 4413/1801/2557 4412/1800/2556
f 4414/1802/2558 4416/1800/2556 4415/1801/2557
f 4417/1801/2557 4419/1803/2559 4418/1802/2558
f 4420/1804/2560 4422/1802/2558 4421/1803/2559
f 4423/1803/2559 4425/1805/2561 4424/1804/2560
f 4426/1806/2562 4428/1804/2563 4427/1805/2564
f 4429/1805/2561 4431/1807/2565 4430/1806/2562
f 4432/1808/2566 4434/1806/2567 4433/1807/2565
f 4435/1807/2565 4437/1809/2568 4436/1808/2569
f 4438/1810/2570 4440/1808/2569 4439/1809/2568
f 4441/1809/2571 4443/1811/2572 4442/1810/2570
f 4444/1812/2573 4446/1810/2574 4445/1811/2575
f 4447/1811/2575 4449/1813/2576 4448/1812/2577
f 4450/1814/2578 4452/1812/2573 4451/1813/2579
f 4453/1813/2580 4455/1815/2581 4454/1814/2578
f 4456/1816/2582 4458/1814/2578 4457/1815/2583
f 4459/1815/2581 4461/1817/2584 4460/1816/2585
f 4462/1818/2586 4464/1816/2587 4463/1817/2584
f 4465/1817/2584 4467/1613/2588 4466/1818/2586
f 4468/1819/2589 4470/1820/2590 4469/1821/2591
f 4471/1613/2591 4473/1614/2592 4472/1822/2593
f 4474/1822/2589 4476/1614/2592 4475/1616/2594
f 4477/1823/2595 4479/1822/2596 4478/1616/2597
f 4480/1616/2594 4482/1618/2598 4481/1823/2595
f 4483/1824/2599 4485/1825/2595 4484/1826/2600
f 4486/1618/2601 4488/1620/2602 4487/1827/2599
f 4489/1827/2599 4491/1620/2603 4490/1622/2604
f 4492/1824/2605 4494/1828/2606 4493/1829/2607
f 4495/1829/2608 4497/1734/2609 4496/1824/2605
f 4498/1830/2610 4500/1831/2611 4499/1832/2612
f 4501/1830/2613 4503/1833/2614 4502/1831/2611
f 4504/1834/2615 4506/1833/2614 4505/1830/2613
f 4507/1835/2616 4509/1836/2617 4508/1837/2618
f 4510/1837/2618 4512/1838/2619 4511/1835/2616
f 4513/1838/2620 4515/1837/2618 4514/1839/2621
f 4516/1839/2621 4518/1840/2622 4517/1838/2620
f 4519/1841/2623 4521/1840/2622 4520/1839/2624
f 4522/1839/2624 4524/1842/2625 4523/1841/2626
f 4525/1843/2627 4527/1844/2628 4526/1845/2629
f 4528/1843/2630 4530/1846/2631 4529/1844/2632
f 4531/1843/2633 4533/1847/2634 4532/1846/2631
f 4534/1848/2635 4536/1849/2636 4535/1850/2637
f 4537/1848/2635 4539/1851/2638 4538/1849/2639
f 4540/1852/2640 4542/1851/2641 4541/1848/2635
f 4543/1853/2642 4545/1854/2643 4544/1855/2644
f 4546/1855/2644 4548/1856/2645 4547/1853/2642
f 4549/1856/2645 4551/1855/2644 4550/1857/2646
f 4552/1857/2646 4554/1858/2647 4553/1856/2645
f 4555/1859/2648 4557/1858/2649 4556/1857/2646
f 4558/1857/2646 4560/1860/2650 4559/1859/2648
f 4561/1861/2651 4563/1862/2652 4562/1863/2653
f 4564/1861/2651 4566/1864/2654 4565/1862/2652
f 4567/1861/2651 4569/1865/2655 4568/1864/2654
f 4570/1866/2656 4572/1867/2657 4571/1868/2658
f 4573/1866/2656 4575/1869/2659 4574/1867/2657
f 4576/1870/2660 4578/1869/2659 4577/1866/2656
f 4579/1871/2661 4581/1872/2662 4580/1873/2663
f 4582/1873/2663 4584/1874/2664 4583/1871/2661
f 4585/1874/2664 4587/1873/2663 4586/1875/2665
f 4588/1875/2665 4590/1876/2666 4589/1874/2664
f 4591/1877/2667 4593/1876/2666 4592/1875/2665
f 4594/1875/2668 4596/1878/2669 4595/1877/2667
f 4597/1879/2670 4599/1880/2671 4598/1881/2672
f 4600/1879/2670 4602/1882/2673 4601/1880/2671
f 4603/1883/2674 4605/1882/2673 4604/1879/2670
f 4606/1884/2675 4608/1885/2676 4607/1886/2677
f 4609/1886/2678 4611/1887/2679 4610/1884/2680
f 4612/1887/2679 4614/1886/2677 4613/1888/2681
f 4615/1888/2682 4617/1889/2683 4616/1887/2679
f 4618/1890/2684 4620/1889/2685 4619/1888/2682
f 4621/1888/2682 4623/1891/2686 4622/1890/2684
f 4624/1892/2687 4626/1893/2688 4625/1894/2689
f 4627/1892/2687 4629/1895/2690 4628/1893/2691
f 4630/1892/2687 4632/1896/2692 4631/1895/2690
f 4633/1897/2693 4635/1898/2694 4634/1899/2695
f 4636/1899/2695 4638/1898/2694 4637/1900/2696
f 4639/1899/2695 4641/1900/2696 4640/1901/2697
f 4642/1902/2698 4644/1903/2699 4643/1904/2700
f 4645/1902/2698 4647/1904/2700 4646/1905/2701
f 4648/1902/2698 4650/1905/2701 4649/1906/2702
f 4651/1907/2703 4653/1908/2704 4652/1909/2705
f 4654/1907/2703 4656/1910/2706 4655/1908/2704
f 4657/1911/2707 4659/1910/2708 4658/1907/2709
f 4660/1912/2710 4662/1913/2711 4661/1914/2712
f 4663/1914/2712 4665/1915/2713 4664/1912/2714
f 4666/1915/2715 4668/1914/2716 4667/1916/2717
f 4669/1916/2718 4671/1917/2719 4670/1915/2720
f 4672/1918/2721 4674/1917/2719 4673/1916/2722
f 4675/1916/2722 4677/1919/2723 4676/1918/2724
f 4678/1920/2725 4680/1921/2726 4679/1922/2727
f 4681/1920/2725 4683/1923/2728 4682/1921/2726
f 4684/1924/2729 4686/1923/2730 4685/1920/2725
f 4687/1925/2731 4689/1926/2732 4688/1927/2733
f 4690/1927/2733 4692/1926/2732 4691/1928/2734
f 4693/1927/2733 4695/1928/2734 4694/1929/2735
f 4696/1930/2736 4698/1931/2737 4697/1932/2738
f 4699/1930/2736 4701/1932/2738 4700/1933/2739
f 4702/1930/2736 4704/1933/2740 4703/1934/2741
f 4705/1935/2742 4707/1936/2743 4706/1937/2744
f 4708/1937/2744 4710/1938/2745 4709/1935/2746
f 4711/1938/2745 4713/1937/2744 4712/1939/2747
f 4714/1939/2747 4716/1940/2748 4715/1938/2749
f 4717/1941/2750 4719/1940/2751 4718/1939/2752
f 4720/1939/2753 4722/1942/2754 4721/1941/2750
f 4723/1943/2755 4725/1944/2756 4724/1945/2757
f 4726/1945/2758 4728/1946/2759 4727/1943/2760
f 4729/1946/2759 4731/1945/2761 4730/1947/2762
f 4732/1947/2762 4734/1948/2763 4733/1946/2759
f 4735/1949/2764 4737/1948/2765 4736/1947/2762
f 4738/1947/2762 4740/1950/2766 4739/1949/2764
f 4741/1951/2767 4743/1952/2768 4742/1953/2769
f 4744/1951/2767 4746/1954/2770 4745/1952/2768
f 4747/1951/2767 4749/1955/2771 4748/1954/2770
f 4750/1956/2772 4752/1957/2773 4751/1958/2774
f 4753/1956/2772 4755/1959/2775 4754/1957/2776
f 4756/1960/2777 4758/1959/2775 4757/1956/2778
f 4759/1961/2779 4761/1962/2780 4760/1963/2781
f 4762/1963/2781 4764/1964/2782 4763/1961/2779
f 4765/1964/2782 4767/1963/2781 4766/1965/2783
f 4768/1965/2783 4770/1966/2784 4769/1964/2782
f 4771/1967/2785 4773/1966/2786 4772/1965/2787
f 4774/1965/2783 4776/1968/2788 4775/1967/2789
f 4777/1969/2790 4779/1970/2791 4778/1971/2792
f 4780/1969/2790 4782/1972/2793 4781/1970/2791
f 4783/1969/2790 4785/1973/2794 4784/1972/2793
f 4786/1974/2795 4788/1975/2796 4787/1976/2797
f 4789/1974/2795 4791/1977/2798 4790/1975/2799
f 4792/1978/2800 4794/1977/2798 4793/1974/2795
f 4795/1979/2801 4797/1980/2802 4796/1981/2803
f 4798/1981/2803 4800/1982/2804 4799/1979/2801
f 4801/1982/2804 4803/1981/2803 4802/1983/2805
f 4804/1983/2805 4806/1984/2806 4805/1982/2804
f 4807/1985/2807 4809/1984/2806 4808/1983/2808
f 4810/1983/2805 4812/1986/2809 4811/1985/2810
f 4813/1987/2811 4815/1988/2812 4814/1989/2813
f 4816/1987/2814 4818/1990/2815 4817/1988/2816
f 4819/1987/2814 4821/1991/2817 4820/1990/2815
f 4822/1992/2818 4824/1993/2799 4823/1994/2797
f 4825/1992/2818 4827/1995/2819 4826/1993/2820
f 4828/1996/2821 4830/1995/2822 4829/1992/2818
f 4831/1997/2823 4833/1998/2802 4832/1999/2824
f 4834/1999/2825 4836/2000/2826 4835/1997/2823
f 4837/2000/2827 4839/1999/2825 4838/2001/2828
f 4840/2001/2829 4842/2002/2830 4841/2000/2827
f 4843/2003/2831 4845/2002/2830 4844/2001/2829
f 4846/2001/2829 4848/2004/2832 4847/2003/2831
f 4849/2005/2833 4851/2006/2834 4850/2007/2835
f 4852/2007/2836 4854/2008/2837 4853/2005/2838
f 4855/2008/2837 4857/2007/2839 4856/2009/2840
f 4858/2009/2840 4860/2010/2841 4859/2008/2837
f 4861/2010/2841 4863/2009/2840 4862/2011/2842
f 4864/2011/2842 4866/2012/2843 4865/2010/2841
f 4867/2012/2844 4869/2011/2842 4868/2013/2845
f 4870/2013/2845 4872/2014/2846 4871/2012/2844
f 4873/2014/2846 4875/2013/2847 4874/2015/2848
f 4876/2015/2848 4878/2016/2849 4877/2014/2846
f 4879/2016/2849 4881/2015/2848 4880/2017/2850
f 4882/2017/2850 4884/2018/2851 4883/2016/2852
f 4885/2018/2851 4887/2017/2853 4886/2019/2854
f 4888/2019/2855 4890/2020/2856 4889/2018/2851
f 4891/2021/2857 4893/2020/2858 4892/2019/2859
f 4894/2019/2855 4896/2022/2860 4895/2021/2861
f 4897/2023/2862 4899/2021/2861 4898/2022/2863
f 4900/2022/2863 4902/2024/2864 4901/2023/2862
f 4903/2025/2865 4905/2026/2862 4904/463/2866
f 4906/463/2864 4908/462/2867 4907/2025/2865
f 4909/2027/2868 4911/2025/2869 4910/462/2867
f 4912/462/2867 4914/2028/2870 4913/2027/2868
f 4915/2029/2871 4917/2027/2868 4916/2028/2872
f 4918/2028/2872 4920/2030/2873 4919/2029/2874
f 4921/2031/2875 4923/2029/2874 4922/2030/2873
f 4924/2030/2873 4926/2032/2876 4925/2031/2875
f 4927/2031/2875 4929/2032/2876 4928/2033/2877
f 4930/2034/2877 4932/2035/2878 4931/2036/2879
f 4933/2035/2880 4935/2034/2877 4934/2037/2881
f 4936/2037/2881 4938/2038/2882 4937/2035/2878
f 4939/2039/2883 4941/2038/2882 4940/2037/2884
f 4942/2037/2881 4944/2040/2885 4943/2039/2886
f 4945/2041/2887 4947/2039/2886 4946/2040/2885
f 4948/2040/2888 4950/2042/2889 4949/2041/2890
f 4951/2043/2891 4953/2041/2892 4952/2042/2889
f 4954/2042/2889 4956/2044/2893 4955/2043/2891
f 4957/2045/2894 4959/2006/2834 4958/2005/2833
f 4960/2005/2895 4962/2046/2896 4961/2045/2894
f 4963/2047/2897 4965/2045/2894 4964/2046/2896
f 4966/2046/2896 4968/2048/2898 4967/2047/2897
f 4969/2049/2899 4971/2047/2897 4970/2048/2898
f 4972/2048/2898 4974/2050/2900 4973/2049/2899
f 4975/2051/2901 4977/2049/2899 4976/2050/2900
f 4978/2050/2900 4980/2052/2902 4979/2051/2901
f 4981/2053/2903 4983/2051/2901 4982/2052/2902
f 4984/2052/2902 4986/2054/2904 4985/2053/2903
f 4987/2055/2905 4989/2053/2903 4988/2054/2906
f 4990/2054/2907 4992/2056/2908 4991/2055/2905
f 4993/2057/2909 4995/2055/2905 4994/2056/2910
f 4996/2056/2910 4998/2058/2911 4997/2057/2909
f 4999/2059/2912 5001/2057/2909 5000/2058/2913
f 5002/2058/2913 5004/2060/2914 5003/2059/2915
f 5005/2061/2916 5007/2059/2915 5006/2060/2914
f 5008/2060/2914 5010/2062/2917 5009/2061/2916
f 5011/2063/2918 5013/2061/2919 5012/2062/2920
f 5014/2062/2920 5016/2064/2921 5015/2063/2922
f 5017/2063/2918 5019/2064/2923 5018/2065/2924
f 5020/2065/2925 5022/2066/2926 5021/2063/2927
f 5023/2067/2928 5025/2066/2929 5024/2065/2925
f 5026/2065/2925 5028/2068/2930 5027/2067/2928
f 5029/2069/2931 5031/2067/2932 5030/2068/2930
f 5032/2068/2930 5034/2070/2933 5033/2069/2931
f 5035/2071/2934 5037/2069/2931 5036/2070/2933
f 5038/2070/2933 5040/2072/2935 5039/2071/2934
f 5041/2071/2936 5043/2072/2935 5042/2073/2937
f 5044/2073/2938 5046/2074/2939 5045/2071/2936
f 5047/2075/2940 5049/2074/2939 5048/2073/2937
f 5050/2073/2941 5052/2076/2942 5051/2075/2940
f 5053/2077/2943 5055/2075/2940 5054/2076/2942
f 5056/2076/2944 5058/2078/2945 5057/2077/2946
f 5059/2079/2947 5061/2077/2946 5060/2078/2945
f 5062/2078/2945 5064/2080/2948 5063/2079/2947
f 5065/2044/2893 5067/2079/2947 5066/2080/2948
f 5068/2080/2948 5070/2043/2891 5069/2044/2893
f 5071/2081/2949 5073/2082/2950 5072/2083/2951
f 5074/2083/2952 5076/2084/2953 5075/2081/2954
f 5077/2085/2955 5079/2081/2949 5078/2084/2953
f 5080/2084/2953 5082/2086/2956 5081/2085/2955
f 5083/2087/2957 5085/2085/2955 5084/2086/2956
f 5086/2086/2956 5088/2088/2958 5087/2087/2957
f 5089/2089/2959 5091/2087/2957 5090/2088/2958
f 5092/2088/2958 5094/2090/2960 5093/2089/2959
f 5095/2091/2961 5097/2089/2962 5096/2090/2960
f 5098/2090/2960 5100/2092/2963 5099/2091/2961
f 5101/2093/2964 5103/2091/2961 5102/2092/2963
f 5104/2092/2965 5106/2094/2966 5105/2093/2964
f 5107/2095/2967 5109/2093/2968 5108/2094/2966
f 5110/2094/2966 5112/2096/2969 5111/2095/2970
f 5113/2095/2971 5115/2096/2972 5114/2097/2973
f 5116/2097/2974 5118/2098/2975 5117/2095/2970
f 5119/2098/2976 5121/2097/2974 5120/2099/2977
f 5122/2099/2978 5124/2100/2979 5123/2098/2980
f 5125/1307/2979 5127/2101/2981 5126/2102/2982
f 5128/2102/2983 5130/1309/2984 5129/1307/2985
f 5131/1309/2984 5133/2102/2986 5132/2103/2987
f 5134/2103/2987 5136/2104/2988 5135/1309/2984
f 5137/2104/2988 5139/2103/2987 5138/2105/2989
f 5140/2105/2990 5142/2106/2991 5141/2104/2988
f 5143/2106/2991 5145/2105/2990 5144/2107/2992
f 5146/2107/2993 5148/2108/2994 5147/2106/2991
f 5149/2109/2995 5151/2108/2994 5150/2107/2992
f 5152/2110/2993 5154/2111/2996 5153/2112/2995
f 5155/2113/2997 5157/2112/2995 5156/2111/2996
f 5158/2111/2996 5160/2114/2998 5159/2113/2997
f 5161/2113/2999 5163/2114/2998 5162/2115/3000
f 5164/2115/3001 5166/2116/3002 5165/2113/2997
f 5167/2116/3002 5169/2115/3001 5168/2117/3003
f 5170/2117/3004 5172/2118/3005 5171/2116/3006
f 5173/2118/3007 5175/2117/3004 5174/2119/3008
f 5176/2119/3008 5178/2120/3009 5177/2118/3005
f 5179/2083/3010 5181/2082/2950 5180/2121/3011
f 5182/2121/3011 5184/2122/3012 5183/2083/2952
f 5185/2122/3012 5187/2121/3011 5186/2123/3013
f 5188/2123/3013 5190/2124/3014 5189/2122/3012
f 5191/2124/3014 5193/2123/3013 5192/2125/3015
f 5194/2125/3015 5196/2126/3016 5195/2124/3014
f 5197/2126/3016 5199/2125/3015 5198/2127/3017
f 5200/2127/3017 5202/2128/3018 5201/2126/3016
f 5203/2128/3019 5205/2127/3017 5204/2129/3020
f 5206/2129/3021 5208/2130/3022 5207/2128/3018
f 5209/2130/3023 5211/2129/3024 5210/2131/3025
f 5212/2131/3026 5214/2132/3027 5213/2130/3028
f 5215/2132/3027 5217/2131/3029 5216/2133/3030
f 5218/2133/3030 5220/2134/3031 5219/2132/3027
f 5221/2134/3031 5223/2133/3030 5222/2135/3032
f 5224/2135/3033 5226/2136/3034 5225/2134/3035
f 5227/2136/3036 5229/2135/3037 5228/2137/3038
f 5230/2137/3038 5232/2138/3039 5231/2136/3036
f 5233/2138/3039 5235/2137/3040 5234/2139/3041
f 5236/2139/3041 5238/2140/3042 5237/2138/3039
f 5239/2141/3043 5241/2140/3044 5240/2139/3045
f 5242/2139/3046 5244/2142/3047 5243/2141/3048
f 5245/2141/3048 5247/2142/3049 5246/2143/3050
f 5248/2143/3050 5250/2144/3051 5249/2141/3052
f 5251/2144/3053 5253/2143/3054 5252/2145/3055
f 5254/2145/3055 5256/2146/3056 5255/2144/3053
f 5257/2146/3057 5259/2145/3055 5258/2147/3058
f 5260/2147/3059 5262/2148/3060 5261/2146/3057
f 5263/2149/3061 5265/2148/3060 5264/2147/3058
f 5266/2147/3059 5268/2150/3062 5267/2149/3063
f 5269/2149/3061 5271/2150/3062 5270/2151/3064
f 5272/2151/3064 5274/2152/3065 5273/2149/3061
f 5275/2152/3065 5277/2151/3064 5276/2153/3066
f 5278/2153/3067 5280/2154/3068 5279/2152/3065
f 5281/2154/3068 5283/2153/3067 5282/2155/3069
f 5284/2155/3069 5286/2156/3070 5285/2154/3068
f 5287/2156/3070 5289/2155/3069 5288/2120/3009
f 5290/2120/3009 5292/2119/3008 5291/2156/3070
f 5293/2119/3071 5295/2120/3072 5294/2156/3073
f 5296/2155/3074 5298/2156/3073 5297/2120/3072
f 5299/2156/3073 5301/2155/3074 5300/2154/3075
f 5302/2153/3076 5304/2154/3075 5303/2155/3074
f 5305/2154/3075 5307/2153/3076 5306/2152/3077
f 5308/2151/3078 5310/2152/3077 5309/2153/3076
f 5311/2152/3077 5313/2151/3078 5312/2149/3079
f 5314/2150/3080 5316/2149/3079 5315/2151/3078
f 5317/2150/3080 5319/2147/3081 5318/2149/3082
f 5320/2148/3083 5322/2149/3079 5321/2147/3084
f 5323/2148/3083 5325/2147/3081 5324/2146/3085
f 5326/2145/3086 5328/2146/3085 5327/2147/3081
f 5329/2146/3087 5331/2145/3086 5330/2144/3088
f 5332/2143/3089 5334/2144/3088 5333/2145/3086
f 5335/2144/3088 5337/2143/3090 5336/2141/3091
f 5338/2142/3092 5340/2141/3091 5339/2143/3090
f 5341/2142/3093 5343/2139/3094 5342/2141/3091
f 5344/2140/3095 5346/2141/3096 5345/2139/3097
f 5347/2140/3095 5349/2139/3098 5348/2138/3099
f 5350/2137/3100 5352/2138/3101 5351/2139/3097
f 5353/2138/3099 5355/2137/3100 5354/2136/3102
f 5356/2135/3103 5358/2136/3102 5357/2137/3100
f 5359/2136/3104 5361/2135/3105 5360/2134/3106
f 5362/2133/3107 5364/2134/3108 5363/2135/3103
f 5365/2134/3108 5367/2133/3107 5366/2132/3109
f 5368/2131/3110 5370/2132/3109 5369/2133/3107
f 5371/2132/3109 5373/2131/3111 5372/2130/3112
f 5374/2129/3113 5376/2130/3114 5375/2131/3110
f 5377/2130/3115 5379/2129/3116 5378/2128/3117
f 5380/2127/3118 5382/2128/3119 5381/2129/3120
f 5383/2128/3117 5385/2127/3118 5384/2126/3121
f 5386/2125/3122 5388/2126/3121 5387/2127/3118
f 5389/2126/3121 5391/2125/3123 5390/2124/3124
f 5392/2123/3125 5394/2124/3124 5393/2125/3123
f 5395/2124/3124 5397/2123/3125 5396/2122/3126
f 5398/2121/3127 5400/2122/3126 5399/2123/3125
f 5401/2122/3126 5403/2121/3127 5402/2083/3128
f 5404/2082/3129 5406/2083/3130 5405/2121/3127
f 5407/2120/3072 5409/2119/3071 5408/2118/3131
f 5410/2117/3132 5412/2118/3131 5411/2119/3071
f 5413/2118/3131 5415/2117/3133 5414/2116/3134
f 5416/2115/3135 5418/2116/3136 5417/2117/3137
f 5419/2116/3136 5421/2115/3135 5420/2113/3138
f 5422/2114/3139 5424/2113/3138 5423/2115/3140
f 5425/2114/3141 5427/2111/3142 5426/2113/3138
f 5428/2112/3143 5430/2113/3138 5429/2111/3144
f 5431/2111/3142 5433/2110/3145 5432/2112/3143
f 5434/2108/3146 5436/2109/3143 5435/2107/3147
f 5437/2108/3148 5439/2107/3145 5438/2106/3149
f 5440/2105/3150 5442/2106/3149 5441/2107/3147
f 5443/2106/3149 5445/2105/3150 5444/2104/3151
f 5446/2103/3152 5448/2104/3153 5447/2105/3154
f 5449/2104/3151 5451/2103/3152 5450/1309/3155
f 5452/2102/3156 5454/1309/3155 5453/2103/3152
f 5455/1309/3155 5457/2102/3157 5456/1307/3158
f 5458/2101/3159 5460/1307/3158 5459/2102/3160
f 5461/2100/3161 5463/2099/3162 5462/2098/3163
f 5464/2097/3164 5466/2098/3163 5465/2099/3162
f 5467/2098/3165 5469/2097/3164 5468/2095/3166
f 5470/2096/3167 5472/2095/3168 5471/2097/3169
f 5473/2096/3170 5475/2094/3171 5474/2095/3166
f 5476/2093/3172 5478/2095/3173 5477/2094/3174
f 5479/2094/3174 5481/2092/3175 5480/2093/3176
f 5482/2091/3177 5484/2093/3176 5483/2092/3178
f 5485/2092/3178 5487/2090/3179 5486/2091/3177
f 5488/2089/3180 5490/2091/3177 5489/2090/3179
f 5491/2090/3179 5493/2088/3181 5492/2089/3182
f 5494/2087/3183 5496/2089/3182 5495/2088/3181
f 5497/2088/3184 5499/2086/3185 5498/2087/3183
f 5500/2085/3186 5502/2087/3183 5501/2086/3185
f 5503/2086/3185 5505/2084/3187 5504/2085/3186
f 5506/2081/3188 5508/2085/3186 5507/2084/3187
f 5509/2084/3187 5511/2083/3189 5510/2081/3190
f 5512/2082/3129 5514/2081/3188 5513/2083/3189
f 5515/2043/3191 5517/2080/3192 5516/2044/3193
f 5518/2079/3194 5520/2044/3193 5519/2080/3192
f 5521/2080/3192 5523/2078/3195 5522/2079/3194
f 5524/2077/3196 5526/2079/3197 5525/2078/3195
f 5527/2078/3195 5529/2076/3198 5528/2077/3196
f 5530/2075/3199 5532/2077/3196 5531/2076/3198
f 5533/2076/3198 5535/2073/3200 5534/2075/3199
f 5536/2074/3201 5538/2075/3199 5537/2073/3200
f 5539/2074/3201 5541/2073/3202 5540/2071/3203
f 5542/2072/3204 5544/2071/3205 5543/2073/3200
f 5545/2072/3204 5547/2070/3206 5546/2071/3203
f 5548/2069/3207 5550/2071/3203 5549/2070/3206
f 5551/2070/3208 5553/2068/3209 5552/2069/3207
f 5554/2067/3210 5556/2069/3207 5555/2068/3209
f 5557/2068/3211 5559/2065/3212 5558/2067/3213
f 5560/2066/3214 5562/2067/3213 5561/2065/3212
f 5563/2066/3215 5565/2065/3212 5564/2063/3216
f 5566/2064/3217 5568/2063/3218 5567/2065/3219
f 5569/2064/3217 5571/2062/3220 5570/2063/3221
f 5572/2061/3222 5574/2063/3221 5573/2062/3223
f 5575/2062/3220 5577/2060/3224 5576/2061/3225
f 5578/2059/3226 5580/2061/3222 5579/2060/3224
f 5581/2060/3224 5583/2058/3227 5582/2059/3226
f 5584/2057/3228 5586/2059/3229 5585/2058/3227
f 5587/2058/3230 5589/2056/3231 5588/2057/3228
f 5590/2055/3232 5592/2057/3233 5591/2056/3231
f 5593/2056/3231 5595/2054/3234 5594/2055/3232
f 5596/2053/3235 5598/2055/3236 5597/2054/3234
f 5599/2054/3237 5601/2052/3238 5600/2053/3239
f 5602/2051/3240 5604/2053/3241 5603/2052/3242
f 5605/2052/3238 5607/2050/3243 5606/2051/3240
f 5608/2049/3244 5610/2051/3240 5609/2050/3243
f 5611/2050/3243 5613/2048/3245 5612/2049/3246
f 5614/2047/3247 5616/2049/3246 5615/2048/3245
f 5617/2048/3245 5619/2046/3248 5618/2047/3247
f 5620/2045/3249 5622/2047/3247 5621/2046/3248
f 5623/2046/3248 5625/2005/3250 5624/2045/3249
f 5626/2006/3251 5628/2045/3249 5627/2005/3252
f 5629/2044/3193 5631/2042/3253 5630/2043/3254
f 5632/2041/3255 5634/2043/3254 5633/2042/3253
f 5635/2042/3253 5637/2040/3256 5636/2041/3257
f 5638/2039/3258 5640/2041/3259 5639/2040/3260
f 5641/2040/3260 5643/2037/3261 5642/2039/3258
f 5644/2038/3262 5646/2039/3263 5645/2037/3261
f 5647/2038/3262 5649/2037/3261 5648/2035/3264
f 5650/2034/3265 5652/2035/3266 5651/2037/3261
f 5653/2035/3264 5655/2034/3265 5654/2036/3267
f 5656/2032/3268 5658/2031/3269 5657/2033/3265
f 5659/2032/3270 5661/2030/3271 5660/2031/3267
f 5662/2029/3272 5664/2031/3269 5663/2030/3271
f 5665/2030/3271 5667/2028/3273 5666/2029/3272
f 5668/2027/3274 5670/2029/3275 5669/2028/3276
f 5671/2028/3273 5673/462/3277 5672/2027/3274
f 5674/2025/3278 5676/2027/3274 5675/462/3277
f 5677/462/3277 5679/463/3279 5678/2025/3280
f 5680/2026/3281 5682/2025/3282 5681/463/3283
f 5683/2024/3279 5685/2022/3284 5684/2023/3285
f 5686/2021/3286 5688/2023/3285 5687/2022/3284
f 5689/2022/3287 5691/2019/3288 5690/2021/3286
f 5692/2020/3289 5694/2021/3290 5693/2019/3291
f 5695/2020/3292 5697/2019/3288 5696/2018/3293
f 5698/2017/3294 5700/2018/3295 5699/2019/3296
f 5701/2018/3295 5703/2017/3297 5702/2016/3298
f 5704/2015/3299 5706/2016/3300 5705/2017/3297
f 5707/2016/3300 5709/2015/3299 5708/2014/3301
f 5710/2013/3302 5712/2014/3301 5711/2015/3299
f 5713/2014/3301 5715/2013/3303 5714/2012/3304
f 5716/2011/3305 5718/2012/3304 5717/2013/3303
f 5719/2012/3306 5721/2011/3305 5720/2010/3307
f 5722/2009/3308 5724/2010/3307 5723/2011/3305
f 5725/2010/3307 5727/2009/3308 5726/2008/3309
f 5728/2007/3310 5730/2008/3309 5729/2009/3308
f 5731/2008/3309 5733/2007/3311 5732/2005/3312
f 5734/2006/3251 5736/2005/3312 5735/2007/3310
f 5737/2004/3313 5739/2001/3314 5738/2003/3315
f 5740/2002/3316 5742/2003/3315 5741/2001/3314
f 5743/2002/3316 5745/2001/3314 5744/2000/3317
f 5746/1999/3318 5748/2000/3319 5747/2001/3320
f 5749/2000/3317 5751/1999/3318 5750/1997/3321
f 5752/1998/3322 5754/1997/3321 5753/1999/3318
f 5755/1995/3323 5757/1996/3324 5756/1992/3325
f 5758/1995/3323 5760/1992/3326 5759/1993/3327
f 5761/1993/3328 5763/1992/3326 5762/1994/3329
f 5764/1991/3330 5766/1987/3331 5765/1990/3332
f 5767/1990/3332 5769/1987/3333 5768/1988/3334
f 5770/1988/3335 5772/1987/3333 5771/1989/3336
f 5773/1986/3337 5775/1983/3338 5774/1985/3339
f 5776/1984/3340 5778/1985/3339 5777/1983/3341
f 5779/1984/3342 5781/1983/3338 5780/1982/3343
f 5782/1981/3344 5784/1982/3343 5783/1983/3345
f 5785/1982/3343 5787/1981/3344 5786/1979/3346
f 5788/1980/3322 5790/1979/3346 5789/1981/3344
f 5791/1977/3347 5793/1978/3348 5792/1974/3349
f 5794/1977/3347 5796/1974/3349 5795/1975/3350
f 5797/1975/3350 5799/1974/3349 5798/1976/3329
f 5800/1973/3351 5802/1969/3352 5801/1972/3353
f 5803/1972/3353 5805/1969/3354 5804/1970/3355
f 5806/1970/3355 5808/1969/3352 5807/1971/3356
f 5809/1968/3357 5811/1965/3358 5810/1967/3359
f 5812/1966/3360 5814/1967/3361 5813/1965/3358
f 5815/1966/3362 5817/1965/3358 5816/1964/3363
f 5818/1963/3364 5820/1964/3363 5819/1965/3358
f 5821/1964/3363 5823/1963/3364 5822/1961/3365
f 5824/1962/3366 5826/1961/3365 5825/1963/3364
f 5827/1959/3367 5829/1960/3368 5828/1956/3369
f 5830/1959/3367 5832/1956/3370 5831/1957/3371
f 5833/1957/3371 5835/1956/3370 5834/1958/3372
f 5836/1955/3373 5838/1951/3374 5837/1954/3375
f 5839/1954/3375 5841/1951/3374 5840/1952/3376
f 5842/1952/3376 5844/1951/3374 5843/1953/3377
f 5845/1950/3378 5847/1947/3379 5846/1949/3380
f 5848/1948/3381 5850/1949/3380 5849/1947/3379
f 5851/1948/3382 5853/1947/3383 5852/1946/3384
f 5854/1945/3385 5856/1946/3386 5855/1947/3379
f 5857/1946/3386 5859/1945/3385 5858/1943/3387
f 5860/1944/3388 5862/1943/3389 5861/1945/3390
f 5863/1942/3391 5865/1939/3392 5864/1941/3393
f 5866/1940/3394 5868/1941/3393 5867/1939/3395
f 5869/1940/3396 5871/1939/3392 5870/1938/3397
f 5872/1937/3398 5874/1938/3399 5873/1939/3392
f 5875/1938/3399 5877/1937/3398 5876/1935/3400
f 5878/1936/3401 5880/1935/3402 5879/1937/3398
f 5881/1933/3403 5883/1930/3404 5882/1934/3405
f 5884/1932/3406 5886/1930/3404 5885/1933/3407
f 5887/1931/3408 5889/1930/3404 5888/1932/3406
f 5890/1928/3409 5892/1927/3410 5891/1929/3411
f 5893/1926/3412 5895/1927/3413 5894/1928/3409
f 5896/1926/3412 5898/1925/3414 5897/1927/3413
f 5899/1923/3415 5901/1924/3416 5900/1920/3417
f 5902/1923/3415 5904/1920/3417 5903/1921/3418
f 5905/1921/3419 5907/1920/3417 5906/1922/3420
f 5908/1919/3421 5910/1916/3422 5909/1918/3423
f 5911/1917/3424 5913/1918/3423 5912/1916/3422
f 5914/1917/3424 5916/1916/3425 5915/1915/3426
f 5917/1914/3427 5919/1915/3428 5918/1916/3422
f 5920/1915/3426 5922/1914/3427 5921/1912/3429
f 5923/1913/3430 5925/1912/3431 5924/1914/3432
f 5926/1910/3433 5928/1911/3434 5927/1907/3435
f 5929/1910/3436 5931/1907/3437 5930/1908/3438
f 5932/1908/3438 5934/1907/3435 5933/1909/3439
f 5935/1905/3440 5937/1902/3441 5936/1906/3442
f 5938/1904/3443 5940/1902/3441 5939/1905/3440
f 5941/1903/3444 5943/1902/3441 5942/1904/3443
f 5944/1900/3445 5946/1899/3446 5945/1901/3447
f 5947/1898/3448 5949/1899/3449 5948/1900/3450
f 5950/1898/3448 5952/1897/3451 5951/1899/3449
f 5953/1896/3452 5955/1892/3453 5954/1895/3454
f 5956/1895/3454 5958/1892/3453 5957/1893/3455
f 5959/1893/3455 5961/1892/3453 5960/1894/3456
f 5962/1891/3457 5964/1888/3458 5963/1890/3459
f 5965/1889/3460 5967/1890/3459 5966/1888/3458
f 5968/1889/3461 5970/1888/3462 5969/1887/3463
f 5971/1886/3464 5973/1887/3463 5972/1888/3465
f 5974/1887/3463 5976/1886/3464 5975/1884/3466
f 5977/1885/3467 5979/1884/3468 5978/1886/3469
f 5980/1882/3470 5982/1883/3471 5981/1879/3472
f 5983/1882/3470 5985/1879/3472 5984/1880/3473
f 5986/1880/3473 5988/1879/3472 5987/1881/3474
f 5989/1878/3475 5991/1875/3476 5990/1877/3477
f 5992/1876/3478 5994/1877/3477 5993/1875/3479
f 5995/1876/3478 5997/1875/3479 5996/1874/3480
f 5998/1873/3481 6000/1874/3480 5999/1875/3479
f 6001/1874/3480 6003/1873/3481 6002/1871/3482
f 6004/1872/3483 6006/1871/3482 6005/1873/3481
f 6007/1869/3484 6009/1870/3485 6008/1866/3486
f 6010/1869/3484 6012/1866/3486 6011/1867/3487
f 6013/1867/3487 6015/1866/3488 6014/1868/3489
f 6016/1865/3490 6018/1861/3491 6017/1864/3492
f 6019/1864/3492 6021/1861/3491 6020/1862/3493
f 6022/1862/3493 6024/1861/3494 6023/1863/3495
f 6025/1860/3496 6027/1857/3497 6026/1859/3498
f 6028/1858/3499 6030/1859/3498 6029/1857/3497
f 6031/1858/3500 6033/1857/3497 6032/1856/3501
f 6034/1855/3502 6036/1856/3503 6035/1857/3497
f 6037/1856/3504 6039/1855/3502 6038/1853/3505
f 6040/1854/3506 6042/1853/3505 6041/1855/3502
f 6043/1851/3507 6045/1852/3508 6044/1848/3509
f 6046/1851/3507 6048/1848/3509 6047/1849/3510
f 6049/1849/3511 6051/1848/3509 6050/1850/3512
f 6052/1847/3513 6054/1843/3514 6053/1846/3515
f 6055/1846/3516 6057/1843/3517 6056/1844/3518
f 6058/1844/3518 6060/1843/3519 6059/1845/3520
f 6061/1842/3521 6063/1839/3522 6062/1841/3523
f 6064/1840/3524 6066/1841/3523 6065/1839/3522
f 6067/1840/3524 6069/1839/3525 6068/1838/3526
f 6070/1837/3527 6072/1838/3528 6071/1839/3525
f 6073/1838/3529 6075/1837/3527 6074/1835/3530
f 6076/1836/3531 6078/1835/3530 6077/1837/3527
f 6079/1833/3532 6081/1834/3533 6080/1830/3534
f 6082/1833/3532 6084/1830/3535 6083/1831/3536
f 6085/1831/3536 6087/1830/3535 6086/1832/3537
f 6088/1734/3538 6090/1829/3539 6089/1824/3540
f 6091/1828/3541 6093/1824/3540 6092/1829/3542
f 6094/1620/3543 6096/1827/3540 6095/1622/3544
f 6097/1620/3545 6099/1618/3546 6098/1827/3547
f 6100/1825/3548 6102/1824/3547 6101/1826/3549
f 6103/1618/3546 6105/1616/3550 6104/1823/3548
f 6106/1822/3551 6108/1823/3548 6107/1616/3552
f 6109/1614/3553 6111/1822/3554 6110/1616/3550
f 6112/1614/3553 6114/1613/3555 6113/1822/3556
f 6115/1820/3557 6117/1819/3554 6116/1821/3555
f 6118/1613/3558 6120/1817/3559 6119/1818/3560
f 6121/1816/3561 6123/1818/3560 6122/1817/3559
f 6124/1817/3559 6126/1815/3562 6125/1816/3563
f 6127/1814/3564 6129/1816/3565 6128/1815/3566
f 6130/1815/3562 6132/1813/3567 6131/1814/3564
f 6133/1812/3568 6135/1814/3564 6134/1813/3569
f 6136/1813/3570 6138/1811/3571 6137/1812/3572
f 6139/1810/3573 6141/1812/3568 6140/1811/3574
f 6142/1811/3575 6144/1809/3576 6143/1810/3577
f 6145/1808/3578 6147/1810/3577 6146/1809/3579
f 6148/1809/3579 6150/1807/3580 6149/1808/3578
f 6151/1806/3581 6153/1808/3582 6152/1807/3580
f 6154/1807/3580 6156/1805/3583 6155/1806/3584
f 6157/1804/3585 6159/1806/3584 6158/1805/3586
f 6160/1805/3586 6162/1803/3587 6161/1804/3585
f 6163/1802/3588 6165/1804/3589 6164/1803/3587
f 6166/1803/3587 6168/1801/3590 6167/1802/3588
f 6169/1800/3591 6171/1802/3592 6170/1801/3593
f 6172/1801/3590 6174/1590/3594 6173/1800/3591
f 6175/1799/3595 6177/1800/3591 6176/1590/3594
f 6178/1590/3594 6180/1588/3596 6179/1799/3595
f 6181/1798/3597 6183/1799/3595 6182/1588/3596
f 6184/1588/3598 6186/1586/3599 6185/1798/3597
f 6187/1797/3600 6189/1798/3597 6188/1586/3599
f 6190/1586/3599 6192/1584/3601 6191/1797/3600
f 6193/1795/3602 6195/1797/3600 6194/1584/3601
f 6196/1584/3603 6198/1580/3604 6197/1795/3602
f 6199/1796/3605 6201/1795/3602 6200/1580/3604
f 6202/1794/3604 6204/1792/3606 6203/1793/3607
f 6205/1791/3608 6207/1793/3609 6206/1792/3606
f 6208/1792/3610 6210/1790/3611 6209/1791/3612
f 6211/1789/3613 6213/1791/3612 6212/1790/3611
f 6214/1790/3614 6216/1788/3615 6215/1789/3613
f 6217/1787/3616 6219/1789/3613 6218/1788/3615
f 6220/1788/3615 6222/1786/3617 6221/1787/3618
f 6223/1783/3619 6225/1787/3618 6224/1786/3617
f 6226/1786/3617 6228/1785/3620 6227/1783/3621
f 6229/1784/3622 6231/1783/3621 6230/1785/3623
f 6232/1724/3624 6234/1782/3624 6233/1122/3625
f 6235/1781/3626 6237/1122/3625 6236/1782/3627
f 6238/1781/3628 6240/1201/3629 6239/1122/3630
f 6241/1780/3631 6243/1778/3632 6242/1779/3633
f 6244/1777/3634 6246/1779/3633 6245/1778/3635
f 6247/1778/3632 6249/1776/3636 6248/1777/3634
f 6250/1775/3637 6252/1777/3634 6251/1776/3636
f 6253/1776/3636 6255/1774/3638 6254/1775/3639
f 6256/1773/3640 6258/1775/3639 6257/1774/3638
f 6259/1774/3641 6261/1772/3642 6260/1773/3640
f 6262/1769/3643 6264/1773/3640 6263/1772/3644
f 6265/1772/3642 6267/1771/3645 6266/1769/3646
f 6268/1770/3647 6270/1769/3646 6269/1771/3648
f 6271/1583/3649 6273/1585/3650 6272/1768/3651
f 6274/1767/3652 6276/1768/3651 6275/1585/3650
f 6277/1585/3653 6279/1587/3654 6278/1767/3655
f 6280/1766/3656 6282/1767/3655 6281/1587/3654
f 6283/1587/3657 6285/1589/3658 6284/1766/3659
f 6286/1765/3660 6288/1766/3656 6287/1589/3658
f 6289/1589/3658 6291/1764/3661 6290/1765/3660
f 6292/1763/3662 6294/1765/3663 6293/1764/3664
f 6295/1764/3665 6297/1762/3666 6296/1763/3665
f 6298/1761/3667 6300/1763/3668 6299/1762/3669
f 6301/1762/3669 6303/1760/3670 6302/1761/3671
f 6304/1759/3672 6306/1761/3671 6305/1760/3670
f 6307/1760/3670 6309/1758/3673 6308/1759/3674
f 6310/1757/3675 6312/1759/3676 6311/1758/3677
f 6313/1758/3678 6315/1756/3679 6314/1757/3678
f 6316/1073/3680 6318/1757/3681 6317/1756/3679
f 6319/1756/3679 6321/1755/3682 6320/1073/3680
f 6322/1074/3683 6324/1073/3684 6323/1755/3682
f 6325/1755/3682 6327/1754/3685 6326/1074/3683
f 6328/1081/3686 6330/1074/3687 6329/1754/3685
f 6331/1754/3685 6333/1753/3688 6332/1081/3686
f 6334/1082/3689 6336/1081/3686 6335/1753/3688
f 6337/1082/3689 6339/1753/3688 6338/1084/3690
f 6340/1752/3691 6342/1084/3690 6341/1753/3692
f 6343/1084/3693 6345/1752/3691 6344/1751/3694
f 6346/1611/3695 6348/1751/3694 6347/1752/3696
f 6349/1751/3694 6351/1611/3695 6350/1750/3697
f 6352/1612/3698 6354/1750/3697 6353/1611/3695
f 6355/1749/3699 6357/1748/3698 6356/1747/3700
f 6358/1615/3701 6360/1097/3700 6359/1612/3698
f 6361/1747/3700 6363/1746/3702 6362/1745/3703
f 6364/1744/3704 6366/1745/3703 6365/1746/3702
f 6367/1745/3703 6369/1744/3705 6368/1743/3706
f 6370/1742/3707 6372/1743/3706 6371/1744/3704
f 6373/1743/3708 6375/1742/3707 6374/1741/3709
f 6376/1740/3710 6378/1741/3709 6377/1742/3707
f 6379/1741/3711 6381/1740/3712 6380/1739/3713
f 6382/1738/3714 6384/1739/3713 6383/1740/3712
f 6385/1739/3715 6387/1738/3716 6386/1136/3717
f 6388/1737/3718 6390/1136/3719 6389/1738/3716
f 6391/1736/3720 6393/1135/3721 6392/1139/3722
f 6394/1736/3723 6396/1735/3724 6395/1135/3725
f 6397/1733/3726 6399/1138/3727 6398/1734/3726
f 6400/1135/3728 6402/1732/3729 6401/1133/3730
f 6403/1731/3731 6405/1133/3732 6404/1732/3733
f 6406/1731/3734 6408/1730/3735 6407/1133/3732
f 6409/1131/3736 6411/1133/3730 6410/1730/3737
f 6412/1730/3735 6414/1729/3738 6413/1131/3736
f 6415/1129/3739 6417/1131/3736 6416/1729/3738
f 6418/1729/3738 6420/1728/3740 6419/1129/3739
f 6421/1127/3741 6423/1129/3739 6422/1728/3740
f 6424/1728/3740 6426/1727/3742 6425/1127/3741
f 6427/1125/3743 6429/1127/3741 6428/1727/3742
f 6430/1727/3742 6432/1726/3744 6431/1125/3743
f 6433/1123/3745 6435/1125/3743 6434/1726/3744
f 6436/1123/3745 6438/1726/3744 6437/1122/3746
f 6439/1725/3747 6441/1122/3748 6440/1726/3749
f 6442/1724/3750 6444/1122/3748 6443/1725/3747
f 6445/1723/3751 6447/1719/3752 6446/1722/3753
f 6448/1722/3754 6450/1719/3752 6449/1720/3755
f 6451/1720/3755 6453/1719/3752 6452/1721/3756
f 6454/1718/3757 6456/1715/3758 6455/1717/3759
f 6457/1716/3760 6459/1717/3759 6458/1715/3761
f 6460/1716/3762 6462/1715/3758 6461/1714/3763
f 6463/1713/3764 6465/1714/3763 6464/1715/3758
f 6466/1714/3763 6468/1713/3764 6467/1711/3765
f 6469/1712/3766 6471/1711/3767 6470/1713/3768
f 6472/1710/3769 6474/1707/3770 6473/1709/3771
f 6475/1708/3772 6477/1709/3771 6476/1707/3770
f 6478/1708/3773 6480/1707/3770 6479/1706/3774
f 6481/1705/3775 6483/1706/3774 6482/1707/3770
f 6484/1706/3774 6486/1705/3775 6485/1703/3776
f 6487/1704/3777 6489/1703/3776 6488/1705/3775
f 6490/1701/3778 6492/1702/3779 6491/1698/3780
f 6493/1701/3778 6495/1698/3780 6494/1699/3781
f 6496/1699/3781 6498/1698/3780 6497/1700/3782
f 6499/1696/3783 6501/1697/3784 6500/1693/3785
f 6502/1696/3783 6504/1693/3785 6503/1694/3786
f 6505/1694/3787 6507/1693/3788 6506/1695/3789
f 6508/1692/3790 6510/1688/3791 6509/1691/3792
f 6511/1691/3792 6513/1688/3791 6512/1689/3793
f 6514/1689/3793 6516/1688/3794 6515/1690/3795
f 6517/1687/3796 6519/1683/3797 6518/1686/3798
f 6520/1686/3798 6522/1683/3797 6521/1684/3799
f 6523/1684/3799 6525/1683/3797 6524/1685/3800
f 6526/1682/3801 6528/1679/3802 6527/1681/3803
f 6529/1680/3804 6531/1681/3805 6530/1679/3806
f 6532/1680/3807 6534/1679/3808 6533/1678/3809
f 6535/1677/3810 6537/1678/3809 6536/1679/3806
f 6538/1678/3809 6540/1677/3811 6539/1675/3812
f 6541/1676/3813 6543/1675/3812 6542/1677/3811
f 6544/1674/3814 6546/1671/3815 6545/1673/3816
f 6547/1672/3817 6549/1673/3816 6548/1671/3815
f 6550/1672/3817 6552/1671/3818 6551/1670/3819
f 6553/1669/3820 6555/1670/3819 6554/1671/3818
f 6556/1670/3819 6558/1669/3820 6557/1667/3821
f 6559/1668/3822 6561/1667/3821 6560/1669/3820
f 6562/1665/3823 6564/1666/3824 6563/1662/3825
f 6565/1665/3826 6567/1662/3825 6566/1663/3827
f 6568/1663/3827 6570/1662/3828 6569/1664/3829
f 6571/1661/3830 6573/1657/3831 6572/1660/3832
f 6574/1660/3832 6576/1657/3831 6575/1658/3833
f 6577/1658/3833 6579/1657/3834 6578/1659/3835
f 6580/1655/3836 6582/1656/3837 6581/1652/3838
f 6583/1655/3836 6585/1652/3838 6584/1653/3839
f 6586/1653/3839 6588/1652/3840 6587/1654/3841
f 6589/1651/3842 6591/1648/3843 6590/1650/3844
f 6592/1649/3845 6594/1650/3844 6593/1648/3843
f 6595/1649/3846 6597/1648/3843 6596/1647/3847
f 6598/1646/3848 6600/1647/3849 6599/1648/3850
f 6601/1647/3851 6603/1646/3848 6602/1644/3852
f 6604/1645/3853 6606/1644/3852 6605/1646/3854
f 6607/1642/3855 6609/1643/3856 6608/1639/3857
f 6610/1642/3858 6612/1639/3857 6611/1640/3859
f 6613/1640/3859 6615/1639/3857 6614/1641/3860
f 6616/1638/3861 6618/1634/3862 6617/1637/3863
f 6619/1637/3863 6621/1634/3862 6620/1635/3864
f 6622/1635/3865 6624/1634/3862 6623/1636/3866
f 6625/1632/3867 6627/1629/3868 6626/1633/3869
f 6628/1631/3870 6630/1629/3868 6629/1632/3867
f 6631/1630/3871 6633/1629/3872 6632/1631/3870
f 6634/1628/3873 6636/1624/3874 6635/1627/3875
f 6637/1627/3875 6639/1624/3874 6638/1625/3876
f 6640/1625/3876 6642/1624/3874 6641/1626/3877
f 6643/1009/3878 6645/1623/3879 6644/1008/3880
f 6646/1622/3881 6648/1008/3882 6647/1623/3879
f 6649/1623/3879 6651/1621/3883 6650/1622/3881
f 6652/1620/3884 6654/1622/3885 6653/1621/3883
f 6655/1621/3883 6657/1619/3886 6656/1620/3887
f 6658/1618/3888 6660/1620/3884 6659/1619/3886
f 6661/1619/3886 6663/1617/3889 6662/1618/3890
f 6664/1616/3891 6666/1618/3892 6665/1617/3893
f 6667/1617/3893 6669/1615/3894 6668/1616/3891
f 6670/1614/3895 6672/1616/3891 6671/1615/3894
f 6673/1615/3896 6675/1612/3897 6674/1614/3895
f 6676/1613/3898 6678/1614/3899 6677/1612/3897
f 6679/1612/3897 6681/1611/3900 6680/1613/3901
f 6682/1608/3902 6684/1610/3898 6683/1609/3900
f 6685/1609/3900 6687/1607/3903 6686/1608/3902
f 6688/1606/3904 6690/1608/3902 6689/1607/3903
f 6691/1607/3903 6693/1605/3905 6692/1606/3904
f 6694/1604/3906 6696/1606/3904 6695/1605/3905
f 6697/1605/3905 6699/1603/3907 6698/1604/3908
f 6700/1602/3909 6702/1604/3906 6701/1603/3907
f 6703/1603/3907 6705/1601/3910 6704/1602/3911
f 6706/1600/3912 6708/1602/3911 6707/1601/3910
f 6709/1601/3910 6711/1599/3913 6710/1600/3914
f 6712/1598/3915 6714/1600/3914 6713/1599/3913
f 6715/1599/3913 6717/1597/3916 6716/1598/3915
f 6718/1596/3917 6720/1598/3915 6719/1597/3916
f 6721/1597/3916 6723/1066/3918 6722/1596/3919
f 6724/1595/3920 6726/1596/3917 6725/1066/3918
f 6727/1066/3918 6729/1064/3921 6728/1595/3920
f 6730/1594/3922 6732/1595/3920 6731/1064/3923
f 6733/1064/3923 6735/1592/3924 6734/1594/3922
f 6736/1593/3925 6738/1594/3922 6737/1592/3924
f 6739/1592/3926 6741/1591/3927 6740/1593/3925
f 6742/1588/3928 6744/1590/3925 6743/1589/3929
f 6745/1589/3930 6747/1587/3931 6746/1588/3932
f 6748/1586/3933 6750/1588/3928 6749/1587/3931
f 6751/1587/3931 6753/1585/3934 6752/1586/3935
f 6754/1584/3936 6756/1586/3937 6755/1585/3938
f 6757/1585/3939 6759/1583/3940 6758/1584/3936
f 6760/1580/3941 6762/1584/3942 6761/1583/3943
f 6763/1583/3944 6765/1582/3945 6764/1580/3946
f 6766/1581/3947 6768/1580/3946 6767/1582/3945
f 6769/1579/3948 6771/1577/3949 6770/1578/3947
f 6772/1576/3950 6774/1578/3951 6773/1577/3949
f 6775/1577/3949 6777/1575/3952 6776/1576/3953
f 6778/1574/3954 6780/1576/3953 6779/1575/3952
f 6781/1575/3952 6783/1573/3955 6782/1574/3954
f 6784/1570/3956 6786/1574/3957 6785/1573/3955
f 6787/1573/3958 6789/1572/3959 6788/1570/3960
f 6790/1571/3961 6792/1570/3960 6791/1572/3959
f 6793/1569/3962 6795/1566/3963 6794/1568/3964
f 6796/1567/3965 6798/1568/3964 6797/1566/3963
f 6799/1567/3965 6801/1566/3963 6800/1565/3966
f 6802/1564/3967 6804/1565/3966 6803/1566/3963
f 6805/1565/3968 6807/1564/3967 6806/1562/3969
f 6808/1563/3970 6810/1562/3971 6809/1564/3967
f 6811/1561/3972 6813/1558/3973 6812/1560/3974
f 6814/1559/3975 6816/1560/3974 6815/1558/3973
f 6817/1559/3975 6819/1558/3973 6818/1557/3976
f 6820/1556/3977 6822/1557/3976 6821/1558/3973
f 6823/1557/3976 6825/1556/3977 6824/1554/3978
f 6826/1555/3979 6828/1554/3978 6827/1556/3977
f 6829/1552/3980 6831/1553/3981 6830/1549/3982
f 6832/1552/3983 6834/1549/3982 6833/1550/3984
f 6835/1550/3984 6837/1549/3982 6836/1551/3985
f 6838/1547/3986 6840/1548/3987 6839/1544/3988
f 6841/1547/3986 6843/1544/3988 6842/1545/3989
f 6844/1545/3989 6846/1544/3990 6845/1546/3991
f 6847/1543/3992 6849/1539/3993 6848/1542/3994
f 6850/1542/3994 6852/1539/3995 6851/1540/3996
f 6853/1540/3996 6855/1539/3995 6854/1541/3997
f 6856/1538/3998 6858/1535/3999 6857/1537/4000
f 6859/1536/4001 6861/1537/4002 6860/1535/3999
f 6862/1536/4001 6864/1535/3999 6863/1534/4003
f 6865/1533/4004 6867/1534/4003 6866/1535/3999
f 6868/1534/4003 6870/1533/4004 6869/1531/4005
f 6871/1532/4006 6873/1531/4005 6872/1533/4004
f 6874/1529/4007 6876/1530/4008 6875/1526/4009
f 6877/1529/4007 6879/1526/4009 6878/1527/4010
f 6880/1527/4010 6882/1526/4009 6881/1528/4011
f 6883/1525/4012 6885/1522/4013 6884/1524/4014
f 6886/1523/4015 6888/1524/4016 6887/1522/4013
f 6889/1523/4017 6891/1522/4018 6890/1521/4019
f 6892/1520/4020 6894/1521/4021 6893/1522/4018
f 6895/1521/4021 6897/1520/4020 6896/1518/4022
f 6898/1519/4023 6900/1518/4022 6899/1520/4020
f 6901/1517/4024 6903/1513/4025 6902/1516/4026
f 6904/1516/4026 6906/1513/4025 6905/1514/4027
f 6907/1514/4027 6909/1513/4025 6908/1515/4028
f 6910/1511/4029 6912/1512/4030 6911/1508/4031
f 6913/1511/4029 6915/1508/4031 6914/1509/4032
f 6916/1509/4032 6918/1508/4033 6917/1510/4034
f 6919/1507/4035 6921/1503/4036 6920/1506/4037
f 6922/1506/4038 6924/1503/4036 6923/1504/4039
f 6925/1504/4039 6927/1503/4036 6926/1505/4040
f 6928/1502/4041 6930/1499/4042 6929/1501/4043
f 6931/1500/4044 6933/1501/4043 6932/1499/4042
f 6934/1500/4045 6936/1499/4042 6935/1491/4046
f 6937/1498/4047 6939/1491/4046 6938/1499/4042
f 6940/1491/4046 6942/1498/4047 6941/1490/4048
f 6943/1497/4049 6945/1490/4050 6944/1498/4051
f 6946/1495/4052 6948/1496/4053 6947/1492/4054
f 6949/1495/4052 6951/1492/4055 6950/1493/4056
f 6952/1493/4057 6954/1492/4055 6953/1494/4058
f 6955/1490/4059 6957/1489/4060 6956/1491/4061
f 6958/1488/4061 6960/1485/4062 6959/1486/4063
f 6961/1486/4063 6963/1485/4064 6962/1487/4065
f 6964/1484/4066 6966/1481/4067 6965/1483/4068
f 6967/1482/4069 6969/1483/4070 6968/1481/4071
f 6970/1482/4069 6972/1481/4067 6971/1480/4072
f 6973/1479/4073 6975/1480/4072 6974/1481/4074
f 6976/1480/4075 6978/1479/4073 6977/1477/4076
f 6979/1478/4077 6981/1477/4076 6980/1479/4073
f 6982/1476/4078 6984/1475/4079 6983/1455/4080
f 6985/1454/4081 6987/1455/4082 6986/1475/4079
f 6988/1454/4081 6990/1475/4083 6989/1456/4084
f 6991/1474/4085 6993/1456/4086 6992/1475/4083
f 6994/1456/4084 6996/1474/4087 6995/1457/4088
f 6997/1470/4089 6999/1473/4088 6998/1469/4087
f 7000/1471/4090 7002/1472/4091 7001/1468/4092
f 7003/1471/4093 7005/1468/4092 7004/1469/4094
f 7006/1469/4095 7008/1468/4092 7007/1470/4096
f 7009/1466/4097 7011/1467/4098 7010/1463/4099
f 7012/1466/4097 7014/1463/4099 7013/1464/4100
f 7015/1464/4101 7017/1463/4099 7016/1465/4102
f 7018/1462/4103 7020/1458/4104 7019/1461/4105
f 7021/1461/4106 7023/1458/4104 7022/1459/4107
f 7024/1459/4107 7026/1458/4108 7025/1460/4109
f 7027/1457/4110 7029/1453/4111 7028/1456/4112
f 7030/1456/4112 7032/1453/4111 7031/1454/4113
f 7033/1454/4114 7035/1453/4111 7034/1455/4115
f 7036/1452/4116 7038/1451/4117 7037/1112/4118
f 7039/1111/4119 7041/1112/4120 7040/1451/4117
f 7042/1111/4121 7044/1451/4117 7043/1113/4122
f 7045/1443/4123 7047/1450/4124 7046/1445/4125
f 7048/1450/4126 7050/1443/4123 7049/1449/4127
f 7051/1444/4128 7053/1449/4127 7052/1443/4123
f 7054/1447/4129 7056/1446/4130 7055/1448/4131
f 7057/1445/4129 7059/1442/4131 7058/1443/4132
f 7060/1443/4132 7062/1442/4131 7061/1444/4133
f 7063/1441/4134 7065/1438/4135 7064/1440/4136
f 7066/1439/4137 7068/1440/4138 7067/1438/4135
f 7069/1439/4137 7071/1438/4139 7070/1437/4140
f 7072/1436/4141 7074/1437/4140 7073/1438/4139
f 7075/1437/4140 7077/1436/4141 7076/1434/4142
f 7078/1435/4143 7080/1434/4144 7079/1436/4141
f 7081/1432/4145 7083/1429/4146 7082/1433/4147
f 7084/1431/4148 7086/1429/4146 7085/1432/4149
f 7087/1430/4150 7089/1429/4146 7088/1431/4151
f 7090/1428/4152 7092/1425/4153 7091/1427/4154
f 7093/1426/4155 7095/1427/4156 7094/1425/4153
f 7096/1426/4155 7098/1425/4153 7097/1424/4157
f 7099/1423/4158 7101/1424/4157 7100/1425/4153
f 7102/1424/4157 7104/1423/4158 7103/1421/4159
f 7105/1422/4160 7107/1421/4161 7106/1423/4158
f 7108/1419/4097 7110/1420/4162 7109/1416/4099
f 7111/1419/4097 7113/1416/4099 7112/1417/4101
f 7114/1417/4101 7116/1416/4099 7115/1418/4163
f 7117/1376/4164 7119/1415/4165 7118/1377/4166
f 7120/1412/4167 7122/1377/4168 7121/1415/4165
f 7123/1415/4165 7125/1414/4169 7124/1412/4167
f 7126/1413/4170 7128/1412/4167 7127/1414/4171
f 7129/1296/4172 7131/1410/4173 7130/1295/4174
f 7132/1407/4175 7134/1295/4174 7133/1410/4176
f 7135/1411/4177 7137/1406/4178 7136/1405/4179
f 7138/1410/4173 7140/1409/4180 7139/1407/4175
f 7141/1408/4181 7143/1407/4175 7142/1409/4180
f 7144/1402/4182 7146/1405/4183 7145/1406/4184
f 7147/1405/4185 7149/1402/4186 7148/1401/4187
f 7150/1404/4188 7152/1400/4189 7151/1403/4190
f 7153/1399/4191 7155/1403/4190 7154/1400/4189
f 7156/1398/4192 7158/1401/4193 7157/1402/4182
f 7159/1401/4187 7161/1398/4192 7160/1397/4194
f 7162/1400/4189 7164/1396/4195 7163/1399/4191
f 7165/1395/4196 7167/1399/4191 7166/1396/4195
f 7168/1394/4197 7170/1397/4194 7169/1398/4192
f 7171/1397/4194 7173/1394/4197 7172/1393/4198
f 7174/1396/4195 7176/1392/4199 7175/1395/4196
f 7177/1391/4200 7179/1395/4196 7178/1392/4199
f 7180/1390/4201 7182/1393/4198 7181/1394/4197
f 7183/1393/4202 7185/1390/4203 7184/1388/4204
f 7186/1392/4199 7188/1386/4205 7187/1391/4200
f 7189/1385/4206 7191/1391/4200 7190/1386/4205
f 7192/1387/4207 7194/1388/4208 7193/1390/4203
f 7195/1388/4208 7197/1387/4209 7196/1389/4210
f 7198/1386/4211 7200/1383/4212 7199/1385/4206
f 7201/1380/4213 7203/1385/4206 7202/1383/4212
f 7204/1378/4214 7206/1379/4215 7205/1384/4216
f 7207/1383/4217 7209/1382/4218 7208/1380/4213
f 7210/1381/4219 7212/1380/4220 7211/1382/4218
f 7213/1379/4215 7215/1378/4221 7214/1368/4222
f 7216/1378/4221 7218/1374/4223 7217/1368/4222
f 7219/1377/4166 7221/1375/4224 7220/1376/4164
f 7222/1373/4225 7224/1376/4164 7223/1375/4226
f 7225/1375/4224 7227/1372/4227 7226/1373/4225
f 7228/1374/4228 7230/1370/4229 7229/1368/4222
f 7231/1371/4230 7233/1373/4225 7232/1372/4227
f 7234/1372/4227 7236/1369/4231 7235/1371/4232
f 7237/1367/4233 7239/1371/4232 7238/1369/4234
f 7240/1370/4235 7242/1365/4236 7241/1368/4237
f 7243/1369/4231 7245/1366/4238 7244/1367/4233
f 7246/1364/4239 7248/1368/4237 7247/1365/4236
f 7249/1034/4240 7251/1367/4233 7250/1366/4238
f 7252/1366/4238 7254/1363/4241 7253/1034/4242
f 7255/1032/4243 7257/1034/4242 7256/1363/4241
f 7258/1365/4244 7260/1362/4245 7259/1364/4246
f 7261/1361/4247 7263/1364/4246 7262/1362/4245
f 7264/1363/4241 7266/1360/4248 7265/1032/4249
f 7267/1030/4250 7269/1032/4251 7268/1360/4248
f 7270/1362/4245 7272/1359/4252 7271/1361/4253
f 7273/1358/4254 7275/1361/4253 7274/1359/4252
f 7276/1360/4248 7278/1357/4255 7277/1030/4250
f 7279/1028/4256 7281/1030/4250 7280/1357/4257
f 7282/1359/4252 7284/1356/4258 7283/1358/4254
f 7285/1355/4259 7287/1358/4254 7286/1356/4260
f 7288/1357/4261 7290/1354/4262 7289/1028/4256
f 7291/1025/4263 7293/1028/4256 7292/1354/4262
f 7294/1356/4258 7296/1353/4264 7295/1355/4259
f 7297/1352/4265 7299/1355/4266 7298/1353/4264
f 7300/1354/4262 7302/1351/4267 7301/1025/4263
f 7303/1024/4268 7305/1025/4263 7304/1351/4267
f 7306/1353/4264 7308/1348/4269 7307/1352/4265
f 7309/1347/4270 7311/1352/4271 7310/1348/4269
f 7312/1351/4267 7314/1350/4272 7313/1024/4273
f 7315/1349/4274 7317/1024/4273 7316/1350/4275
f 7318/1348/4269 7320/1344/4276 7319/1347/4270
f 7321/1343/4277 7323/1347/4278 7322/1344/4276
f 7324/1346/4279 7326/1342/4280 7325/1345/4280
f 7327/1341/4281 7329/1345/4280 7328/1342/4282
f 7330/1344/4276 7332/1340/4283 7331/1343/4277
f 7333/1339/4284 7335/1343/4277 7334/1340/4283
f 7336/1342/4285 7338/1338/4286 7337/1341/4287
f 7339/1337/4288 7341/1341/4289 7340/1338/4290
f 7342/1340/4291 7344/1336/4292 7343/1339/4293
f 7345/1335/4294 7347/1339/4293 7346/1336/4292
f 7348/1338/4295 7350/1334/4296 7349/1337/4288
f 7351/1333/4297 7353/1337/4288 7352/1334/4298
f 7354/1336/4292 7356/1332/4299 7355/1335/4294
f 7357/1331/4300 7359/1335/4294 7358/1332/4301
f 7360/1334/4296 7362/1330/4302 7361/1333/4297
f 7363/1329/4303 7365/1333/4297 7364/1330/4302
f 7366/1332/4304 7368/1328/4305 7367/1331/4306
f 7369/1327/4307 7371/1331/4300 7370/1328/4305
f 7372/1330/4302 7374/1326/4308 7373/1329/4309
f 7375/1320/4310 7377/1329/4309 7376/1326/4308
f 7378/1328/4305 7380/1324/4311 7379/1327/4312
f 7381/1325/4313 7383/1327/4312 7382/1324/4311
f 7384/1326/4314 7386/1322/4313 7385/1320/4310
f 7387/1324/4315 7389/1323/4316 7388/1325/4313
f 7390/1322/4313 7392/1321/4316 7391/1320/4310
f 7393/1321/4316 7395/1319/4317 7394/1320/4310
f 7396/1318/4318 7398/1320/4319 7397/1319/4317
f 7399/1319/4317 7401/1317/4320 7400/1318/4318
f 7402/1316/4321 7404/1318/4318 7403/1317/4322
f 7405/1317/4320 7407/1315/4323 7406/1316/4321
f 7408/1314/4324 7410/1316/4325 7409/1315/4323
f 7411/1315/4326 7413/1313/4327 7412/1314/4324
f 7414/1310/4328 7416/1314/4324 7415/1313/4327
f 7417/1313/4329 7419/1312/4330 7418/1310/4330
f 7420/1311/4331 7422/1310/4330 7421/1312/4330
f 7423/1309/4332 7425/1307/4333 7424/1308/4334
f 7426/1306/4335 7428/1308/4336 7427/1307/4333
f 7429/1307/4333 7431/1305/4337 7430/1306/4338
f 7432/1026/4339 7434/1306/4340 7433/1305/4337
f 7435/1305/4337 7437/1304/4341 7436/1026/4339
f 7438/1027/4342 7440/1026/4339 7439/1304/4341
f 7441/1304/4341 7443/1303/4343 7442/1027/4344
f 7444/1029/4345 7446/1027/4346 7445/1303/4343
f 7447/1303/4343 7449/1302/4347 7448/1029/4345
f 7450/1031/4348 7452/1029/4349 7451/1302/4347
f 7453/1302/4347 7455/1301/4350 7454/1031/4348
f 7456/1033/4351 7458/1031/4348 7457/1301/4350
f 7459/1301/4350 7461/1300/4352 7460/1033/4351
f 7462/1035/4353 7464/1033/4354 7463/1300/4352
f 7465/1300/4352 7467/1299/4355 7466/1035/4356
f 7468/1298/4357 7470/1035/4353 7469/1299/4355
f 7471/1299/4358 7473/1297/4359 7472/1298/4357
f 7474/1294/4360 7476/1298/4357 7475/1297/4359
f 7477/1297/4361 7479/1296/4172 7478/1294/4362
f 7480/1295/4174 7482/1294/4362 7481/1296/4172
f 7483/1043/4363 7485/1293/4364 7484/1044/4365
f 7486/1292/4366 7488/1044/4365 7487/1293/4364
f 7489/1293/4364 7491/1291/4367 7490/1292/4366
f 7492/1290/4368 7494/1292/4366 7493/1291/4369
f 7495/1291/4367 7497/1289/4370 7496/1290/4368
f 7498/1288/4371 7500/1290/4372 7499/1289/4370
f 7501/1289/4370 7503/1287/4373 7502/1288/4371
f 7504/1286/4374 7506/1288/4371 7505/1287/4373
f 7507/1287/4373 7509/1285/4375 7508/1286/4374
f 7510/1284/4376 7512/1286/4374 7511/1285/4377
f 7513/1285/4378 7515/1283/4379 7514/1284/4376
f 7516/1282/4380 7518/1284/4381 7517/1283/4382
f 7519/1283/4383 7521/1281/4384 7520/1282/4380
f 7522/1279/4385 7524/1282/4386 7523/1281/4384
f 7525/1280/4387 7527/1279/4388 7526/1281/4384
f 7528/1277/4389 7530/1274/4390 7529/1278/4391
f 7531/1276/4392 7533/1274/4393 7532/1277/4394
f 7534/1275/4395 7536/1274/4390 7535/1276/4396
f 7537/1273/4397 7539/1269/4398 7538/1272/4399
f 7540/1272/4399 7542/1269/4398 7541/1270/4400
f 7543/1270/4401 7545/1269/4398 7544/1271/4402
f 7546/1268/4403 7548/1265/4404 7547/1267/4405
f 7549/1266/4406 7551/1267/4405 7550/1265/4404
f 7552/1266/4407 7554/1265/4404 7553/1264/4408
f 7555/1263/4409 7557/1264/4410 7556/1265/4404
f 7558/1264/4408 7560/1263/4409 7559/1261/4411
f 7561/1262/4412 7563/1261/4411 7562/1263/4413
f 7564/1259/4414 7566/1260/4415 7565/1256/4416
f 7567/1259/4417 7569/1256/4416 7568/1257/4418
f 7570/1257/4418 7572/1256/4419 7571/1258/4420
f 7573/1254/4421 7575/1251/4422 7574/1255/4423
f 7576/1253/4424 7578/1251/4422 7577/1254/4421
f 7579/1252/4425 7581/1251/4422 7580/1253/4426
f 7582/1249/4427 7584/1246/4428 7583/1250/4429
f 7585/1248/4430 7587/1246/4428 7586/1249/4427
f 7588/1247/4431 7590/1246/4428 7589/1248/4432
f 7591/1244/4433 7593/1241/4434 7592/1245/4435
f 7594/1243/4436 7596/1241/4434 7595/1244/4437
f 7597/1242/4438 7599/1241/4439 7598/1243/4440
f 7600/1240/4441 7602/1237/4442 7601/1239/4443
f 7603/1238/4444 7605/1239/4445 7604/1237/4442
f 7606/1238/4446 7608/1237/4447 7607/1236/4448
f 7609/1235/4449 7611/1236/4448 7610/1237/4447
f 7612/1236/4448 7614/1235/4449 7613/1233/4450
f 7615/1234/4451 7617/1233/4450 7616/1235/4449
f 7618/1231/4452 7620/1232/4453 7619/1228/4454
f 7621/1231/4452 7623/1228/4454 7622/1229/4455
f 7624/1229/4455 7626/1228/4456 7625/1230/4457
f 7627/1226/4458 7629/1225/4459 7628/1227/4460
f 7630/1224/4461 7632/1225/4462 7631/1226/4458
f 7633/1224/4463 7635/1223/4464 7634/1225/4462
f 7636/1221/4465 7638/1218/4466 7637/1222/4467
f 7639/1220/4468 7641/1218/4466 7640/1221/4465
f 7642/1219/4469 7644/1218/4470 7643/1220/4468
f 7645/1217/4134 7647/1214/4135 7646/1216/4136
f 7648/1215/4137 7650/1216/4138 7649/1214/4471
f 7651/1215/4137 7653/1214/4139 7652/1213/4472
f 7654/1212/4473 7656/1213/4472 7655/1214/4139
f 7657/1213/4474 7659/1212/4473 7658/1210/4475
f 7660/1211/4476 7662/1210/4477 7661/1212/4478
f 7663/1209/4479 7665/1206/4480 7664/1208/4481
f 7666/1207/4482 7668/1208/4481 7667/1206/4480
f 7669/1207/4482 7671/1206/4480 7670/1205/4483
f 7672/1204/4484 7674/1205/4483 7673/1206/4480
f 7675/1205/4483 7677/1204/4485 7676/1202/4486
f 7678/1203/4487 7680/1202/4486 7679/1204/4488
f 7681/1121/4489 7683/1122/4490 7682/1198/4491
f 7684/1201/4492 7686/1198/4493 7685/1122/3625
f 7687/1201/3629 7689/1200/4494 7688/1198/4491
f 7690/1199/4495 7692/1198/4493 7691/1200/4496
f 7693/1197/4497 7695/1194/4498 7694/1196/4499
f 7696/1195/4500 7698/1196/4499 7697/1194/4501
f 7699/1193/4502 7701/1195/4500 7700/1194/4503
f 7702/1194/4503 7704/1192/4504 7703/1193/4505
f 7705/1191/4506 7707/1193/4505 7706/1192/4504
f 7708/1192/4504 7710/1190/4507 7709/1191/4506
f 7711/1188/4508 7713/1191/4506 7712/1190/4507
f 7714/1190/4509 7716/1189/4510 7715/1188/4511
f 7717/1183/4512 7719/1188/4513 7718/1189/4514
f 7720/1186/4515 7722/1182/4516 7721/1187/4517
f 7723/1184/4518 7725/1183/4519 7724/1185/4517
f 7726/1182/4520 7728/1180/4521 7727/1181/4522
f 7729/1179/4523 7731/1181/4524 7730/1180/4525
f 7732/1180/4526 7734/1178/4527 7733/1179/4528
f 7735/1177/4529 7737/1179/4528 7736/1178/4527
f 7738/1178/4527 7740/1176/4530 7739/1177/4529
f 7741/1175/4531 7743/1177/4532 7742/1176/4530
f 7744/1176/4530 7746/1174/4533 7745/1175/4531
f 7747/1173/4534 7749/1175/4531 7748/1174/4535
f 7750/1174/4533 7752/1172/4536 7751/1173/4537
f 7753/1171/4538 7755/1173/4534 7754/1172/4536
f 7756/1172/4539 7758/1071/4540 7757/1171/4538
f 7759/1170/4541 7761/1171/4538 7760/1071/4540
f 7762/1071/4540 7764/1072/4542 7763/1170/4541
f 7765/1169/4543 7767/1170/4544 7766/1072/4545
f 7768/1072/4545 7770/1079/4546 7769/1169/4543
f 7771/1168/4547 7773/1169/4543 7772/1079/4546
f 7774/1079/4546 7776/1080/4548 7775/1168/4547
f 7777/1167/4549 7779/1168/4547 7778/1080/4548
f 7780/1080/4548 7782/1083/4550 7781/1167/4551
f 7783/1166/4552 7785/1167/4553 7784/1083/4554
f 7786/1083/4554 7788/1164/4555 7787/1166/4552
f 7789/1165/4556 7791/1166/4552 7790/1164/4555
f 7792/1165/4557 7794/1164/4558 7793/1163/4559
f 7795/1162/4560 7797/1163/4559 7796/1164/4555
f 7798/1163/4559 7800/1162/4560 7799/1161/4561
f 7801/1160/4562 7803/1161/4561 7802/1162/4560
f 7804/1161/4561 7806/1160/4562 7805/1159/4563
f 7807/1158/4564 7809/1159/4563 7808/1160/4565
f 7810/1159/4563 7812/1158/4564 7811/1157/4566
f 7813/1095/4567 7815/1157/4566 7814/1158/4568
f 7816/1156/4566 7818/1155/4569 7817/1154/4570
f 7819/1153/4571 7821/1154/4570 7820/1155/4569
f 7822/1154/4570 7824/1153/4571 7823/1152/4572
f 7825/1151/4573 7827/1152/4574 7826/1153/4575
f 7828/1152/4572 7830/1151/4573 7829/1150/4576
f 7831/1149/4577 7833/1150/4578 7832/1151/4573
f 7834/1150/4579 7836/1149/4580 7835/1148/4581
f 7837/1145/4582 7839/1148/4581 7838/1149/4577
f 7840/1147/4583 7842/1146/4583 7841/1142/4584
f 7843/1144/4585 7845/1143/4585 7844/1145/4582
f 7846/1141/4586 7848/1142/4587 7847/1140/4588
f 7849/1141/4589 7851/1140/4588 7850/1134/4590
f 7852/1139/4591 7854/1134/4592 7853/1140/4588
f 7855/1137/4593 7857/1136/3722 7856/1138/4594
f 7858/1135/4595 7860/1133/3730 7859/1134/4590
f 7861/1132/4596 7863/1134/4590 7862/1133/3730
f 7864/1133/3730 7866/1131/4597 7865/1132/4598
f 7867/1130/4599 7869/1132/4598 7868/1131/4597
f 7870/1131/4597 7872/1129/3739 7871/1130/4599
f 7873/1128/4600 7875/1130/4599 7874/1129/3739
f 7876/1129/3739 7878/1127/3741 7877/1128/4600
f 7879/1126/4601 7881/1128/4602 7880/1127/3741
f 7882/1127/3741 7884/1125/3743 7883/1126/4601
f 7885/1124/4603 7887/1126/4601 7886/1125/4604
f 7888/1125/3743 7890/1123/3745 7889/1124/4603
f 7891/1120/4605 7893/1124/4603 7892/1123/3745
f 7894/1123/3745 7896/1122/4606 7895/1120/4605
f 7897/1121/4489 7899/1120/4607 7898/1122/3748
f 7900/1118/4608 7902/1119/4609 7901/1115/4610
f 7903/1118/4611 7905/1115/4610 7904/1116/4612
f 7906/1116/4612 7908/1115/4613 7907/1117/4614
f 7909/1114/4615 7911/1110/4616 7910/1113/4617
f 7912/1113/4618 7914/1110/4616 7913/1111/4619
f 7915/1111/4620 7917/1110/4616 7916/1112/4621
f 7918/1109/4622 7920/1108/4623 7919/1106/4624
f 7921/1107/4625 7923/1106/4624 7922/1108/4623
f 7924/1107/4625 7926/1105/4626 7925/1106/4624
f 7927/1106/4624 7929/1105/4626 7928/1104/4627
f 7930/1100/4628 7932/1104/4627 7931/1105/4629
f 7933/1102/4630 7935/1101/4628 7934/1103/4631
f 7936/1098/4632 7938/1099/4631 7937/1100/4628
f 7939/1099/4631 7941/1098/4632 7940/1096/4633
f 7942/1095/4634 7944/1096/4633 7943/1098/4632
f 7945/1096/4633 7947/1095/4634 7946/1097/4635
f 7948/1092/4636 7950/1093/4635 7949/1094/4634
f 7951/1093/4635 7953/1092/4636 7952/1091/4637
f 7954/1090/4638 7956/1091/4639 7955/1092/4636
f 7957/1091/4639 7959/1090/4640 7958/1089/4641
f 7960/1088/4642 7962/1089/4643 7961/1090/4640
f 7963/1089/4643 7965/1088/4644 7964/1087/4645
f 7966/1086/4646 7968/1087/4645 7967/1088/4647
f 7969/1086/4646 7971/1085/4648 7970/1087/4645
f 7972/1082/4649 7974/1084/4645 7973/1083/4648
f 7975/1083/4648 7977/1080/4650 7976/1082/4651
f 7978/1081/4652 7980/1082/4651 7979/1080/4650
f 7981/1080/4650 7983/1079/4653 7982/1081/4652
f 7984/1077/4654 7986/1078/4652 7985/1076/4653
f 7987/1076/4653 7989/1075/4655 7988/1077/4656
f 7990/1073/4657 7992/1074/4658 7991/1072/4655
f 7993/1072/4655 7995/1071/4659 7994/1073/4660
f 7996/1068/4661 7998/1070/4660 7997/1069/4659
f 7999/1069/4659 8001/1067/4662 8000/1068/4663
f 8002/1066/4664 8004/1068/4663 8003/1067/4662
f 8005/1067/4665 8007/1065/4666 8006/1066/4667
f 8008/1064/4668 8010/1066/4664 8009/1065/4666
f 8011/1065/4666 8013/1063/4669 8012/1064/4668
f 8014/1062/4670 8016/1064/4668 8015/1063/4671
f 8017/1063/4671 8019/1061/4672 8018/1062/4670
f 8020/1060/4673 8022/1062/4670 8021/1061/4672
f 8023/1061/4672 8025/1059/4674 8024/1060/4673
f 8026/1058/4675 8028/1060/4673 8027/1059/4674
f 8029/1059/4674 8031/1057/4676 8030/1058/4677
f 8032/1056/4678 8034/1058/4677 8033/1057/4679
f 8035/1057/4676 8037/1055/4680 8036/1056/4681
f 8038/1054/4682 8040/1056/4681 8039/1055/4680
f 8041/1055/4680 8043/1053/4683 8042/1054/4682
f 8044/1052/4684 8046/1054/4682 8045/1053/4683
f 8047/1053/4683 8049/1051/4685 8048/1052/4684
f 8050/1050/4686 8052/1052/4684 8051/1051/4687
f 8053/1051/4687 8055/1049/4688 8054/1050/4686
f 8056/1048/4689 8058/1050/4686 8057/1049/4688
f 8059/1049/4688 8061/1046/4690 8060/1048/4689
f 8062/1047/4691 8064/1048/4692 8063/1046/4693
f 8065/1046/4693 8067/1045/4694 8066/1047/4695
f 8068/1044/4365 8070/1042/4696 8069/1043/4363
f 8071/1041/4697 8073/1043/4363 8072/1042/4696
f 8074/1042/4696 8076/1040/4698 8075/1041/4697
f 8077/1039/4699 8079/1041/4697 8078/1040/4698
f 8080/1040/4698 8082/1037/4700 8081/1039/4699
f 8083/1038/4701 8085/1039/4699 8084/1037/4700
f 8086/1037/4700 8088/1036/4702 8087/1038/4703
f 8089/1033/4704 8091/1035/4703 8090/1034/4705
f 8092/1034/4702 8094/1032/4706 8093/1033/4704
f 8095/1031/4707 8097/1033/4704 8096/1032/4708
f 8098/1032/4708 8100/1030/4709 8099/1031/4707
f 8101/1029/4710 8103/1031/4707 8102/1030/4709
f 8104/1030/4709 8106/1028/4711 8105/1029/4710
f 8107/1027/4712 8109/1029/4713 8108/1028/4711
f 8110/1028/4714 8112/1025/4715 8111/1027/4712
f 8113/1026/4716 8115/1027/4717 8114/1025/4715
f 8116/1025/4715 8118/1024/4718 8117/1026/4719
f 8119/1021/4720 8121/1023/4721 8120/1022/4718
f 8122/1022/4718 8124/1020/4722 8123/1021/4720
f 8125/1019/4723 8127/1021/4720 8126/1020/4724
f 8128/1020/4724 8130/1018/4725 8129/1019/4723
f 8131/1017/4726 8133/1019/4723 8132/1018/4727
f 8134/1018/4725 8136/1016/4728 8135/1017/4726
f 8137/1015/4729 8139/1017/4730 8138/1016/4728
f 8140/1016/4728 8142/1014/4731 8141/1015/4729
f 8143/1013/4732 8145/1015/4729 8144/1014/4731
f 8146/1014/4733 8148/1011/4734 8147/1013/4735
f 8149/1012/4736 8151/1013/4735 8150/1011/4737
f 8152/1011/4737 8154/1010/4738 8153/1012/4736
f 8155/1008/4739 8157/1007/4739 8156/1009/4739
f 8158/1005/4740 8160/1004/4740 8159/1006/4740
f 8161/1003/4741 8163/1002/4742 8162/1000/4743
f 8164/1001/4744 8166/1000/4743 8165/1002/4742
f 8167/1001/4745 8169/999/4746 8168/1000/4743
f 8170/996/4747 8172/1000/4743 8171/999/4746
f 8173/999/4746 8175/998/4748 8174/996/4747
f 8176/997/4749 8178/996/4750 8177/998/4748
f 8179/995/4751 8181/994/4752 8180/992/4753
f 8182/993/4754 8184/992/4753 8183/994/4755
f 8185/993/4756 8187/991/4757 8186/992/4758
f 8188/988/4759 8190/992/4758 8189/991/4757
f 8191/991/4757 8193/990/4760 8192/988/4759
f 8194/989/4761 8196/988/4759 8195/990/4760
f 8197/987/4762 8199/986/4763 8198/984/4764
f 8200/985/4765 8202/984/4764 8201/986/4763
f 8203/985/4765 8205/983/4766 8204/984/4764
f 8206/980/4767 8208/984/4764 8207/983/4766
f 8209/983/4766 8211/982/4768 8210/980/4769
f 8212/981/4770 8214/980/4769 8213/982/4768
f 8215/979/4771 8217/978/4772 8216/976/4773
f 8218/977/4774 8220/976/4775 8219/978/4772
f 8221/977/4774 8223/975/4776 8222/976/4775
f 8224/972/4777 8226/976/4778 8225/975/4776
f 8227/975/4776 8229/974/4779 8228/972/4777
f 8230/973/4780 8232/972/4777 8231/974/4779
f 8233/970/4781 8235/967/4782 8234/971/4783
f 8236/969/4784 8238/967/4785 8237/970/4781
f 8239/968/4786 8241/967/4782 8240/969/4784
f 8242/965/4787 8244/962/4788 8243/966/4789
f 8245/964/4790 8247/962/4791 8246/965/4787
f 8248/963/4792 8250/962/4791 8249/964/4790
f 8251/960/4793 8253/957/4794 8252/961/4795
f 8254/959/4796 8256/957/4794 8255/960/4797
f 8257/958/4798 8259/957/4794 8258/959/4796
f 8260/956/4799 8262/955/4800 8261/953/4801
f 8263/954/4802 8265/953/4803 8264/955/4800
f 8266/954/4804 8268/952/4805 8267/953/4801
f 8269/949/4806 8271/953/4801 8270/952/4805
f 8272/952/4805 8274/951/4807 8273/949/4806
f 8275/950/4808 8277/949/4809 8276/951/4810
f 8278/947/4811 8280/944/4812 8279/948/4813
f 8281/946/4814 8283/944/4815 8282/947/4811
f 8284/945/4816 8286/944/4815 8285/946/4814
f 8287/943/4817 8289/939/4818 8288/942/4819
f 8290/942/4819 8292/939/4818 8291/940/4820
f 8293/940/4821 8295/939/4818 8294/941/4822
f 8296/938/4823 8298/937/4824 8297/935/4825
f 8299/936/4826 8301/935/4825 8300/937/4827
f 8302/936/4826 8304/934/4828 8303/935/4825
f 8305/931/4829 8307/935/4825 8306/934/4828
f 8308/934/4828 8310/933/4830 8309/931/4829
f 8311/932/4831 8313/931/4829 8312/933/4832
f 8314/929/4833 8316/926/4834 8315/930/4835
f 8317/928/4836 8319/926/4834 8318/929/4833
f 8320/927/4837 8322/926/4834 8321/928/4838
f 8323/925/4839 8325/924/4840 8324/922/4841
f 8326/923/4842 8328/922/4841 8327/924/4843
f 8329/923/4844 8331/921/4845 8330/922/4841
f 8332/918/4846 8334/922/4841 8333/921/4845
f 8335/921/4845 8337/920/4847 8336/918/4846
f 8338/919/4848 8340/918/4846 8339/920/4847
f 8341/917/4849 8343/916/4850 8342/914/4851
f 8344/915/4852 8346/914/4851 8345/916/4850
f 8347/915/4852 8349/913/4853 8348/914/4851
f 8350/910/4854 8352/914/4855 8351/913/4853
f 8353/913/4853 8355/912/4856 8354/910/4854
f 8356/911/4857 8358/910/4854 8357/912/4856
f 8359/908/4858 8361/905/4859 8360/909/4860
f 8362/907/4861 8364/905/4859 8363/908/4862
f 8365/906/4863 8367/905/4859 8366/907/4861
f 8368/904/4864 8370/903/4865 8369/901/4866
f 8371/902/4867 8373/901/4866 8372/903/4868
f 8374/902/4869 8376/900/4870 8375/901/4871
f 8377/897/4872 8379/901/4873 8378/900/4874
f 8380/900/4874 8382/899/4875 8381/897/4872
f 8383/898/4876 8385/897/4872 8384/899/4875
f 8386/895/4877 8388/892/4878 8387/896/4879
f 8389/894/4880 8391/892/4878 8390/895/4881
f 8392/893/4882 8394/892/4878 8393/894/4880
f 8395/890/4883 8397/887/4884 8396/891/4885
f 8398/889/4886 8400/887/4884 8399/890/4883
f 8401/888/4887 8403/887/4884 8402/889/4886
f 8404/886/4888 8406/885/4889 8405/883/4890
f 8407/884/4891 8409/883/4890 8408/885/4892
f 8410/884/4891 8412/882/4893 8411/883/4890
f 8413/879/4894 8415/883/4890 8414/882/4893
f 8416/882/4895 8418/881/4896 8417/879/4894
f 8419/880/4897 8421/879/4894 8420/881/4896
f 8422/877/4898 8424/874/4899 8423/878/4900
f 8425/876/4901 8427/874/4899 8426/877/4898
f 8428/875/4902 8430/874/4899 8429/876/4903
f 8431/873/4904 8433/872/4905 8432/870/4906
f 8434/871/4907 8436/870/4908 8435/872/4905
f 8437/871/4909 8439/869/4910 8438/870/4906
f 8440/866/4911 8442/870/4906 8441/869/4912
f 8443/869/4912 8445/868/4913 8444/866/4911
f 8446/867/4914 8448/866/4911 8447/868/4915
f 8449/865/4916 8451/864/4917 8450/862/4918
f 8452/863/4919 8454/862/4920 8453/864/4921
f 8455/863/4919 8457/861/4922 8456/862/4920
f 8458/858/4923 8460/862/4920 8459/861/4922
f 8461/861/4922 8463/860/4924 8462/858/4923
f 8464/859/4925 8466/858/4923 8465/860/4926
f 8467/856/4927 8469/853/4928 8468/857/4929
f 8470/855/4930 8472/853/4928 8471/856/4927
f 8473/854/4931 8475/853/4928 8474/855/4930
f 8476/852/4932 8478/849/4933 8477/851/4934
f 8479/850/4935 8481/851/4934 8480/849/4933
f 8482/849/4933 8484/847/4936 8483/850/4935
f 8485/849/4933 8487/848/4937 8486/847/4936
f 8488/843/4938 8490/847/4939 8489/848/4937
f 8491/845/4940 8493/841/4941 8492/846/4938
f 8494/839/4942 8496/843/4938 8495/844/4941
f 8497/841/4943 8499/840/4944 8498/842/4942
f 8500/270/4945 8502/839/4942 8501/838/4944
f 8503/838/4944 8505/691/4946 8504/270/4945
f 8506/835/4947 8508/837/4945 8507/836/4946
f 8509/836/4946 8511/834/4948 8510/835/4947
f 8512/833/4949 8514/835/4947 8513/834/4950
f 8515/834/4950 8517/832/4951 8516/833/4952
f 8518/831/4953 8520/833/4952 8519/832/4954
f 8521/832/4954 8523/828/4955 8522/831/4956
f 8524/829/4957 8526/831/4958 8525/828/4955
f 8527/829/4957 8529/828/4955 8528/830/4959
f 8530/699/4960 8532/280/4959 8531/697/4955
f 8533/280/4959 8535/699/4961 8534/282/4962
f 8536/700/4963 8538/282/4962 8537/699/4961
f 8539/282/4962 8541/700/4963 8540/284/4964
f 8542/824/4965 8544/825/4964 8543/827/4963
f 8545/825/4964 8547/824/4965 8546/826/4966
f 8548/704/4967 8550/286/4966 8549/702/4968
f 8551/286/4966 8553/704/4969 8552/288/4970
f 8554/821/4971 8556/822/4970 8555/823/4969
f 8557/822/4970 8559/821/4972 8558/820/4973
f 8560/198/4974 8562/820/4975 8561/821/4972
f 8563/820/4973 8565/198/4976 8564/819/4977
f 8566/196/4978 8568/819/4977 8567/198/4974
f 8569/819/4977 8571/196/4978 8570/818/4979
f 8572/817/4980 8574/818/4981 8573/196/4978
f 8575/818/4981 8577/817/4980 8576/816/4982
f 8578/815/4983 8580/816/4982 8579/817/4980
f 8581/816/4982 8583/815/4983 8582/814/4984
f 8584/813/4985 8586/814/4984 8585/815/4983
f 8587/814/4984 8589/813/4986 8588/812/4987
f 8590/811/4988 8592/812/4989 8591/813/4990
f 8593/812/4987 8595/811/4991 8594/810/4992
f 8596/809/4993 8598/810/4992 8597/811/4991
f 8599/810/4992 8601/809/4993 8600/808/4994
f 8602/807/4995 8604/808/4994 8603/809/4993
f 8605/808/4994 8607/807/4995 8606/806/4996
f 8608/805/4997 8610/806/4998 8609/807/4995
f 8611/806/4998 8613/805/4997 8612/804/4999
f 8614/803/5000 8616/804/4999 8615/805/4997
f 8617/804/4999 8619/803/5000 8618/802/5001
f 8620/801/5002 8622/802/5003 8621/803/5004
f 8623/801/5005 8625/800/5006 8624/802/5003
f 8626/799/5007 8628/798/5008 8627/796/5009
f 8629/797/5010 8631/796/5011 8630/798/5012
f 8632/797/5013 8634/795/5014 8633/796/5015
f 8635/792/5016 8637/796/5015 8636/795/5014
f 8638/795/5014 8640/794/5017 8639/792/5018
f 8641/793/5019 8643/792/5018 8642/794/5017
f 8644/791/4916 8646/790/4917 8645/788/4918
f 8647/789/4919 8649/788/5020 8648/790/4921
f 8650/789/4919 8652/787/5021 8651/788/4920
f 8653/784/5022 8655/788/4920 8654/787/5021
f 8656/787/5021 8658/786/5023 8657/784/5022
f 8659/785/5024 8661/784/5022 8660/786/5025
f 8662/782/5026 8664/779/5027 8663/783/5028
f 8665/781/5029 8667/779/5027 8666/782/5030
f 8668/780/5031 8670/779/5027 8669/781/5032
f 8671/676/5033 8673/775/5034 8672/777/5035
f 8674/778/5036 8676/777/5037 8675/775/5034
f 8677/225/5036 8679/776/5034 8678/223/5038
f 8680/223/5039 8682/776/5040 8681/221/5041
f 8683/774/5042 8685/773/5043 8684/775/5040
f 8686/221/5041 8688/772/5042 8687/219/5044
f 8689/771/5045 8691/219/5046 8690/772/5042
f 8692/219/5047 8694/771/5045 8693/217/5048
f 8695/217/5048 8697/771/5049 8696/214/5050
f 8698/769/5051 8700/768/5050 8699/770/5052
f 8701/214/5053 8703/767/5054 8702/766/5055
f 8704/765/5056 8706/766/5055 8705/767/5054
f 8707/766/5057 8709/765/5058 8708/764/5059
f 8710/763/5060 8712/764/5061 8711/765/5062
f 8713/764/5059 8715/763/5060 8714/762/5063
f 8716/761/5064 8718/762/5065 8717/763/5060
f 8719/762/5066 8721/761/5067 8720/760/5068
f 8722/759/5069 8724/760/5068 8723/761/5064
f 8725/760/5070 8727/759/5071 8726/758/5072
f 8728/757/5073 8730/758/5074 8729/759/5071
f 8731/758/5074 8733/757/5073 8732/756/5075
f 8734/755/5076 8736/756/5075 8735/757/5077
f 8737/756/5075 8739/755/5078 8738/754/5079
f 8740/753/5080 8742/754/5081 8741/755/5078
f 8743/754/5081 8745/753/5080 8744/752/5082
f 8746/751/5083 8748/752/5082 8747/753/5084
f 8749/752/5082 8751/751/5083 8750/750/5085
f 8752/749/5086 8754/750/5087 8753/751/5088
f 8755/750/5085 8757/749/5086 8756/191/5089
f 8758/748/5090 8760/191/5089 8759/749/5086
f 8761/191/5089 8763/748/5090 8762/189/5091
f 8764/747/5092 8766/189/5091 8765/748/5090
f 8767/189/5093 8769/747/5092 8768/187/5094
f 8770/746/5095 8772/187/5094 8771/747/5092
f 8773/187/5094 8775/746/5095 8774/185/5096
f 8776/745/5097 8778/185/5096 8777/746/5095
f 8779/185/5098 8781/745/5097 8780/183/5099
f 8782/744/5100 8784/183/5099 8783/745/5097
f 8785/743/5099 8787/742/5101 8786/741/5102
f 8788/740/5103 8790/741/5102 8789/742/5104
f 8791/741/5105 8793/740/5106 8792/739/5107
f 8794/738/5108 8796/739/5107 8795/740/5109
f 8797/739/5110 8799/738/5108 8798/737/5111
f 8800/736/5112 8802/737/5111 8801/738/5108
f 8803/737/5111 8805/736/5113 8804/735/5114
f 8806/734/5115 8808/735/5114 8807/736/5113
f 8809/735/5114 8811/734/5116 8810/732/5117
f 8812/733/5118 8814/732/5119 8813/734/5116
f 8815/668/5120 8817/232/5121 8816/731/5120
f 8818/730/5122 8820/731/5123 8819/232/5121
f 8821/232/5121 8823/319/5124 8822/730/5125
f 8824/729/5126 8826/728/5127 8825/727/5128
f 8827/726/5129 8829/727/5130 8828/728/5127
f 8830/727/5128 8832/726/5129 8831/725/5131
f 8833/724/5132 8835/725/5131 8834/726/5129
f 8836/725/5131 8838/724/5133 8837/723/5134
f 8839/722/5135 8841/723/5134 8840/724/5133
f 8842/723/5136 8844/722/5135 8843/721/5137
f 8845/720/5138 8847/721/5139 8846/722/5135
f 8848/721/5137 8850/720/5140 8849/718/5141
f 8851/719/5142 8853/718/5141 8852/720/5140
f 8854/184/5143 8856/717/5144 8855/186/5145
f 8857/716/5146 8859/186/5145 8858/717/5144
f 8860/186/5147 8862/716/5148 8861/188/5149
f 8863/715/5150 8865/188/5149 8864/716/5148
f 8866/188/5151 8868/715/5152 8867/190/5153
f 8869/714/5154 8871/190/5153 8870/715/5150
f 8872/190/5153 8874/714/5154 8873/713/5155
f 8875/712/5156 8877/713/5157 8876/714/5158
f 8878/713/5159 8880/712/5159 8879/711/5160
f 8881/710/5161 8883/711/5162 8882/712/5163
f 8884/711/5162 8886/710/5164 8885/709/5165
f 8887/708/5166 8889/709/5165 8888/710/5164
f 8890/709/5165 8892/708/5167 8891/707/5168
f 8893/706/5169 8895/707/5170 8894/708/5171
f 8896/707/5172 8898/706/5172 8897/705/5173
f 8899/704/5174 8901/705/5173 8900/706/5175
f 8902/705/5173 8904/704/5174 8903/703/5176
f 8905/702/5177 8907/703/5176 8906/704/5178
f 8908/703/5176 8910/702/5177 8909/701/5179
f 8911/700/5180 8913/701/5179 8912/702/5181
f 8914/701/5179 8916/700/5180 8915/698/5182
f 8917/699/5183 8919/698/5182 8918/700/5180
f 8920/699/5183 8922/697/5184 8921/698/5182
f 8923/696/5185 8925/698/5186 8924/697/5184
f 8926/697/5187 8928/695/5188 8927/696/5185
f 8929/216/5189 8931/696/5190 8930/695/5188
f 8932/695/5188 8934/694/5191 8933/216/5189
f 8935/215/5192 8937/216/5189 8936/694/5193
f 8938/692/5194 8940/690/5195 8939/693/5192
f 8941/218/5196 8943/215/5192 8942/691/5195
f 8944/690/5195 8946/688/5197 8945/689/5198
f 8947/687/5199 8949/689/5198 8948/688/5197
f 8950/688/5197 8952/686/5200 8951/687/5201
f 8953/685/5202 8955/687/5199 8954/686/5200
f 8956/686/5203 8958/684/5204 8957/685/5202
f 8959/683/5205 8961/685/5202 8960/684/5204
f 8962/684/5206 8964/682/5207 8963/683/5208
f 8965/680/5209 8967/683/5208 8966/682/5207
f 8968/682/5210 8970/248/5211 8969/680/5212
f 8971/681/5213 8973/680/5212 8972/248/5214
f 8974/252/5215 8976/247/5216 8975/678/5217
f 8977/678/5218 8979/247/5219 8978/679/5220
f 8980/677/5221 8982/676/5221 8981/249/5222
f 8983/247/5223 8985/245/5224 8984/675/5225
f 8986/674/5226 8988/675/5227 8987/245/5228
f 8989/674/5229 8991/245/5228 8990/673/5230
f 8992/243/5231 8994/673/5232 8993/245/5224
f 8995/673/5230 8997/243/5231 8996/672/5233
f 8998/241/5234 9000/672/5233 8999/243/5231
f 9001/672/5233 9003/241/5234 9002/671/5235
f 9004/239/5236 9006/671/5235 9005/241/5234
f 9007/671/5235 9009/239/5236 9008/670/5237
f 9010/237/5238 9012/670/5237 9011/239/5236
f 9013/670/5237 9015/237/5238 9014/669/5239
f 9016/235/5240 9018/669/5239 9017/237/5238
f 9019/235/5240 9021/232/5241 9020/669/5239
f 9022/667/5242 9024/669/5243 9023/232/5244
f 9025/667/5242 9027/232/5244 9026/668/5245
f 9028/666/5246 9030/665/5247 9029/663/5248
f 9031/664/5249 9033/663/5248 9032/665/5247
f 9034/664/5249 9036/662/5250 9035/663/5248
f 9037/659/5251 9039/663/5248 9038/662/5250
f 9040/662/5250 9042/661/5252 9041/659/5253
f 9043/660/5254 9045/659/5251 9044/661/5255
f 9046/657/5256 9048/654/5257 9047/658/5258
f 9049/656/5259 9051/654/5257 9050/657/5256
f 9052/655/5260 9054/654/5261 9053/656/5259
f 9055/653/5262 9057/649/5263 9056/652/5264
f 9058/652/5264 9060/649/5263 9059/650/5265
f 9061/650/5265 9063/649/5266 9062/651/5267
f 9064/648/5268 9066/647/5269 9065/645/5270
f 9067/646/5271 9069/645/5270 9068/647/5272
f 9070/646/5273 9072/644/5274 9071/645/5270
f 9073/641/5275 9075/645/5270 9074/644/5274
f 9076/644/5274 9078/643/5276 9077/641/5277
f 9079/642/5254 9081/641/5275 9080/643/5276
f 9082/640/5278 9084/639/5279 9083/637/5280
f 9085/638/5281 9087/637/5280 9086/639/5279
f 9088/638/5282 9090/636/5283 9089/637/5280
f 9091/633/5284 9093/637/5285 9092/636/5283
f 9094/636/5283 9096/635/5286 9095/633/5284
f 9097/634/5287 9099/633/5288 9098/635/5289
f 9100/632/5290 9102/631/5291 9101/629/5292
f 9103/630/5293 9105/629/5292 9104/631/5291
f 9106/630/5294 9108/628/5295 9107/629/5292
f 9109/625/5296 9111/629/5292 9110/628/5297
f 9112/628/5297 9114/627/5298 9113/625/5299
f 9115/626/5300 9117/625/5301 9116/627/5302
f 9118/623/5303 9120/620/5304 9119/624/5305
f 9121/622/5306 9123/620/5304 9122/623/5303
f 9124/621/5307 9126/620/5308 9125/622/5306
f 9127/619/5309 9129/615/5310 9128/618/5311
f 9130/618/5312 9132/615/5310 9131/616/5313
f 9133/616/5313 9135/615/5310 9134/617/5314
f 9136/614/5315 9138/610/5316 9137/613/5317
f 9139/613/5317 9141/610/5316 9140/611/5318
f 9142/611/5318 9144/610/5316 9143/612/5319
f 9145/609/5320 9147/608/5321 9146/606/5322
f 9148/607/5323 9150/606/5322 9149/608/5321
f 9151/607/5324 9153/605/5325 9152/606/5322
f 9154/602/5326 9156/606/5322 9155/605/5327
f 9157/605/5328 9159/604/5329 9158/602/5330
f 9160/603/5331 9162/602/5330 9161/604/5329
f 9163/600/5332 9165/597/5333 9164/601/5334
f 9166/599/5335 9168/597/5336 9167/600/5332
f 9169/598/5337 9171/597/5333 9170/599/5338
f 9172/596/5339 9174/595/5340 9173/593/5341
f 9175/594/5342 9177/593/5341 9176/595/5340
f 9178/594/5342 9180/592/5343 9179/593/5344
f 9181/589/5345 9183/593/5341 9182/592/5346
f 9184/592/5343 9186/591/5347 9185/589/5345
f 9187/590/5348 9189/589/5349 9188/591/5350
f 9190/588/5351 9192/584/5352 9191/587/5353
f 9193/587/5353 9195/584/5352 9194/585/5354
f 9196/585/5355 9198/584/5352 9197/586/5356
f 9199/583/5357 9201/582/5358 9200/580/5359
f 9202/581/5360 9204/580/5359 9203/582/5358
f 9205/581/5360 9207/579/5361 9206/580/5362
f 9208/576/5363 9210/580/5362 9209/579/5361
f 9211/579/5364 9213/578/5365 9212/576/5363
f 9214/577/5366 9216/576/5363 9215/578/5365
f 9217/574/5367 9219/571/5368 9218/575/5369
f 9220/573/5370 9222/571/5368 9221/574/5371
f 9223/572/5372 9225/571/5368 9224/573/5370
f 9226/570/5373 9228/569/5374 9227/567/5375
f 9229/568/5376 9231/567/5375 9230/569/5374
f 9232/568/5377 9234/566/5378 9233/567/5375
f 9235/563/5379 9237/567/5375 9236/566/5378
f 9238/566/5378 9240/565/5380 9239/563/5379
f 9241/564/5381 9243/563/5379 9242/565/5380
f 9244/561/5382 9246/558/5383 9245/562/5384
f 9247/560/5385 9249/558/5383 9248/561/5382
f 9250/559/5386 9252/558/5383 9251/560/5385
f 9253/557/5387 9255/556/5388 9254/554/5389
f 9256/555/5390 9258/554/5391 9257/556/5388
f 9259/555/5390 9261/553/5392 9260/554/5391
f 9262/550/5393 9264/554/5391 9263/553/5392
f 9265/553/5394 9267/552/5395 9266/550/5393
f 9268/551/5396 9270/550/5393 9269/552/5395
f 9271/548/5397 9273/545/5398 9272/549/5399
f 9274/547/5400 9276/545/5401 9275/548/5397
f 9277/546/5402 9279/545/5403 9278/547/5400
f 9280/544/5404 9282/543/5405 9281/541/5406
f 9283/542/5407 9285/541/5406 9284/543/5405
f 9286/542/5408 9288/540/5409 9287/541/5406
f 9289/537/5410 9291/541/5411 9290/540/5409
f 9292/540/5412 9294/539/5413 9293/537/5410
f 9295/538/5414 9297/537/5415 9296/539/5413
f 9298/535/5416 9300/532/5417 9299/536/5418
f 9301/534/5419 9303/532/5417 9302/535/5420
f 9304/533/5421 9306/532/5417 9305/534/5422
f 9307/531/5423 9309/530/5424 9308/528/5425
f 9310/529/5426 9312/528/5425 9311/530/5424
f 9313/529/5426 9315/527/5427 9314/528/5425
f 9316/524/5428 9318/528/5425 9317/527/5427
f 9319/527/5429 9321/526/5430 9320/524/5428
f 9322/525/5431 9324/524/5428 9323/526/5432
f 9325/522/5433 9327/519/5434 9326/523/5435
f 9328/521/5436 9330/519/5434 9329/522/5437
f 9331/520/5438 9333/519/5439 9332/521/5436
f 9334/518/5440 9336/517/5441 9335/515/5442
f 9337/516/5443 9339/515/5442 9338/517/5444
f 9340/516/5443 9342/514/5445 9341/515/5442
f 9343/511/5446 9345/515/5442 9344/514/5445
f 9346/514/5445 9348/513/5447 9347/511/5446
f 9349/512/5448 9351/511/5446 9350/513/5447
f 9352/509/5449 9354/506/5450 9353/510/5451
f 9355/508/5452 9357/506/5450 9356/509/5449
f 9358/507/5453 9360/506/5450 9359/508/5454
f 9361/505/5455 9363/504/5456 9362/502/5457
f 9364/503/5458 9366/502/5457 9365/504/5459
f 9367/503/5458 9369/498/5460 9368/502/5457
f 9370/500/5461 9372/502/5457 9371/498/5460
f 9373/498/5460 9375/499/5462 9374/500/5461
f 9376/501/5463 9378/500/5461 9377/499/5464
f 9379/498/5465 9381/497/5466 9380/499/5467
f 9382/495/5468 9384/493/5469 9383/496/5465
f 9385/494/5470 9387/493/5469 9386/495/5468
f 9388/492/5471 9390/485/5472 9389/491/5473
f 9391/486/5474 9393/491/5473 9392/485/5475
f 9394/486/5474 9396/487/5476 9395/491/5477
f 9397/490/5478 9399/491/5477 9398/487/5476
f 9400/487/5476 9402/488/5479 9401/490/5480
f 9403/125/5481 9405/124/5480 9404/489/5479
f 9406/487/5482 9408/484/5483 9407/488/5484
f 9409/486/5485 9411/484/5486 9410/487/5482
f 9412/485/5487 9414/484/5486 9413/486/5488
f 9415/483/5489 9417/476/5490 9416/482/5491
f 9418/477/5492 9420/482/5491 9419/476/5493
f 9421/477/5494 9423/478/5495 9422/482/5491
f 9424/93/5496 9426/94/5497 9425/481/5498
f 9427/481/5499 9429/480/5500 9428/93/5496
f 9430/95/5501 9432/93/5496 9431/480/5502
f 9433/478/5503 9435/475/5504 9434/479/5505
f 9436/477/5506 9438/475/5504 9437/478/5507
f 9439/476/5508 9441/475/5504 9440/477/5509
f 9442/404/5510 9444/405/5511 9443/474/5512
f 9445/473/5513 9447/474/5512 9446/405/5511
f 9448/474/5514 9450/473/5515 9449/472/5516
f 9451/471/5517 9453/472/5516 9452/473/5515
f 9454/472/5516 9456/471/5518 9455/345/5519
f 9457/470/5520 9459/345/5521 9458/471/5518
f 9460/345/5519 9462/470/5520 9461/343/5522
f 9463/469/5523 9465/343/5524 9464/470/5520
f 9466/343/5524 9468/469/5523 9467/341/5525
f 9469/468/5526 9471/341/5525 9470/469/5523
f 9472/341/5525 9474/468/5526 9473/339/5527
f 9475/467/5528 9477/339/5529 9476/468/5526
f 9478/339/5529 9480/467/5528 9479/337/5530
f 9481/466/5531 9483/337/5532 9482/467/5528
f 9484/337/5530 9486/466/5531 9485/334/5533
f 9487/465/5534 9489/334/5535 9488/466/5531
f 9490/334/5535 9492/465/5534 9491/464/5536
f 9493/463/5537 9495/464/5538 9494/465/5534
f 9496/464/5539 9498/463/5540 9497/461/5541
f 9499/462/5542 9501/461/5543 9500/463/5537
f 9502/460/5544 9504/459/5545 9503/458/5545
f 9505/457/5546 9507/458/5545 9506/459/5545
f 9508/458/5547 9510/457/5548 9509/434/5549
f 9511/433/5550 9513/434/5549 9512/457/5548
f 9514/353/5551 9516/354/5552 9515/456/5553
f 9517/455/5554 9519/456/5555 9518/354/5552
f 9520/456/5553 9522/455/5554 9521/454/5556
f 9523/453/5557 9525/454/5556 9524/455/5554
f 9526/454/5556 9528/453/5558 9527/452/5559
f 9529/451/5560 9531/452/5561 9530/453/5558
f 9532/452/5559 9534/451/5560 9533/450/5562
f 9535/344/5563 9537/450/5562 9536/451/5560
f 9538/450/5562 9540/344/5564 9539/449/5565
f 9541/342/5566 9543/449/5565 9542/344/5564
f 9544/449/5565 9546/342/5567 9545/448/5568
f 9547/340/5569 9549/448/5568 9548/342/5570
f 9550/448/5568 9552/340/5569 9551/447/5571
f 9553/338/5572 9555/447/5573 9554/340/5569
f 9556/447/5574 9558/338/5572 9557/446/5575
f 9559/335/5576 9561/446/5575 9560/338/5572
f 9562/446/5575 9564/335/5576 9563/445/5577
f 9565/336/5578 9567/445/5577 9566/335/5576
f 9568/445/5579 9570/336/5580 9569/443/5581
f 9571/444/5582 9573/443/5583 9572/336/5580
f 9574/442/5584 9576/441/5585 9575/440/5585
f 9577/439/5586 9579/440/5587 9578/441/5585
f 9580/440/5588 9582/439/5589 9581/438/5590
f 9583/437/5591 9585/438/5592 9584/439/5593
f 9586/438/5594 9588/437/5591 9587/436/5595
f 9589/435/5596 9591/436/5597 9590/437/5591
f 9592/436/5595 9594/435/5598 9593/432/5599
f 9595/431/5600 9597/432/5601 9596/435/5598
f 9598/434/5549 9600/433/5602 9599/430/5603
f 9601/429/5604 9603/430/5605 9602/433/5602
f 9604/432/5599 9606/431/5606 9605/427/5607
f 9607/424/5608 9609/427/5607 9608/431/5606
f 9610/430/5605 9612/429/5609 9611/428/5610
f 9613/426/5611 9615/428/5610 9614/429/5604
f 9616/428/5610 9618/426/5611 9617/424/5612
f 9619/427/5613 9621/424/5608 9620/425/5614
f 9622/423/5615 9624/424/5608 9623/426/5611
f 9625/424/5608 9627/423/5615 9626/425/5614
f 9628/421/5614 9630/422/5615 9629/420/5616
f 9631/421/5614 9633/420/5617 9632/419/5618
f 9634/418/5619 9636/419/5618 9635/420/5617
f 9637/419/5620 9639/418/5619 9638/417/5621
f 9640/416/5622 9642/417/5623 9641/418/5619
f 9643/417/5621 9645/416/5624 9644/415/5625
f 9646/414/5626 9648/415/5625 9647/416/5627
f 9649/415/5625 9651/414/5626 9650/413/5628
f 9652/412/5629 9654/413/5628 9653/414/5626
f 9655/413/5630 9657/412/5631 9656/411/5632
f 9658/410/5633 9660/411/5632 9659/412/5631
f 9661/411/5632 9663/410/5633 9662/409/5634
f 9664/408/5635 9666/409/5636 9665/410/5633
f 9667/409/5636 9669/408/5635 9668/407/5637
f 9670/406/5638 9672/407/5639 9671/408/5635
f 9673/407/5639 9675/406/5638 9674/395/5640
f 9676/394/5641 9678/395/5642 9677/406/5638
f 9679/405/5511 9681/404/5510 9680/403/5643
f 9682/402/5644 9684/403/5643 9683/404/5510
f 9685/403/5645 9687/402/5644 9686/400/5646
f 9688/401/5647 9690/400/5646 9689/402/5648
f 9691/399/5649 9693/398/5650 9692/397/5651
f 9694/396/5652 9696/397/5653 9695/398/5650
f 9697/397/5653 9699/396/5652 9698/393/5654
f 9700/392/5655 9702/393/5654 9701/396/5652
f 9703/395/5642 9705/394/5656 9704/390/5657
f 9706/389/5658 9708/390/5657 9707/394/5641
f 9709/393/5654 9711/392/5655 9710/391/5659
f 9712/388/5660 9714/391/5659 9713/392/5655
f 9715/391/5659 9717/388/5660 9716/385/5661
f 9718/390/5657 9720/389/5658 9719/387/5662
f 9721/386/5663 9723/387/5662 9722/389/5658
f 9724/382/5664 9726/385/5661 9725/388/5660
f 9727/387/5665 9729/386/5663 9728/384/5666
f 9730/383/5667 9732/384/5666 9731/386/5663
f 9733/385/5668 9735/382/5664 9734/380/5669
f 9736/384/5670 9738/383/5671 9737/375/5672
f 9739/381/5673 9741/375/5674 9740/383/5675
f 9742/379/5676 9744/380/5677 9743/382/5664
f 9745/375/5678 9747/381/5679 9746/376/5680
f 9748/380/5669 9750/379/5676 9749/377/5681
f 9751/378/5682 9753/377/5680 9752/379/5676
f 9754/373/5683 9756/375/5678 9755/376/5684
f 9757/374/5685 9759/375/5678 9758/373/5686
f 9760/373/5686 9762/372/5687 9761/374/5685
f 9763/369/5688 9765/371/5689 9764/370/5690
f 9766/370/5691 9768/368/5692 9767/369/5688
f 9769/367/5693 9771/369/5694 9770/368/5692
f 9772/368/5695 9774/366/5696 9773/367/5697
f 9775/365/5698 9777/367/5697 9776/366/5696
f 9778/366/5696 9780/364/5699 9779/365/5698
f 9781/363/5700 9783/365/5698 9782/364/5699
f 9784/364/5699 9786/362/5701 9785/363/5702
f 9787/359/5703 9789/363/5700 9788/362/5704
f 9790/362/5701 9792/361/5705 9791/359/5706
f 9793/360/5707 9795/359/5708 9794/361/5709
f 9796/358/5710 9798/357/5711 9797/356/5712
f 9799/355/5713 9801/356/5712 9800/357/5714
f 9802/356/5712 9804/355/5713 9803/353/5715
f 9805/354/5552 9807/353/5551 9806/355/5716
f 9808/47/5717 9810/48/5718 9809/352/5719
f 9811/351/5720 9813/352/5719 9812/48/5718
f 9814/352/5719 9816/351/5720 9815/350/5721
f 9817/349/5722 9819/350/5721 9818/351/5720
f 9820/350/5721 9822/349/5722 9821/347/5723
f 9823/346/5724 9825/347/5725 9824/349/5722
f 9826/347/5723 9828/346/5726 9827/348/5727
f 9829/343/5728 9831/344/5729 9830/345/5726
f 9832/344/5727 9834/343/5730 9833/342/5731
f 9835/341/5732 9837/342/5733 9836/343/5728
f 9838/342/5733 9840/341/5732 9839/340/5734
f 9841/339/5735 9843/340/5734 9842/341/5732
f 9844/340/5734 9846/339/5735 9845/338/5736
f 9847/337/5737 9849/338/5736 9848/339/5738
f 9850/338/5739 9852/337/5737 9851/335/5740
f 9853/334/5741 9855/335/5740 9854/337/5742
f 9856/335/5740 9858/334/5743 9857/336/5744
f 9859/331/5745 9861/332/5744 9860/333/5743
f 9862/332/5744 9864/331/5745 9863/330/5746
f 9865/329/5747 9867/330/5748 9866/331/5745
f 9868/330/5748 9870/329/5747 9869/328/5749
f 9871/327/5750 9873/328/5751 9872/329/5747
f 9874/328/5749 9876/327/5750 9875/326/5752
f 9877/325/5753 9879/326/5752 9878/327/5754
f 9880/326/5752 9882/325/5753 9881/324/5755
f 9883/323/5756 9885/324/5755 9884/325/5753
f 9886/324/5757 9888/323/5758 9887/322/5759
f 9889/321/5760 9891/322/5761 9890/323/5758
f 9892/321/5760 9894/320/5762 9893/322/5761
f 9895/233/5763 9897/318/5764 9896/232/5765
f 9898/319/5766 9900/232/5121 9899/318/5767
f 9901/319/5124 9903/318/5764 9902/316/5768
f 9904/317/5769 9906/316/5770 9905/318/5767
f 9907/315/5771 9909/314/5772 9908/312/5773
f 9910/313/5774 9912/312/5775 9911/314/5772
f 9913/312/5773 9915/313/5774 9914/311/5776
f 9916/312/5777 9918/311/5778 9917/310/5779
f 9919/309/5780 9921/310/5779 9920/311/5778
f 9922/310/5779 9924/309/5780 9923/308/5781
f 9925/307/5782 9927/308/5781 9926/309/5780
f 9928/308/5783 9930/307/5784 9929/306/5785
f 9931/303/5786 9933/306/5787 9932/307/5788
f 9934/305/5789 9936/304/5790 9935/300/5791
f 9937/302/5792 9939/301/5790 9938/303/5793
f 9940/300/5794 9942/299/5795 9941/298/5796
f 9943/297/5797 9945/298/5796 9944/299/5798
f 9946/298/5799 9948/297/5800 9947/296/5801
f 9949/295/5802 9951/296/5801 9950/297/5800
f 9952/296/5801 9954/295/5802 9953/294/5803
f 9955/293/5804 9957/294/5803 9956/295/5805
f 9958/294/5803 9960/293/5804 9959/292/5806
f 9961/291/5807 9963/292/5808 9962/293/5804
f 9964/292/5806 9966/291/5809 9965/290/5810
f 9967/289/5811 9969/290/5810 9968/291/5807
f 9970/290/5812 9972/289/5811 9971/288/5813
f 9973/287/5814 9975/288/5813 9974/289/5811
f 9976/288/5813 9978/287/5814 9977/286/5815
f 9979/285/5816 9981/286/5817 9980/287/5818
f 9982/286/5817 9984/285/5816 9983/284/5819
f 9985/283/5820 9987/284/5819 9986/285/5816
f 9988/284/5819 9990/283/5820 9989/282/5821
f 9991/281/5822 9993/282/5821 9992/283/5820
f 9994/282/5821 9996/281/5822 9995/280/5823
f 9997/279/5824 9999/280/5825 9998/281/5826
f 10000/280/5823 10002/279/5824 10001/277/5827
f 10003/278/5828 10005/277/5827 10004/279/5824
f 10006/278/5829 10008/276/5830 10007/277/5831
f 10009/275/5832 10011/277/5827 10010/276/5830
f 10012/276/5830 10014/274/5833 10013/275/5832
f 10015/273/5834 10017/275/5832 10016/274/5833
f 10018/274/5833 10020/272/5835 10019/273/5834
f 10021/269/5836 10023/273/5837 10022/272/5835
f 10024/272/5835 10026/271/5838 10025/269/5839
f 10027/270/5840 10029/269/5839 10028/271/5838
f 10030/268/5838 10032/266/5841 10031/267/5842
f 10033/265/5843 10035/267/5842 10034/266/5841
f 10036/266/5841 10038/264/5844 10037/265/5843
f 10039/263/5845 10041/265/5843 10040/264/5844
f 10042/264/5844 10044/262/5846 10043/263/5847
f 10045/260/5848 10047/263/5845 10046/262/5846
f 10048/262/5849 10050/261/5850 10049/260/5851
f 10051/255/5852 10053/260/5848 10052/261/5850
f 10054/258/5853 10056/254/5854 10055/259/5853
f 10057/256/5855 10059/255/5852 10058/257/5855
f 10060/251/5856 10062/254/5854 10061/253/5857
f 10063/253/5858 10065/246/5859 10064/251/5856
f 10066/252/5860 10068/251/5856 10067/246/5861
f 10069/249/5862 10071/248/5215 10070/250/5863
f 10072/247/5864 10074/246/5859 10073/245/5224
f 10075/244/5865 10077/245/5224 10076/246/5859
f 10078/245/5224 10080/244/5866 10079/243/5867
f 10081/242/5868 10083/243/5867 10082/244/5866
f 10084/243/5867 10086/242/5868 10085/241/5234
f 10087/240/5869 10089/241/5234 10088/242/5868
f 10090/241/5234 10092/240/5869 10091/239/5236
f 10093/238/5870 10095/239/5236 10094/240/5871
f 10096/239/5236 10098/238/5870 10097/237/5238
f 10099/236/5872 10101/237/5873 10100/238/5870
f 10102/237/5238 10104/236/5872 10103/235/5240
f 10105/234/5874 10107/235/5240 10106/236/5872
f 10108/235/5240 10110/234/5874 10109/232/5875
f 10111/233/5763 10113/232/5244 10112/234/5876
f 10114/231/5877 10116/227/5878 10115/230/5879
f 10117/230/5880 10119/227/5881 10118/228/5882
f 10120/228/5882 10122/227/5881 10121/229/5883
f 10123/5/5884 10125/6/5885 10124/226/5886
f 10126/225/5887 10128/226/5886 10127/6/5888
f 10129/226/5886 10131/225/5887 10130/224/5889
f 10132/223/5890 10134/224/5889 10133/225/5891
f 10135/224/5889 10137/223/5892 10136/222/5893
f 10138/221/5894 10140/222/5893 10139/223/5890
f 10141/222/5893 10143/221/5894 10142/220/5895
f 10144/219/5896 10146/220/5897 10145/221/5898
f 10147/220/5897 10149/219/5896 10148/218/5899
f 10150/217/5900 10152/218/5899 10151/219/5896
f 10153/218/5901 10155/217/5900 10154/215/5902
f 10156/214/5903 10158/215/5902 10157/217/5904
f 10159/215/5902 10161/214/5905 10160/216/5906
f 10162/211/5907 10164/212/5906 10163/213/5903
f 10165/212/5906 10167/211/5907 10166/210/5908
f 10168/209/5909 10170/210/5908 10169/211/5907
f 10171/210/5908 10173/209/5909 10172/208/5910
f 10174/207/5911 10176/208/5910 10175/209/5909
f 10177/208/5910 10179/207/5912 10178/206/5913
f 10180/205/5914 10182/206/5913 10181/207/5911
f 10183/206/5913 10185/205/5915 10184/204/5916
f 10186/203/5917 10188/204/5916 10187/205/5915
f 10189/204/5916 10191/203/5918 10190/202/5919
f 10192/201/5920 10194/202/5919 10193/203/5918
f 10195/202/5919 10197/201/5920 10196/200/5921
f 10198/199/5922 10200/200/5921 10199/201/5920
f 10201/200/5921 10203/199/5923 10202/198/5924
f 10204/197/5925 10206/198/5924 10205/199/5922
f 10207/198/5924 10209/197/5925 10208/196/5926
f 10210/195/5927 10212/196/5928 10211/197/5925
f 10213/196/5928 10215/195/5927 10214/193/5929
f 10216/192/5930 10218/193/5929 10217/195/5927
f 10219/193/5931 10221/192/5930 10220/194/5932
f 10222/189/5933 10224/190/5934 10223/191/5930
f 10225/190/5935 10227/189/5936 10226/188/5937
f 10228/187/5938 10230/188/5937 10229/189/5933
f 10231/188/5937 10233/187/5939 10232/186/5940
f 10234/185/5941 10236/186/5942 10235/187/5943
f 10237/186/5944 10239/185/5945 10238/184/5946
f 10240/183/5947 10242/184/5948 10241/185/5949
f 10243/184/5950 10245/183/5947 10244/181/5951
f 10246/182/5952 10248/181/5951 10247/183/5947
f 10249/180/5953 10251/179/5952 10250/178/5954
f 10252/177/5955 10254/178/5954 10253/179/5956
f 10255/178/5954 10257/177/5957 10256/176/5958
f 10258/175/5959 10260/176/5958 10259/177/5957
f 10261/176/5958 10263/175/5959 10262/174/5960
f 10264/173/5961 10266/174/5960 10265/175/5962
f 10267/174/5963 10269/173/5964 10268/171/5965
f 10270/172/5966 10272/171/5965 10271/173/5964
f 10273/170/5967 10275/167/5968 10274/169/5969
f 10276/169/5969 10278/167/5970 10277/168/5971
f 10279/167/5970 10281/166/5972 10280/168/5971
f 10282/165/5973 10284/162/5974 10283/164/5975
f 10285/164/5975 10287/162/5974 10286/163/5976
f 10288/162/5974 10290/161/5977 10289/163/5976
f 10291/160/5978 10293/157/5979 10292/159/5980
f 10294/159/5980 10296/157/5979 10295/158/5981
f 10297/157/5982 10299/156/5983 10298/158/5981
f 10300/155/5984 10302/152/5985 10301/154/5986
f 10303/154/5986 10305/152/5987 10304/153/5988
f 10306/152/5985 10308/151/5989 10307/153/5988
f 10309/150/5990 10311/147/5991 10310/149/5992
f 10312/149/5992 10314/147/5993 10313/148/5994
f 10315/147/5993 10317/146/5995 10316/148/5996
f 10318/145/5997 10320/142/5998 10319/144/5999
f 10321/144/6000 10323/142/5998 10322/143/6001
f 10324/142/6002 10326/141/6003 10325/143/6001
f 10327/140/6004 10329/137/6005 10328/139/6006
f 10330/139/5999 10332/137/6005 10331/138/6007
f 10333/137/6005 10335/136/6008 10334/138/6007
f 10336/135/6009 10338/132/6010 10337/134/6011
f 10339/134/6011 10341/132/6012 10340/133/6013
f 10342/132/6010 10344/131/6014 10343/133/6013
f 10345/130/6015 10347/127/6016 10346/129/6017
f 10348/129/6017 10350/127/6016 10349/128/6018
f 10351/127/6019 10353/126/6020 10352/128/6018
f 10354/125/6021 10356/122/6022 10355/124/6023
f 10357/124/6024 10359/122/6022 10358/123/6025
f 10360/122/6022 10362/121/6026 10361/123/6027
f 10363/120/6028 10365/117/6029 10364/119/6030
f 10366/119/6030 10368/117/6029 10367/118/6031
f 10369/117/6029 10371/116/6032 10370/118/6033
f 10372/115/6034 10374/112/6035 10373/114/6036
f 10375/114/6037 10377/112/6038 10376/113/6039
f 10378/112/6038 10380/111/6040 10379/113/6041
f 10381/110/6042 10383/107/6043 10382/109/6044
f 10384/109/6044 10386/107/6043 10385/108/6045
f 10387/107/6046 10389/106/6047 10388/108/6045
f 10390/105/6042 10392/102/6048 10391/104/6049
f 10393/104/6049 10395/102/6048 10394/103/6050
f 10396/102/6051 10398/101/6052 10397/103/6053
f 10399/100/6054 10401/97/6055 10400/99/6056
f 10402/99/6056 10404/97/6057 10403/98/6058
f 10405/97/6055 10407/96/6059 10406/98/6060
f 10408/95/6061 10410/92/6062 10409/93/6063
f 10411/93/6063 10413/92/6062 10412/94/6064
f 10414/90/6062 10416/89/6065 10415/91/6066
f 10417/88/6067 10419/85/6068 10418/87/6069
f 10420/87/6070 10422/85/6068 10421/86/6071
f 10423/85/6072 10425/84/6073 10424/86/6074
f 10426/83/6075 10428/80/6076 10427/82/6077
f 10429/82/6077 10431/80/6076 10430/81/6078
f 10432/80/6076 10434/79/6079 10433/81/6078
f 10435/78/6080 10437/75/6081 10436/77/6082
f 10438/77/6083 10440/75/6084 10439/76/6085
f 10441/75/6084 10443/74/6086 10442/76/6087
f 10444/73/6088 10446/70/6089 10445/72/6090
f 10447/72/6091 10449/70/6089 10448/71/6092
f 10450/70/6089 10452/69/6093 10451/71/6092
f 10453/68/6094 10455/65/6095 10454/67/6096
f 10456/67/6096 10458/65/6095 10457/66/6097
f 10459/65/6095 10461/64/6098 10460/66/6097
f 10462/63/6099 10464/60/6100 10463/62/6101
f 10465/62/6101 10467/60/6100 10466/61/6102
f 10468/60/6103 10470/59/6104 10469/61/6102
f 10471/58/6105 10473/55/6106 10472/57/6107
f 10474/57/6107 10476/55/6106 10475/56/6108
f 10477/55/6106 10479/54/6109 10478/56/6108
f 10480/53/6110 10482/50/6111 10481/52/6112
f 10483/52/6113 10485/50/6111 10484/51/6114
f 10486/50/6115 10488/49/6116 10487/51/6117
f 10489/48/5718 10491/47/5717 10490/46/6118
f 10492/45/6119 10494/46/6118 10493/47/5717
f 10495/46/6118 10497/45/6119 10496/44/6120
f 10498/43/6121 10500/44/6122 10499/45/6119
f 10501/44/6120 10503/43/6121 10502/42/6123
f 10504/41/6124 10506/42/6123 10505/43/6125
f 10507/42/6123 10509/41/6124 10508/40/6126
f 10510/39/6127 10512/40/6126 10511/41/6124
f 10513/40/6126 10515/39/6127 10514/38/6128
f 10516/37/6129 10518/38/6130 10517/39/6127
f 10519/38/6131 10521/37/6129 10520/36/6132
f 10522/35/6133 10524/36/6134 10523/37/6135
f 10525/36/6136 10527/35/6133 10526/33/6137
f 10528/32/6138 10530/33/6137 10529/35/6133
f 10531/33/6137 10533/32/6139 10532/34/6140
f 10534/31/6141 10536/28/6142 10535/30/6143
f 10537/30/6143 10539/28/6144 10538/29/6145
f 10540/28/6144 10542/27/6146 10541/29/6145
f 10543/26/6147 10545/23/6148 10544/25/6149
f 10546/25/6149 10548/23/6148 10547/24/6150
f 10549/23/6148 10551/22/6151 10550/24/6150
f 10552/21/6152 10554/18/6153 10553/20/6154
f 10555/20/6155 10557/18/6153 10556/19/6156
f 10558/18/6157 10560/17/6158 10559/19/6159
f 10561/16/6160 10563/13/6161 10562/15/6162
f 10564/15/6162 10566/13/6163 10565/14/6164
f 10567/13/6163 10569/12/6165 10568/14/6164
f 10570/11/6166 10572/8/6167 10571/10/6168
f 10573/10/6168 10575/8/6169 10574/9/6170
f 10576/8/6169 10578/7/6171 10577/9/6170
f 10579/5/6172 10581/4/6172 10580/6/6172
f 10582/2/6173 10584/1/6173 10583/3/6173
